GaiaDR3_ID,age_Myr,prot_lit,prot_tars,BPRP0,BPRP0_err,G0,G0_err,parallax,parallax_error,MG
1000423609817438592,,,,0.7772028173339885,0.0141525932750318,9.248097929725224,0.0100018995717592,9.65342239283923,0.019933587,4.171004808164877
1003351437484254464,11480.0,,,1.4823031,0.0141580078699562,8.119934,0.0100027228471966,59.424249482578375,0.024761679,6.98976568942085
1004358968092652544,,,,1.1062875,0.0143304539435527,5.609718,0.0100080405085504,18.251306854179408,0.048567656,1.9151000708686068
1008018211509401728,1350.0,,,1.1684129017579474,0.0141658144508964,6.150269794157435,0.0100020723604547,8.618245756784368,0.019809095,0.8277984814921702
101040381244467968,690.0,,,1.172967686297698,0.0162370177506529,6.200277047914972,0.0112987402683015,7.1459366254238725,0.02112961,0.4703990815228787
1011435012611767552,3100.0,,,0.7366253197093483,0.0141504359740959,8.859570536442314,0.0100044905588001,10.10308178659593,0.023471216,3.8812867974884178
1014520826353577088,,,,0.8529642592840943,0.0143650980560093,10.39875472512143,0.0101386014849773,4.104194384384677,0.018553635,3.464936977497951
1019003226022657920,,,,0.9008322,0.0141488416639564,8.828991,0.0100013042841306,15.17412590928666,0.016966274,4.7339573405927595
1022456104850892928,4000.0,,,1.8464499,0.0141649004722071,7.054455,0.0100034164923885,157.9151021260602,0.021135049,8.046516880289825
1023492257121204352,2400.0,,,1.1628292378789622,0.0144230834552719,10.074828244277242,0.0101810024623439,1.178816868393003,0.016388357,0.4298450857520794
1023967108706495360,9700.0,,,2.090974486572151,0.0142725762724621,14.654925261998612,0.0100059269027311,5.3767510954662034,0.03776022,8.308420559852571
102461087706561024,,,,2.4111414,0.01436936936274,13.118971,0.0100325900075427,16.49969538602267,0.016893601,9.206404956312149
1040827088726734976,,85.30799999999999,,3.67118,0.0146873041685027,13.082282,0.0100357159843103,105.34859882131478,0.031286426,13.195313019115368
1041808368494264576,,,,1.1214743,0.0212801529733845,3.1493552,0.0100451645850958,17.962336100456938,0.14564699,-0.5813978025058457
1044013542142711296,8000.0,,14.6908,2.372978455292059,0.01425282300912,13.6338179828703,0.0100070132493848,12.588657407095411,0.013927378,9.13346429192576
1048109222955337600,7500.0,,20.1112,1.563188018094066,0.0141834064515885,13.671678251032004,0.0100039391396026,4.696560152148793,0.012362588,7.031641514208353
1051547052218220160,,,,1.9278102,0.0141742366725344,8.231167,0.0100034898004349,95.07815490601064,0.015691645,8.121550469143326
105332908999068032,6390.0,,,0.85881996,0.0141927050773694,7.262336,0.0100027863250594,26.498272306558512,0.025848946,4.3786991496427445
1053809778428567680,6700.0,,21.7861,1.5540078594732942,0.0141913323684452,11.56539887100346,0.0100067395628944,13.652041734804437,0.014727684,7.241855193083545
1055895483267019392,,,20.8069,1.1129375959602772,0.0142014594134256,12.78083120342048,0.0100107218913994,3.8101282710325015,0.012745916,5.686067909762473
1070387905514406400,5300.0,41.2,,1.841305,0.0141619779495207,10.850841,0.0100020853362797,25.272665271321063,0.012562859,7.864088219538795
1074139748425931008,4900.0,,,0.9691473609410508,0.0141625971700662,10.98836819932806,0.0100050193235774,6.732812469776143,0.012559627,5.128769570379033
1076515002779544960,8300.0,,,0.8253041555269582,0.0141809644351991,11.342332776200411,0.0100220501983246,3.647548996791659,0.016437737,4.154801671766464
1076970406751899008,1980.0,,,0.5979116835214554,0.0141568587609033,8.248117009923556,0.0100034038732605,10.343980152303914,0.018026635,3.3211065238355655
1090159839002347136,,,,0.7882409,0.0141482753583226,8.05852,0.0100015876050172,16.58865340784323,0.02211444,4.1584380706214255
1092230803512999424,4604.0,,,1.3584224983893625,0.0145475225312853,4.222471240506554,0.0100293309316336,13.231350843456516,0.11637105,-0.1674932501436501
1094545653447816064,7100.0,,,1.8490591,0.0141527621253423,11.725545,0.0100029782943221,16.440805887322185,0.016130941,7.804473574541301
1095822117729707264,1800.0,,,1.4299998366354936,0.0145005732524579,6.511970116720107,0.0102249696807188,3.3028844730471545,0.018992512,-0.890389316555753
1096515188009314688,,,,0.8244629476777268,0.0141450534065985,9.542080898251154,0.0100008018257438,9.964331532924584,0.01334528,4.5337428384246135
1097091022864217472,,,,0.7910000699254908,0.0141456114279276,9.586592432133685,0.0100011173055826,9.22421662964338,0.014383181,4.411250837761704
1101653957463314688,3600.0,,,0.6326668187497132,0.0155078741809044,12.402667952139282,0.0108812566428237,1.7268677222953048,0.011870591,3.592823084755011
1104269596843209472,4300.0,,,1.0887219687376426,0.0141564100383165,11.307869670542372,0.0100049477430901,8.077874159645141,0.027201934,5.844484271813938
1107980654748582144,,,,0.8491995434787625,0.0141671997622448,11.195430923328676,0.0100155184892424,4.867691099993989,0.022927534,4.6275345421363845
1111639314047794944,4800.0,,,0.6892169588952926,0.0144509819543212,11.383168402683744,0.0101995078835901,3.121170886628327,0.020112157,3.853563059671677
111322601672419712,,,,1.0122743729256392,0.0294573659316926,12.493774258446315,0.0201629181142399,3.3364558783420604,0.017776499,5.110926485586505
1114308481603347584,1880.0,,,0.5555227992881152,0.0163622916816891,10.148425194838554,0.0114549795464832,4.337096318749176,0.023236517,3.336454276153967
1116613161053977472,1500.0,,,0.8453504687121517,0.0141492790074765,9.367232090106269,0.0100007940833967,12.346746103837114,0.010257507,4.825213436873241
1117620107545810944,5600.0,,,0.7698284057640559,0.0190611487752253,11.87569457275506,0.0132243823401039,2.3862565013587793,0.010788254,3.7654074796684434
1119059574424538496,,,19.5819,2.3971214,0.0142132471267532,12.345156,0.0100075451516071,23.194219407194577,0.0155801885,9.172111948853969
1126422935076082176,4000.0,,4.3606,2.7800732,0.0144472888643623,14.74585,0.010016333220866,20.680068425495737,0.018971704,11.324094180422186
1133573746387113856,,,,0.8472998402938607,0.0141561279187992,8.221263558575922,0.0100021977585473,11.415408579499342,0.016102571,3.5083223110112556
1141769093744241536,,,,0.7349920601465527,0.0141491508930586,9.107542002798136,0.0100018550579933,8.489419067184091,0.012666088,3.7525829458541775
114340658009875072,2690.0,,,0.5136931418456048,0.0142044408692025,7.422128459603346,0.0100142217758614,11.4463028615118,0.025877804,2.7154796015999345
1144716265942885888,,,,1.6166422544046388,0.0157892474782629,3.7814162266955447,0.010327735657872,3.563556551390178,0.1777443,-3.5057158607001035
1153682508388170112,,,,0.6975689323182945,0.0149285198962406,11.325164686922845,0.0105030744001755,3.0797100742710253,0.020760538,3.767350732782834
1159042833731813760,,,,1.09980055713495,0.0148672575022918,13.480287352008416,0.0103918580972261,3.2517198368105396,0.0137116555,6.042714662567937
1159336403336463872,,,,1.029099760433793,0.0145335550897,11.921641730465527,0.0102022100052526,4.985749651449276,0.016895672,5.411804046599176
116037204451525376,,,,1.065618,0.0141661093431124,7.3450565,0.0100017177260303,44.46890302208633,0.02064069,5.585291753901151
1170797781264303616,,,,0.81033087,0.0141613658665044,7.757489,0.0100021757625683,20.862811185069628,0.019819392,4.354255865055697
117190351631297152,4200.0,,,0.8948986306317286,0.0163921901444298,11.55820180379766,0.0114313949813654,2.559215577241473,0.016990077,3.599303577910023
1176209886733406592,960.0,,,1.1638427,0.0143548547295625,7.1806984,0.0100109070161228,61.31403043580429,0.042595606,6.118344360344538
1191504471436192512,,,,-0.2418228162648014,0.0834069479784089,16.47459256827378,0.0177652471211339,1.949396270149592,0.06621879,7.907790068821983
1193071962699902336,7100.0,,,1.1833272809736348,0.0142585880443146,8.682877846702658,0.0100615477916307,2.4855546110925246,0.016471293,0.6588796699183987
1208695640675619584,,0.993,,3.0677650000000014,0.0146709840021208,12.195167,0.010034926050109,89.13857536515914,0.033075817,11.945525692715917
1220404653534258816,1740.0,,,1.4140285308721308,0.0147658800958013,3.7557627977193975,0.0100240708703632,13.52005731794988,0.10230984,-0.5874430743588146
12320268307415552,1100.0,,19.978,1.2377125600738326,0.0311394181921937,12.500212365855337,0.0212970521533544,5.512022878978822,0.017568184,6.20699205167343
1233227944114002688,,,,1.1004414894127683,0.0143705853042528,11.928563875173545,0.0101333622851165,6.054484313522065,0.01587669,5.836453421620044
123376685084303360,,,,1.1903670168992095,0.0152512828766868,11.542640035916406,0.0106998305490906,7.736517840356038,0.057928033,5.984682729717175
1236429004715336576,,,,1.157347311162469,0.0146836665964169,7.513531154981084,0.0103342907772767,7.579107609012558,0.024615802,1.9117931144337936
1242084170974175232,,,,0.5935033183954899,0.0144456920194704,9.630788666619956,0.0101883831672739,6.2469662401628065,0.017173957,3.6090866986452728
1244571953471006720,,,,0.6444831,0.014325912382827,4.356021,0.0100305862023078,64.08422323237095,0.10931693,3.3889785381152127
1247279294695975168,,,,1.1145444,0.014153371858125,7.425075,0.0100012531255813,18.84995601944002,0.029112715,3.801452761969807
1247603719345703808,8200.0,,,0.9667240317654344,0.0144338170745637,11.166578928409026,0.0101399323095154,5.704545067471063,0.017442094,4.949087944970879
1255520718461480960,7500.0,,,0.7897993574714296,0.0142694832399214,12.255038288970844,0.0100718973231614,2.1696569205608385,0.012602167,3.9358128810830824
1265513389372846848,1020.0,,6.353,1.1421485358727883,0.0143101196523102,11.124133833907097,0.0100844714702984,9.93987977292951,0.022676507,6.109623482298691
1270814787767025408,5500.0,,8.6537,2.9123611,0.0143599948662787,14.143361,0.0100102493572993,21.18110396942283,0.017861065,10.773551641237438
1272123859439770368,,,21.0754,1.5466785,0.0141599921233674,9.723948,0.0100017978401505,35.69508624695957,0.014598663,7.487032025103256
1275235752223276288,,,,1.1946661722410103,0.014242025341955,5.217604943579073,0.0100232039541393,11.94011257357323,0.057216037,0.6035338131751855
128623485853170432,9400.0,,,1.0922004190227868,0.0207476339495491,13.46096222302416,0.014229433527098,2.781400111103455,0.020179212,5.6847908604258475
1291120362349158016,,,,0.7657427132671271,0.0143208900533498,11.046879081156812,0.0101083012411885,3.142039977174906,0.015360015,3.533189447571461
1291955578869575552,2900.0,,,2.510669203181169,0.0146048657543869,14.642977931985332,0.0100965525194796,9.225912813709128,0.019081213,9.46783684950089
129321160344480512,8400.0,,,0.7621145,0.0141534441937314,7.4144397,0.0100033605844015,22.559980434541107,0.025222369,4.181052046505607
1315900158983769472,,,,1.1793622084929387,0.015039467420435,6.246259678694742,0.010570103868313,7.414967925327369,0.015253162,0.5969645230179585
1316708918505350528,,,,0.833604770910273,0.0148732128600102,10.955490736920597,0.0104718233489298,6.180630122507193,0.013609672,4.909739823616137
1319243773843954304,300.0,,2.6787,2.8692713,0.0148214100978478,14.804512,0.0100150600679699,19.334831448969872,0.019396864,11.236033911259993
1323427759184545536,10200.0,,,0.79895544,0.0142001924435503,5.2328,0.0100118592823546,57.13633092152077,0.050787035,4.017449061147927
1331356474971716992,,,,0.7258635099823247,0.0141602767981646,8.025918389530398,0.0100035018467009,13.142392976715463,0.016170053,3.619819956724728
1333818968701222272,,,8.0873,1.5897585646350416,0.0142039062400939,11.621686571421424,0.01001524825852,13.305950442973314,0.012316869,7.241362054847084
1334288219648212352,4700.0,,,0.7232046,0.0141542994076663,7.081035,0.0100012581906776,27.29432681852196,0.0151264705,4.261796977138515
1334573817793362560,12400.0,,,1.235426672338504,0.0141855827998654,12.350253073547409,0.0100122045776494,6.1967054703442,0.009271734,6.310862175264294
1334643739861016832,10700.0,,,0.7354121,0.0141545220880425,7.135941,0.01000169392076,22.946330945133603,0.013131193,3.939453648619786
1340497608486742400,,,,0.6109164576924495,0.0141781997241014,9.87305580379986,0.0100180610515717,4.463561229662207,0.010584738,3.1214579236686735
1344163891352965632,1600.0,,,0.7084738275145532,0.0141657294075702,8.94161733498543,0.010010462051873,4.438533900811432,0.012652458,2.17719669476471
1358355738906114816,3600.0,,19.9382,0.9305063246053948,0.0142079050855519,12.076014740226771,0.0100149626279434,4.036745022178065,0.009750074,5.106326410577008
1358614983131339392,1460.0,,5.8939,0.6366313663363259,0.0141978316369864,9.973505794284169,0.0100286022291703,2.701361987326735,0.01009964,2.1310043245628236
1359938520253565952,,,,0.9049978,0.0141787879923261,6.5836673,0.0100020060318269,54.75759558953965,0.01757417,5.275719564297478
1363205856494897024,7200.0,,,2.233977932014008,0.015425752607143,15.304136461159931,0.0100237856837093,4.432765282791419,0.028913256,8.536300481498
1372215976327300480,7100.0,,,2.645566,0.0142037779202902,11.506599,0.0100122466004561,63.19772965406137,0.020787174,10.51020092992993
1372702716380418688,,,,1.1676152,0.0143426528834435,4.511343,0.0100325674735515,33.369316921374924,0.0800482,2.1276326846920828
1380293091823646720,5000.0,0.997,,4.059847000000001,0.0157449078506349,14.829432,0.0100251243622213,63.48304858914181,0.0342778,13.842610741474136
1380825667768742144,1440.0,,,0.6024294234774584,0.014174737856749,8.605036315650642,0.0100182052791047,7.800739642454888,0.011750828,3.065904604759135
1385293808145621504,,,,1.0020471,0.0141722280275621,6.39524,0.0100017774999363,55.88908583862104,0.029119799,5.132011272936411
1398218223733415552,,,,0.9001126,0.0141696428040104,7.023998,0.0100012085584218,27.01125035515132,0.014603463,4.181768915049665
1401760747118886016,9600.0,,18.9302,1.583847,0.0141785797323417,9.879249,0.010004371000436,30.834531913153924,0.0106400885,7.324579629451211
1402405129651594624,6400.0,,,0.8855628773583193,0.0141597088408968,10.077609954323764,0.0100097468768527,5.06115488185278,0.009725273,3.597915381679434
1404488390652463872,300.0,,8.2264,1.0967214897356556,0.0143805001620732,11.320523130996204,0.0100263503380338,8.627369015505993,0.012339805,5.999192139082584
1408029509584967168,,,14.9117,1.1745095,0.0142207516068522,7.5214434,0.0100047834151386,55.77080960059889,0.016396886,6.253525057642363
1411414596649598208,321.0,,8.4918,0.9328903424195978,0.0142612535518356,10.253352318084897,0.010016227803164,9.907624726935088,0.01159005,5.233771840644408
1411707818360668416,600.0,,,0.6512684059126966,0.0143380646393445,11.76396060921336,0.0101172221273816,2.075279331805046,0.010158212,3.350533421208212
1412645602995521920,,94.43,,3.1607070000000004,0.0143284141354164,11.981026,0.0100180760252222,100.94481793436285,0.021884069,12.001463484548315
1416050859226670848,,,,0.7786393,0.0141926794227384,6.320388,0.0100030396550505,37.039018993272805,0.01985903,4.163973730027077
1416730563570869376,,,,2.031269,0.0142295504308986,12.647735,0.01000496327991,16.055385014273973,0.011990056,8.67608246739521
1416731285125373184,2950.0,,,0.6904187754753275,0.0143162581037196,11.897457019854803,0.0100951904116435,1.868854954548556,0.011940389,3.2564031776598927
1418519292895059840,,,,0.91489077,0.0141809388075446,7.8240733,0.0100020701596454,14.772968723030791,0.017500566,3.6714939733304384
1420011162670761600,7200.0,,16.1712,2.3623857,0.0143771064066671,12.981483,0.0100181194379285,21.18676186701745,0.014678572,9.611684875361792
1424011082893734272,2290.0,,,0.7269547905636529,0.0143627813868584,12.783763411270511,0.0101045542936968,1.7206405271840872,0.010691544,3.9585826655890273
1428030622526979968,,,,1.9653921,0.0142232938921087,9.4123,0.0100104492218509,59.021648542030015,0.013271692,8.267398699245238
1428427236986209024,,,,2.2954597,0.0142067815680226,9.139769,0.0100107206162011,154.37856739246865,0.01610215,10.082669723622098
1428639816392087552,3200.0,,,0.6551709168044657,0.0141618226253172,9.649534965880688,0.010006502948145,5.286238837827629,0.013140254,3.2659188593293393
1433062331332673792,12000.0,,,1.1342029089283403,0.0141711761480071,10.72767369647569,0.010001510822381,12.691712603445836,0.010230699,6.244848901937102
1433416717674304640,,,,0.7245926775560638,0.0141608240625933,9.086139292231804,0.0100024733476266,9.68209700015265,0.010624199,4.015623033025149
1438038102484626048,1100.0,,,1.130034915083403,0.0142457985780915,5.9038733941908115,0.0100088471420052,9.863389577083288,0.02159819,0.8739227941494603
1438888501713397760,5500.0,,,1.0171799531195775,0.0141659671099143,11.646100300269604,0.0100033082725412,5.92402480143333,0.010485501,5.509562740495882
1439069444391326208,,,17.9779,2.0159492,0.0142513124082604,9.174616,0.010010262987703,69.914945817222,0.015290988,8.397386423733849
144150720342734208,,,6.7108,0.9296514713563092,0.0232765709208384,10.80776365811169,0.0160132590128221,7.129577113262477,0.019890752,5.071000904900769
1443530266145475840,6000.0,,,0.7521591646687548,0.0142943128827422,11.354155843882925,0.0100913437834777,2.5509282576733443,0.023174156,3.390359572874912
1446540213584440704,,96.41,,2.7941070000000003,0.0142088253947427,11.628933,0.0100155074292966,72.75361421640673,0.036831688,10.938185787200004
1446584503287858560,,,,1.1460611779165937,0.0141823348105972,7.617550979603371,0.010018336456823,8.15319491369104,0.025020376,2.1738370438730454
144936836795636864,,5.78,5.6777,1.5548745949735592,0.046433364605236,11.431229974416798,0.0224671890989989,6.389817682377511,0.026396437,5.460847028297735
145203159127518336,,9.034,6.6383,1.570536577440137,0.1037990678980231,11.114424289589026,0.0602946196521008,6.242980682425368,0.020453317,5.089234102657963
145333927996558976,,24.66,,1.6544101607338662,0.0141687725758021,12.241338968084795,0.0100016986986878,13.719872746935616,0.015370281,7.927964973526938
1457486023639239296,6800.0,,,1.696842482653574,0.0142062147760542,11.90809972594109,0.0100059253502128,13.567472594132514,0.020826058,7.570707305189075
145916050683920128,650.0,14.95,11.6188,1.487081,0.0141630372752278,10.853678,0.0100030100597192,17.01801059135447,0.018911948,7.007938150725105
1460876573902483328,3240.0,,,1.7074741327144924,0.0143103728119687,4.2099465247257495,0.0100431067008166,8.629094925099354,0.13266973,-1.1198931271888188
1464700950221781504,4900.0,,,0.6477353468711444,0.0142044421339375,10.19010613215819,0.0100404407741684,4.131811806711664,0.017634887,3.2713857311458128
146487556211644544,1.0,,,3.715855099371566,0.1747618837873986,18.909263080397498,0.0123333059639563,8.201068388616237,0.30444208,13.442464514284552
1472903753640492160,,,,2.090705,0.0141667764391116,9.772747,0.0100046525164118,60.06611477904436,0.019337278,8.665885325596935
1476407794120339328,,,,0.7899417220125375,0.0141652716765853,8.196006319534849,0.0100128407786981,11.47503032514562,0.026092874,3.4955642979777597
1476485996883837184,2100.0,,8.6415,1.2602472,0.0141698502585522,9.684284,0.0100025799070983,23.50787574491943,0.01421334,6.540258553866199
147831571737487488,2.2,2.74,2.7404,1.801510943208663,0.0209694136855583,11.630398155427686,0.0119285449466711,7.696198875396444,0.016476244,6.06039058337271
1480314599451475712,,,14.8101,1.2686372,0.0141573641894097,8.342081,0.0100014878183717,44.4652019720579,0.11122967,6.582475208638842
148080473682357376,,35.75,,1.9709613405112991,0.0142285465934183,13.308443253422311,0.0100061589394068,13.312370680076295,0.016810527,8.92963174872079
148400229703257856,,3.443,3.4688,4.335433126448456,0.0391877057519739,14.917589520018968,0.0212593087442501,7.2346224800858,0.057110753,9.219875805115189
1484890423248544256,,,,1.1362608994660257,0.0142435389390899,7.945626608665118,0.0100627444456482,6.4508242236366655,0.019991336,1.9934529935867389
1490845584382687232,210.0,,7.4491,1.030405,0.0142241633141634,8.918078,0.0100068767879068,23.829588940613547,0.01245791,5.803770954455656
1491634483976350720,6900.0,,,1.1205254,0.0141475631976143,9.658773,0.0100008907562934,18.19064445950139,0.01256995,5.957936172708301
149629483705467008,1.0,,,4.298370795264029,0.0318677702289079,15.185312768676322,0.0193569328241136,7.913279589844413,0.07535259,9.672943128228471
1497132660589966976,3100.0,,,0.7031150734774605,0.0144114772657822,12.68591687269665,0.0101688829702793,1.6517965774953467,0.012037771,3.774558942632256
149858216482858112,,,,2.7052622,0.0143654064686904,14.296043,0.0100093713134067,16.094025333557816,0.025610248,10.329474866774529
1499514786891168640,2500.0,,,1.3067677238420488,0.0142320516547081,12.403933263707934,0.0100478915329809,7.055745721615503,0.010478119,6.648473233662656
150054788545735424,2600.0,,11.4521,0.9958814275448208,0.0202893641668308,11.700198972718798,0.013966770859119,5.658646489174777,0.018928163,5.464584138863485
1505890751741673856,,,,1.045732066469022,0.0141719110749466,11.066215512213216,0.0100147003582293,8.811624542744472,0.01365533,5.7914623173169275
1506159170017461888,7500.0,,,0.9915057447179666,0.0143148461606353,12.9541557529842,0.0101055166625132,2.8917894191000224,0.014428357,5.260598781002999
1508499824114581504,,,20.8282,1.8121055426639503,0.014214106725696,12.89177333792217,0.0100215771354971,10.827845214280025,0.014091337,8.064981065657634
1510191594552968832,,,,1.0760731247009592,0.0141887783292511,11.275430666317328,0.0100232461116141,7.45285223148546,0.014328971,5.637100499162052
151374202498079872,1.0,5.413,5.2953,2.0119781628165407,0.0516022230217981,12.378617083443707,0.0185392315839471,7.503652841281078,0.02552934,6.751443857073346
151499478104075008,2.5,1.842,1.8404,2.847906055025696,0.0171889997692771,14.284925032482503,0.0115163603765956,7.862969197444174,0.02772597,8.762673049148617
152451414656258560,,,14.4146,1.4370556,0.0141687401325674,10.510165,0.010003655944564,19.667038977336976,0.019675361,6.978525392331225
1530780980576364032,5450.0,,,1.1923215005070156,0.0142263149299436,5.829054854721635,0.0100228448313685,9.97585001908131,0.026935684,0.8250541301865741
1541532207133249920,,,,0.8684072800827034,0.0142674329222378,12.079581814492135,0.010020888409304,3.4312290427932615,0.011037764,4.757588994041978
1545570133528453888,7200.0,,,1.8257983044903268,0.0145032568273526,15.60392362698031,0.0100727408123003,2.6401499035522034,0.029910734,7.708335548646705
1550299304833675392,,,0.3641,2.2561092,0.0144139345729434,11.962571,0.0100312093471051,32.78864975184601,0.021094888,9.54114119893747
1552562615159689088,10800.0,,,0.8409538221025705,0.0141785458111337,10.147234289682634,0.0100232061102546,6.463263991780232,0.012548615,4.200081568356307
1553084230347385344,,,6.4431,0.95851517,0.0141575642268013,9.157551,0.0100012678937781,16.28986418540366,0.011741882,5.2170687932484245
1556242405699527424,1100.0,,20.939,1.1045982987124534,0.0141864432823923,11.591965681801758,0.010013169304941,7.298035568919658,0.011146858,5.908555370640931
1560420854826284928,4730.0,,,0.8251748832636379,0.0141782533732066,7.903318519358379,0.0100144215946039,10.887659325798566,0.01796361,3.0882577255939676
1560676770454324224,4500.0,,9.4738,2.8136215,0.0144675855424162,13.98809,0.0100125923435047,24.42230149623192,0.016171612,10.92693290114156
1562935820172427392,5700.0,,,0.6936084728357134,0.0142596724244282,11.678490893964597,0.0100687047890674,2.430064280036738,0.011356675,3.605906833898773
156917493449670656,3.0,,10.5492,0.2141686404058405,0.0299320214865531,7.0045364284024405,0.0203276655039135,6.4513753881861104,0.037198894,1.0531195027758695
1573086442800134272,,1500.0,,1.8885119999999984,0.0141601020963849,9.043074,0.0100027502148778,65.60901410555039,0.013104424,8.127842530273568
1574358783911530624,4200.0,,,0.918185302900153,0.0141667180428163,10.478959847429106,0.0100133026859894,9.379284020782356,0.011822793,5.339233653686769
1579929906250111232,100.0,,8.2123,1.1014147,0.0143172588192489,9.183514,0.010013919057784,22.266077149460017,0.013506583,5.92161687692623
1581657479535392256,7000.0,,18.8358,2.0833168,0.0142209356617184,12.210922,0.0100057002984762,18.872786974445425,0.01313296,8.590399462780725
1581799694493008384,4000.0,,,0.8110845934916165,0.0141649689001972,9.43360711081086,0.010010903172179,11.029138313827112,0.011176146,4.6460325563496205
1584088431025057792,,,,2.3961153,0.0141825873686806,10.552364,0.0100058132894319,54.484103227495986,0.019417007,9.23372434751413
1585765117538284800,,,,0.6677839263570257,0.0141721543528433,8.864235030740177,0.0100146889468013,9.434265182819503,0.015480226,3.737802460007648
1587399232335653760,6200.0,,,0.7665088711924392,0.0143722651575855,11.586085981527445,0.0101412342739036,2.3202599052155946,0.010866479,3.4118581265294896
1594127865540229888,,,,0.8185475500950432,0.0141517032374577,8.290712334564137,0.0100011245487229,14.195548114221504,0.019055028,4.051585418407134
1597757387783227008,,,,1.3023519140457094,0.0142895432540878,5.628273597535266,0.0100256320629826,8.833489414397551,0.04598376,0.3617217008066404
1603662211901473408,,,,1.0810206615442195,0.0143556081278627,5.335590620480361,0.0100271069617207,10.614295564567772,0.04212116,0.4642595881844622
1609157502297291008,,,,0.7993388,0.0141501535467072,7.730597,0.0100016053593719,16.654636470239122,0.014934205,3.838380305243694
1610837178107032192,1400.0,,,0.689695902654728,0.0141528278496275,8.199836162456611,0.0100030304343147,13.580483706893745,0.021635994,3.864389894205893
1611685004650291840,3100.0,,,0.8433369601285408,0.0141756334395994,10.862854377824258,0.0100170817363929,5.678337199071395,0.010304555,4.6337775688561855
1612165353793791488,1900.0,,,0.5268069591052571,0.014207204977989,10.101208289428689,0.0100356696565349,3.1742422792992864,0.011780496,2.608948562795966
1614731957531452544,2650.0,,,1.3520339,0.0260134643003476,2.9729202,0.0100972122185809,32.54208331619131,0.13097586,0.5336761473020148
1616054670018575872,3400.0,,,0.7629085260179049,0.0142093064926308,11.747477902973674,0.010035344331156,2.6084614238209554,0.023756057,3.8302131979129026
1620024491110370688,133.0,,4.3706,0.8409605,0.014332478289436,8.237229,0.0100176638320248,21.880410322113185,0.016352233,4.936945155047038
1629404184289170688,9000.0,,,0.718223353173955,0.0141557533746156,9.195436592867434,0.0100059558358622,8.823499445028723,0.009408274,3.923524574717747
1630385635856016256,5900.0,,,0.855325393889441,0.014168590543558,11.65702961222462,0.0100071068114732,4.4580122478961375,0.013053633,4.903108506321299
1630906044157332224,1300.0,,,0.8928881908903664,0.0141615253206164,8.82783289550242,0.0100022504446691,10.567331590406097,0.013477927,3.946965483187208
1631084478574318976,,,,0.93403053,0.0141725980341893,7.8772635,0.0100022743911505,27.69260401081761,0.019962989,5.089223057678314
1631416599805196544,2300.0,,,1.0743259007375658,0.014163961797919,12.432691996566438,0.0100049261257017,4.629659010271117,0.01138426,5.760989505963744
1635108588053258752,3100.0,,,0.907640539360917,0.0141540963679543,11.471890537181023,0.010004503312756,5.810073216158159,0.0119137475,5.291571101590023
1636690613486307840,2000.0,,,0.6202670560918594,0.0142177441430468,11.123298922291712,0.0100339475022552,2.504856157518554,0.015005207,3.1164849777838093
1636979235288735744,,,10.7649,1.1144695852055655,0.014360858560158,11.300909400065835,0.0100189953518401,8.755914876006186,0.011565659,6.012056744112542
1636984973365053056,,,,1.0119500780721844,0.0141899459942911,11.074361894186326,0.0100229431984108,2.65689149226229,0.009951186,3.1927592035301338
1637184500366418432,,,21.5096,2.4798794,0.014276840476154,13.663175,0.0100063904103257,18.27020882507797,0.015447362,9.971726025903228
1637645127018395776,,,,2.518117,0.0142342624096075,8.02864,0.0100116762553757,219.81712711974913,0.021020047,9.738962317778944
1642641410934267008,,,,1.8327341,0.0141860334505936,7.9017744,0.010004868983271,92.89648293860944,0.014588618,7.741613176522933
1643587094013359360,4600.0,,,0.8076233612957276,0.0141658512932664,10.41618730245116,0.0100113610384471,4.270793848235927,0.012776345,3.568892590899825
1644692064543192704,6400.0,,,0.7823509107073994,0.0141671747179764,10.18397975604876,0.0100091598915096,7.884635223313952,0.012976425,4.667402694103348
1646538011423566464,,,,0.67211866,0.0141606329354542,6.641727,0.0100023920978697,21.47605718485312,0.01456668,3.301512639010011
1647136729864424576,4300.0,,,0.8322607229657749,0.0141981687069033,11.396723626924931,0.0100261218508301,3.1982330222617996,0.011179969,3.921406493351389
164800235906366976,3.3,,11.1749,2.3615003800623797,0.0669839446715844,13.03542581711675,0.0451810922586264,6.304490479157417,0.026968017,7.034290285482559
1649087121757063040,,,,1.302152286437841,0.0141591288280887,11.671469054720234,0.0100027636713777,9.768221604572943,0.011323166,6.620033313937006
1649377156604531712,,,7.4067,2.453557,0.0142500419025861,13.433166,0.0100080407720013,19.94590923511319,0.012905308,9.932511536520886
1650110904522335744,6300.0,,,1.0478104869342169,0.0141890924179821,11.723626970438492,0.010003546918234,5.884257050490442,0.011147506,5.572363745926495
1650851223740149504,7100.0,,,0.920055451409474,0.0141918694208453,11.284530234653936,0.0100214096040517,3.1878354900482733,0.012617192,3.801310179293239
1651268763282397312,3300.0,,,0.6891084,0.0144122794649481,5.6569943,0.0100401383378017,44.0685641798809,0.051485743,3.8780287758728935
1651497186822868224,,,,1.171512027211227,0.0145574483523472,5.60202875053186,0.0100202111971121,9.32382069085009,0.037849907,0.4522400986013686
1651807592698185728,9700.0,25.65,,2.7934099999999997,0.0144170187748794,13.704812,0.0100224608022149,24.247674349400867,0.016801506,10.627979415334984
1651818622174190208,3900.0,,,0.8341523385732581,0.0141637073856615,8.735655607007992,0.0100023864459611,13.710139714993904,0.010321801,4.421291045970362
1651911084230149248,2530.0,,,0.6596176975502861,0.014155706332847,9.822130749799456,0.0100055494437552,6.034357695354484,0.013257066,3.7242242673134456
1652137995942479744,7500.0,,20.4394,2.1757103117949597,0.0144136226382267,14.388284546988434,0.0100126011017678,8.780756251757456,0.016642371,9.105141176196833
1654516686269888896,4900.0,,,1.4813303680283068,0.0149993250820744,5.871660753690881,0.0100107390626906,7.082928816524887,0.02283525,0.1228111696848426
1656835487573730048,4500.0,,20.1407,1.1556705557663882,0.0141728580741332,11.477437211863633,0.0100049512614121,7.897920942746349,0.011190747,5.965110631402942
1674293361400214272,,,,1.0635869083365568,0.0142568603670149,10.80736420769381,0.0100114153214519,10.577533463172273,0.012490899,5.929011266314374
1675511792082576384,2500.0,,19.8356,1.0217924,0.0141904559201221,9.510716,0.0100041844389557,16.831148195342543,0.011086632,5.641245079142447
1675923009431370880,245.0,,10.4419,1.0415646581047662,0.0144117086604122,10.687997483643246,0.0100260150411957,9.107038343775251,0.010974641,5.485329606979649
1676282377934772608,,,,0.56092596,0.0143505984358668,5.916535,0.0100066985584879,27.652747375217164,0.025326695,3.124826916657846
1676299557803904000,6300.0,,,1.2100583517166856,0.0141530311766857,10.392026909938172,0.0100019409949861,13.974212187501973,0.010952134,6.118448222690786
1677343097418015488,700.0,,8.774,0.8137492715339941,0.0142633885625123,9.37456483205889,0.010014695678047,11.84285718200606,0.010765852,4.7417702816475185
1678074272650459008,4600.0,,,2.19668,0.0141967668876956,12.1102085,0.0100044465048026,27.74717960483277,0.012538824,9.326608405414
1678371724905519744,4000.0,,,0.928622043296332,0.0141640885085782,10.69792581636999,0.0100082899330598,7.173244381528187,0.010391576,4.975936871013285
1679187115856566528,1600.0,,,1.5483933641268546,0.0142509951839151,6.076562598537744,0.0100274374751692,3.0987004081097993,0.021586211,-1.4645562562460404
1685195530290375168,800.0,40.0,,1.9076280904947016,0.014199241402402,12.213843250363968,0.0100074007193711,14.158271012085878,0.012315492,7.969177039808861
1686171213716517504,8700.0,,,0.9719990253938328,0.0141658407250956,10.80289691848846,0.0100076136223024,7.58342018495477,0.012092547,5.203142087232097
1688346597471844096,,,,2.6872349,0.0144129455120029,14.350678,0.0100080776009291,25.450349730827888,0.017439663,11.37908797218434
169149766470219520,,,,0.69988585,0.0141542555882516,6.7598076,0.0100011285924028,24.48429488805638,0.02616661,3.7037214549032136
1692267077979468544,,,,0.80077934,0.0141550464448288,8.596648,0.0100014340030016,14.736825855991738,0.014844587,4.438231328458537
169256041140206848,,,,0.74818134,0.0141504759042895,8.183878,0.0100021795383414,15.956696972992992,0.028187623,4.198263447293183
1693159194226600192,,,,1.2069141232999143,0.0143389140563123,5.5004560098877295,0.0100161685947423,9.95051132788787,0.038311627,0.4901822959635495
1694625251248104832,,,,0.863673485557977,0.0142008518442707,12.088359541901315,0.010025979690903,3.4448977494590003,0.009336795,4.773239161410244
1695343683312903168,6200.0,,,0.8495425287961365,0.0141787273851838,11.39124937656211,0.010017135728613,3.0557845353688644,0.012246932,3.817344241588261
1696798367260229376,,,,1.528082232921543,0.0150221835765223,4.555557142312585,0.0100532394605643,7.944609134899238,0.087353095,-0.9478960750621344
1696831425624356480,,,,0.827594493774486,0.0141546152333678,8.922219226121234,0.0100011915662567,13.641314468319036,0.011907818,4.596120737058673
1697129530714536320,5600.0,,,0.7506852409231648,0.0142784561815343,11.648058312320526,0.0100811018984159,2.014492336836191,0.011238625,3.166512119466617
1700658653802527104,,,,1.1534764291762185,0.0141837151274412,6.572932338789434,0.0100071865253097,6.1476419118557395,0.014176916,0.516342678222161
1709456705329541504,3000.0,,9.6035,0.77574015,0.014325544312064,6.8698573,0.0100108231469349,35.50281884744393,0.01347229,4.621050389392418
1709691004385812864,1600.0,,,1.658506384800467,0.0143125487044999,5.18992462374714,0.0100517104257196,3.5369685222829936,0.048506625,-2.0686597911942206
1711970906169443584,,,10.7937,1.482174400809774,0.0141962653414081,12.031689267648696,0.0100057550278172,10.5476019261615,0.011084727,7.147725977566788
1712614124767394816,7900.0,,,1.5468168,0.0141726650825507,9.748717,0.0100031911205637,28.270724731472367,0.011704006,7.005549964447374
1715055487257379968,,,,1.141867483439546,0.014596492922391,5.65256381121986,0.0100127234483415,9.649043854612891,0.025795162,0.5751331773362693
1716345832872291968,,,,2.4750586,0.0144297096312594,14.140286,0.0100093954762186,17.319955333439122,0.015034271,10.332844367601636
1722026764638625280,,,,1.2438638958028312,0.0141682609229193,10.74384818544415,0.0100021701340122,13.907349733533424,0.011209165,6.459734148281868
1723044195149081728,,,18.2451,1.1835024407308996,0.01421649634046,10.419739613890265,0.0100092877761204,14.105586365559134,0.009894069,6.16658199670017
1725490333641502976,800.0,,10.4033,0.770145009903418,0.0142148830926339,11.697080008750111,0.0100133915207453,3.3098700303997317,0.01116791,4.295604331530452
1726858366624544640,,,5.0369,0.7204108657357233,0.0142313911888294,9.417943207422484,0.0100110536083035,8.774224828594408,0.011238739,4.134060067839114
1732018855730384256,,,,1.0701836040568933,0.014202431250451,6.248371353028786,0.0100025683836403,13.80226465259695,0.027533311,1.949477346243115
1737061349198867456,4400.0,,6.135,0.6705926116453268,0.0148014968372897,11.351879653579088,0.0104239086929565,2.134653770637684,0.033424024,2.994959504641436
1740534092250753920,4000.0,,,3.0330534,0.015010156860792,14.470325,0.0100283396696629,28.439712211431843,0.021628434,11.73983991099754
1744911763437512064,800.0,,,0.2919645229216794,0.0151085515605268,8.225917654104613,0.0106261337388001,5.521204766925007,0.023742877,1.937308962922188
1748596020745038208,,,,1.038395878179334,0.0149280642005825,11.488754929499986,0.0105036696770705,6.617837738477687,0.026991561,5.593533827811774
1750321012752775040,4810.0,,,0.7018879488654237,0.0150909454822459,11.826568893692055,0.0106056493187301,1.7081089287584974,0.015179253,2.986926570427041
1754430373040023168,3120.0,,,0.6896105,0.0141826043117412,6.276973,0.0100031132457926,29.44427576817505,0.027209938,3.62211001295108
1756741374681702784,,,,1.094194354798041,0.0142428729881436,5.268829418730398,0.0100109595096969,13.337414426379995,0.06518407,0.8919926286976914
1757302881526250496,3900.0,,,0.770109480023482,0.0155270684957746,12.800963930480696,0.0108727140853138,1.352610735698301,0.025817875,3.4485495100347254
1759623813132980864,,,,1.1715136,0.0141492497313861,9.359003,0.0100007475119568,20.315695234387764,0.016704543,5.89830364877902
1772187382746856320,300.0,,,0.7609072,0.0145310916134094,5.819592,0.0100205189806258,55.18539555273645,0.03482288,4.528739221511943
1775004778213735168,,,,1.1147203,0.0147139025712345,5.6828136,0.0100182620512016,18.494979163303327,0.039203115,2.0174798578304136
1779546757669063552,,,,0.7129955,0.0141710044002345,7.5212455,0.0100056237629584,20.80311088528237,0.02657181,4.111793050737435
1779772947826839808,,,,1.1394424,0.0142211231880916,6.248323,0.0100012238411095,14.993302205380507,0.02317805,2.127677536296365
1781063087283857664,2000.0,,,1.9503644726558511,0.0161664274633744,5.480146272700888,0.0110136267747934,3.060014792608789,0.048975,-2.091726777120244
178924390478792320,2900.0,23.3,18.8608,2.3146913798315456,0.0143826035578531,14.287066587620073,0.0100444511868805,8.886191404242616,0.021884074,9.031022680648457
1790807028049001600,9700.0,,,0.8015611189249363,0.0141485222623999,8.49294580467742,0.0100032782582758,12.477159033301128,0.02193655,3.972704594090688
1791995119082190848,,41.0,,2.0750469999999996,0.0142327003942888,9.775237,0.0100065200859357,64.61754455577382,0.020887453,8.826900599938849
179498266829041664,,,,1.068092188175195,0.0231517844629836,11.411310407676098,0.0159265745077359,5.223475406647594,0.01663114,4.999950277356422
1803475188714186368,8900.0,,,1.9792309,0.0141639246624373,10.5407715,0.0100031587189528,32.62617693326949,0.01404626,8.108656024615005
1807887150930343424,9600.0,151.9,,2.3450255,0.0141806626688319,12.307954,0.0100052723283366,35.903323854833644,0.016908478,10.083728335324537
1808938730710633984,4000.0,,6.9743,0.7656479742199602,0.0155979427638152,12.046439215035228,0.0108776149334159,2.7586656045874194,0.010759043,4.248557030338485
1810218734058821632,1700.0,,,0.5860905144055181,0.0144433929161802,10.172342754808604,0.0101964456051613,3.977005094912545,0.022394897,3.168006212906148
1815418118373631360,,,,0.81251526,0.0141536765478517,6.747173,0.0100007883478345,26.67918831052189,0.022455148,3.878058204511475
181908842994567936,,,,0.5627757981902767,0.014198906286389,8.454679886615322,0.0100335030925462,7.413996208091291,0.020074014,2.8036829051212333
1820530778750452096,,,,1.7245347693140187,0.0146444111699127,14.987030800941309,0.0101470760300184,3.250081389531469,0.02612312,7.546125335473128
1820764455009323392,,,,1.484772792669742,0.0201463047042972,15.69264980851435,0.0137740929396019,1.7785434834064306,0.036320597,6.936824455806168
1827242816201846144,,,,1.0959163,0.0142132246142973,7.428371,0.0100041804697479,50.59605141372739,0.016198024,5.948956122361242
1835842749465226368,,,,0.5124657537163193,0.0144814643969431,10.195223448625123,0.0102200086928471,2.906834653716607,0.014929653,2.5150338147332647
1837141272694055168,,,,1.408263976340368,0.0141640774256387,12.046283193299152,0.0100046951218264,8.82670041916519,0.011182019,6.775267827107074
1838769198425933568,5300.0,,,0.8803907989491853,0.0155504888385765,11.734402291697112,0.0109026899700183,3.331807340624126,0.016805023,4.346748192555452
1841177820379504768,,,,2.4645922304873995,0.0146143025961462,14.103999922892394,0.0100130759694848,12.452788988435872,0.01851375,9.580157222723196
1842656663520849024,,,22.7137,2.8336294543505844,0.0159164556283712,14.901923016664918,0.0100893837308037,11.514080787285309,0.025807783,10.209108457594091
1846882224145757056,100.0,,6.7831,0.91995716,0.0142759037414724,8.253331,0.0100081995415637,25.488518993579973,0.021246662,5.284418468101489
1847742385838236416,1320.0,,,1.1377151140864763,0.016103078600757,7.93931123078506,0.0112814223578913,5.482852224054992,0.018948369,1.6339644367884247
1849786481032616960,,,,0.999863193549039,0.0141483788073466,10.277989114552522,0.010004598691084,10.848031738526023,0.01823804,5.454373393590744
1864885215233116032,3100.0,,,0.6523094618719254,0.0151757941496598,11.745052921106415,0.0106637450439565,2.2983014556728514,0.013332167,3.552977006296473
1867491607542113536,,,,1.9168607643896924,0.01418638504096,12.740184801219048,0.0100029969674965,13.263553664839776,0.012083747,8.353359449009208
1869054868256849920,6600.0,394.8,,4.291596500000001,0.0169195604524701,15.379583,0.010017749746111,59.766795094397715,0.043362252,14.26213974196446
1869489729418662528,4110.0,,9.3198,0.8812063356148562,0.0142949947348329,11.085663428014822,0.0100897122971339,2.422095506867152,0.014436841,3.006562631737271
1889143121789650176,,,,0.7520674234849821,0.0141518436615009,7.9278025309676785,0.0100031975455532,9.9098651338907,0.030773778,2.9072862515213025
1891507552826485632,,,,0.6693093504128614,0.0158855686102825,10.08994975650302,0.0111404841960613,4.689382775362595,0.020797191,3.4480483138907694
1891930796082743680,10000.0,,,-0.412474137745365,0.0151377322833217,14.462420464331494,0.0105398286493932,0.7554154359981051,0.032668117,3.854055109462213
1894962115280642688,,,,0.8811817,0.0141477536711594,9.011125,0.0100014107120467,15.09876200920903,0.016051622,4.905418658614559
1896138833241139584,6000.0,,,0.8139737229199626,0.015734020570793,11.380075062309563,0.0106910799135941,3.630767383418456,0.039696638,4.181168310512451
1900293230549817856,1800.0,,,0.9730559418936784,0.017958638869098,11.9023223802763,0.0124989658975478,4.453625341646997,0.016381938,5.1447848719960945
1909401760972212224,,,,0.8353238,0.014145306389351,8.023952,0.0100009396839021,15.5344065961791,0.019644542,3.981271341710397
1909762228985058944,,,11.5879,1.2828716605244157,0.0142413061343789,12.16149371029967,0.0100224477731454,7.085948099556669,0.01346635,6.4140842339869995
1920113512486282240,,,,1.2189900425245892,0.0143754785237092,4.922041692861746,0.0100178595120791,13.19958760392618,0.072693095,0.5239497790831633
1920333449169516288,,,,0.7856794709267035,0.014598337855853,10.5368165303176,0.0102944284114216,6.466689664794957,0.013783223,4.5901042725905405
1925321658551399040,,,,0.5325238540875237,0.0181068710356645,10.201771225847594,0.0126039724361647,3.6737022712977847,0.022111854,3.02717398917067
1926476042681491712,30.0,,,-0.07825899,0.0144551623170172,4.147998,0.0101100793623915,19.44156314320184,0.21039331,0.5965475023258451
1928431764627661440,,,,0.7772740468032642,0.0148696669501089,10.165930666072096,0.0104706720168119,6.268243085100974,0.014619979,4.1507601220402695
1935534781543619968,,,,1.2462911629369342,0.0181470957070937,8.71887630425482,0.0126215914740903,2.718502435939406,0.0138444,0.8882069767196477
1943363751009454976,,,,0.82695484,0.0141500230074447,6.952019,0.0100007857640075,19.83105972475505,0.016017266,3.4387213274126456
1950477552581609984,6100.0,,,1.1933631926558272,0.0170772511324659,12.644527804371544,0.0119199063066472,5.071153942079957,0.012389066,6.16940092319369
1956328333130770048,,,,2.519349,0.0142124545538325,11.638953,0.0100094117870957,49.07928314063756,0.02358052,10.093238068535287
1958584565350234752,6600.0,,,1.3590158427334065,0.0141483535555443,10.875852438539122,0.0100008188499065,13.80526727291446,0.012738194,6.5763684239706155
1962153854973972096,,,,0.7399838792649038,0.0192931977896416,11.22933457225184,0.0133783418428561,2.0969660420700977,0.016772069,2.8344665830422624
1978027916667478656,2330.0,,5.3807,0.5846201757794949,0.014260501041759,9.345576263414095,0.0100734437697011,5.119391755687366,0.013035728,2.8929421520434637
1982946891164168576,,,,0.7974663,0.0141618798538903,7.5304685,0.0100014413594221,24.44363315703959,0.018407227,4.4716098675583495
1986772848034988544,120.0,,10.3194,1.7134289267030207,0.0144691959353332,11.938459666268,0.0100222372955526,14.415245247715864,0.01191931,7.73271574610901
1997273733835247616,,,,0.75838184,0.0141555784005804,7.8475924,0.0100016143366427,15.423086219422142,0.018254146,3.788423993984118
2005028761147595648,3200.0,,9.9484,0.8394440113239533,0.0142649409702263,10.504518452238738,0.0100771759328944,6.768931078150377,0.012701137,4.657972070482877
2009148596857820160,,,,1.515128024811486,0.0240819564722509,7.038175915923154,0.0164822520882367,2.6643311111302106,0.016778365,-0.8353343543127094
2009255593080688640,,,,1.1973855401261453,0.0148111023453184,8.585145848812418,0.0104323621800702,6.068490612330233,0.013213594,2.501017322178857
2009481748875806976,11000.0,,,1.2163415,0.0142601978033757,5.2318964,0.0100195131952788,152.88958289732426,0.049440492,6.153717165348485
2010336687886382592,,,,1.387099656955428,0.0322490288522835,6.519134766919691,0.0218882574041212,1.1106404208567415,0.015022381,-3.2517607004414444
2014988549785194752,,,,1.9499065981815176,0.0194344396051564,5.509765173039267,0.0133757427705721,3.038285553743959,0.02095817,-2.0782074865710554
2016655237613545728,6200.0,,,0.898788,0.0141624494624847,7.2948856,0.0100010623601337,17.94822067734522,0.015618575,3.5651468379452043
2024845946447691264,2760.0,,,1.0909534,0.0143051371607365,5.6477556,0.0100075765429224,16.322733743694727,0.03006152,1.7126840570853457
2028419118720795392,,,,0.84809875,0.014152133919762,8.077814,0.0100016364964945,19.7265283148022,0.019411655,4.552788876882849
2029001447540053504,,,,0.97408676,0.0141574011461186,7.1003375,0.0100007147363403,15.925195455778043,0.01588698,3.11068295593741
2029433521248546304,11300.0,,,0.9080596,0.0143494801529786,5.552787,0.0100087390735581,62.51578093182535,0.03535643,4.532766757213973
2031479093959232128,,,,0.7485404,0.0141636519098796,6.5353923,0.0100013173869359,19.271198439856875,0.018206649,2.960159159385201
2032764938419327616,2500.0,,,0.6809982692222544,0.0142764163944471,10.131727902218785,0.0100834538787617,5.180075383649959,0.01249926,3.703195196454942
2033123654092592384,600.0,,,0.082380016980389,0.0141927033268164,7.5869765315194355,0.0100237790558554,7.3259362738810205,0.0239278,1.913453348488905
2033246455795280896,,,,0.9038887,0.0141466197459696,8.20191,0.0100010299158261,19.906421458410616,0.01645396,4.696672159143857
2034047656176989952,6350.0,,,2.8112698,0.0146434784703961,13.930839,0.0100098806463233,31.21308295492291,0.0149196135,11.402505928302617
2035963417721248128,4400.0,,,1.191392,0.0141481325667549,6.9012485,0.0100005563739636,16.0336340175231,0.016456528,2.926045514032004
2042653052618584960,5720.0,,,0.8456299259174437,0.0141729761609632,10.05452319946456,0.0100179368711443,10.28921970820727,0.012331116,5.116544618069058
2042983077905233792,,,,1.134268025340149,0.0142400161632417,6.352148486182513,0.0100358407662328,8.152056171317751,0.019192077,0.9078926494284564
2044341077844180736,,,,0.88831425,0.0141601133320962,7.878882,0.0100014045973847,24.436266391538183,0.015236476,4.819020374030525
2047452661412980736,,,,0.8037505,0.0141549966986338,7.685915,0.0100015063631167,21.741172662139576,0.015730843,4.37221354252492
2048174967505679488,2370.0,,,0.7135673110971762,0.0143648652602191,12.125470560667486,0.0100863197603818,1.641532780656311,0.009945693,3.203709645715106
2048464796210957440,2550.0,,,0.6626347230219484,0.0544198072161437,16.160890965773163,0.0368672971173786,0.3790525101283019,0.04371345,3.9698444579366665
2048563889694771200,600.0,,,1.228306717294991,0.0183058534370319,15.573467463791156,0.0125458272002162,1.4465342738435252,0.07955667,6.333782185153339
2050231848829944320,6200.0,,,1.1075904163331838,0.0153837627394024,15.069299450573563,0.0105347117600673,1.2595661395532285,0.020312421,5.563241263206164
2050239300586448000,,,19.5248,1.1960183456379536,0.0142679336839602,12.48558186224781,0.0100105273339475,5.880956345146817,0.00892346,6.332952938750974
2050321081068398720,,,,1.0485267493167831,0.0142241844863215,7.71199997629768,0.0100207584929328,7.293664304790921,0.017040836,2.025847079098029
2051019683267537024,,,9.4215,0.7441730642977007,0.0147143131620998,12.704586117266068,0.0103569098816649,2.3163182923209056,0.009562362,4.527002332428406
2051027792165858304,,,,1.299592390251063,0.0147827511137608,15.605778868300456,0.0102506901424906,1.717944881110142,0.025852472,6.780889554688091
2051030231707057024,,,,0.8572408099564565,0.0144080971535289,14.17674744940834,0.0101374414078186,1.6211267821821045,0.014167395,5.227898915038365
2051034251798891904,8710.0,,,0.9034132866017552,0.0414049013594682,13.489252723314248,0.0284948717013241,0.6059394715987961,0.3292515,3.3700341725717067
2051103314872392192,4370.0,,,0.881711449522782,0.0157396936922536,15.6333567257227,0.0108462916567791,0.7562525928873982,0.026292939,5.016478893532668
2051104586182508928,,,,0.8463728065257204,0.0148168218618802,13.902236027236787,0.0103859534313742,1.6167769637496163,0.01208291,4.945953690580991
2051105410816218368,,,,1.1142142124055985,0.0148508758783376,14.10995876244072,0.0104251042478109,2.2884409093197675,0.0134309735,5.910272093720131
2051106987063242880,1900.0,,,0.8939024221823243,0.0149177159807987,11.85708900726841,0.0104999732668814,4.568027440640355,0.008726254,5.155536516438405
2051368434612892800,,,,0.8384403300918639,0.0166744175291701,15.035673369594384,0.0115628976909012,0.9322286240549458,0.023512289,4.885903485294579
2051669906960994304,3800.0,,,0.8202908555500174,0.0279151843018711,14.860291145929692,0.0190962458022219,0.572762987504825,0.021210058,3.663800471231763
2051721480924900224,2450.0,,,0.7479366251239016,0.0377483698450043,13.755070629110794,0.025760312123517,1.0947267646637513,0.012821522,3.9498517583000794
2051722855314502400,3720.0,,,0.8220023553723526,0.0364859038093932,14.926308050263405,0.0248751838675867,0.6258074550500163,0.021109944,3.915997896766388
2051738798233021824,,,,0.7415358129772951,0.0274206329271289,12.773747821402145,0.018805298569256,1.0504098024706676,0.01264065,2.8860933378638833
2051748659478657152,4070.0000000000005,,,0.8258292467154407,0.0262351168285096,14.936881812829256,0.0179662378827284,0.590520354932244,0.022586098,3.8052349747471865
2051797274209237376,,27.04,,1.7381166143960225,0.0151824632675593,15.634407081739615,0.0102630694906783,2.57560980650849,0.025638087,7.686889981621237
2051808789021826432,,,,0.8726522696721499,0.0142754299307186,12.523713725596432,0.0100773671221461,3.2738030880137168,0.009558039,5.100034425854714
2051815759742763264,4470.0,,,2.234353774788513,0.0149938916015161,15.618616589123818,0.0102547087638247,3.9685611352029486,0.026940595,8.615089953309976
2051816485600508544,,,,0.8823605057406329,0.0254914048064259,14.734911003606197,0.0174916644155431,1.1995636236402978,0.019422663,5.126571959898538
2051832634677771008,,,,1.0547615394665664,0.0166041008708418,15.288700325518452,0.0115349904207618,1.3697270376379196,0.022563873,5.96372603441182
2051836379889114240,,,,0.79406928788163,0.0159323541997711,14.47610203193367,0.0110819948471313,0.7687936586464305,0.01771593,3.9023599034766026
2051842839520109568,,,,0.7248324222006486,0.0293197511823591,12.89730407534216,0.0200922996829799,1.496259927890253,0.013226932,3.7706529674364018
2051865551307698688,4470.0,,8.1046,1.156594092468361,0.0143616972598022,12.833031464061834,0.0100583318294538,4.826259846047723,0.011395288,6.249143062814248
2051866238502437632,2900.0,,,0.6761845050346893,0.0144851841279305,11.791780792184914,0.0102152919964182,2.520824853020743,0.0110017685,3.7995575919861473
2051868300086828544,,,,0.8664758606715441,0.0309646179236309,15.442040881282924,0.0211008083807867,0.5700973376669096,0.026571011,4.237719558424526
2051896440713570048,4070.0000000000005,,,0.9248777846134928,0.0168298838675717,15.516070134527956,0.0116342291545543,0.8570364883238942,0.026488263,5.185465535471456
2051897265347291520,4370.0,,,0.8647126309904749,0.0171786352461268,15.51540913571788,0.0118163411750136,0.7363701753513586,0.027725006,4.8584006503814745
2051898055621339648,,,,0.8088838182985159,0.0161351429990772,14.994294670066656,0.0111389858979362,0.7667669089527764,0.02142571,4.418111830333336
2051903999855859712,,,,1.309277267276022,0.0280451036280759,15.852976006975258,0.0191377979335801,1.38890680216466,0.030838933,6.556155780412775
2051905030647886976,3630.0,,0.966,1.5383139612213177,0.0146098407718386,14.436014549887698,0.0101720580440165,3.6892976784968616,0.017234225,7.268673353489563
2051907813786770688,,,,0.9393353000798292,0.0144535131143192,14.077604177319577,0.0101349291542466,1.645086992156219,0.014196324,5.162526854243017
2051908157384215296,,,,0.7285168583099831,0.015482688837548,13.573840910185416,0.0108581678099385,1.2261138768038056,0.011952626,4.023696149823239
2051918293507634048,,,,0.858679353675162,0.0145573155323974,13.598344139103396,0.0102511874967262,1.9238484898646693,0.01143106,5.017743064468009
2051926226306177792,3980.0,,,0.7448281230219485,0.0437026998346624,14.988853965773163,0.029750955118473,0.4537184833042923,0.062072475,3.4093077976932253
2051933102555095936,7100.0,,,1.214520704038359,0.0144602327801349,13.962679904325098,0.0101567362266224,2.944450155471049,0.013076383,6.306505774048793
2051933343073295232,2880.0,,,0.7601821927584829,0.0172161647092599,14.597148482049498,0.0119612451629369,0.8787076005546335,0.017176392,4.318954256023099
2051934236426454784,,,,0.8602144010180791,0.0181183748655974,14.82191041586747,0.0124952761760867,1.1809720228661225,0.019640876,5.175911124267973
2051937019565051520,3090.0,,,0.7729605408552738,0.0166528818209345,14.788309376113345,0.0115567489733637,0.82486903025533,0.022353375,4.367913894972956
2051937638040407808,3240.0,,,0.773140319478516,0.0190410394362303,12.916813950771306,0.0132098753016767,1.0461267272082404,0.010327766,3.020163760057015
2051947739803854336,,,,0.8307485322616721,0.0249620685720941,13.98936276640305,0.0171573655870538,1.1526860264647951,0.013676652,4.292052312846824
2051948633156991232,,,,0.9472623768707852,0.0164540596550912,14.460108633925058,0.0114813855515944,1.2399163139998803,0.01630445,4.926455820669574
2051950454223150720,,,,0.6749645443650365,0.0254461863493466,15.082508728339016,0.017428213325194,0.530043868888631,0.02195542,3.7032053811097434
2052069201482198784,3720.0,,,0.8792517575207447,0.0181693812747323,14.394508501171591,0.0126158071500008,1.2331045665128697,0.015809946,4.854074326206645
2052074389802779904,4570.0,,,1.1571500967113415,0.017018809916088,15.56793882035169,0.0116152546605718,1.3110397390274289,0.02518277,6.145910654303677
2052085934674652544,2690.0,,,0.7001296100731611,0.0419270926072077,14.450906219243883,0.028564207522513,0.6268486123177305,0.017890427,3.4435745280260903
2052086072113643264,3390.0,,,0.9490220961196744,0.0301131244008313,14.810943819947756,0.0205870055131726,1.0715653202440958,0.019589655,4.9525093967445635
2052117923590073600,7000.0,,,0.8087931429364618,0.0197155561406675,14.479913696796292,0.0136456400701074,1.0358170540097515,0.015315286,4.552230282446024
2052124692458750976,4680.0,,,1.0141869661036933,0.0215775775341916,15.511796559699308,0.014706583624068,1.0759776040796154,0.023702998,5.667150085773292
2052136752727511552,1350.0,,,0.5172183667572455,0.0146626798350172,11.39877973503987,0.0103326339084446,1.721893944362273,0.015298307,2.580702163156076
2052136821446989568,,,,0.7544910134547526,0.0162911908430412,13.9874115366,0.011367094040155,0.8706693343352306,0.015126586,3.6742337982442663
2052139123549626240,,,,0.8134136393284558,0.0214979984447989,15.257025118717074,0.0147606021181759,0.6194117932693736,0.028295856,4.184748559938541
2052140601018026496,4470.0,,,1.0165754953022068,0.0146949273347455,14.3099910580955,0.0103171640910409,1.6248958541231375,0.016963514,5.361835564687068
2052144621107902208,4270.0,,,0.9024870252213696,0.0374656087328657,14.464183965253415,0.0255725835094448,1.1032245055068912,0.042661343,4.662870002808361
2052163518963966336,,,,1.044361791903073,0.0251101319237036,15.281954286226451,0.0171265383456507,1.077587620637942,0.023984937,5.453063633453402
2052168466766597120,3090.0,,,0.755745509113369,0.017692959007871,12.981827766683892,0.0122991266008691,0.9481271425206224,0.009765242,2.8649808756938633
2052185062520374272,,,,0.7578496317956483,0.0169363207418097,13.666736535561178,0.0118095339755753,1.408281469296108,0.011824514,4.407136148797935
2052203273182353920,4470.0,,,0.9049860889892516,0.0228531044822683,15.259053744582372,0.0155562793368004,0.919145687444826,0.025957039,5.074844609203717
2052211416440880384,,,,1.1694726359806724,0.0153024375459268,15.100761916195522,0.0106211729894751,1.7068029436512158,0.020649072,6.260623240382603
2052212996988534656,3800.0,,,1.1485943041158502,0.0150897805902266,14.870144652657157,0.0105222971782424,1.9422040567343928,0.020441733,6.3168612423680806
2052232410241029248,4270.0,,,0.9613849114813005,0.0159960270586688,15.53775721224878,0.0110893306198344,0.724759437638001,0.026055997,4.8228798240537
2052234368740841600,3630.0,,,0.8322648453723527,0.0193637750286904,15.355543050263403,0.0133185136597114,0.4512356347099094,0.02662386,3.622577568361285
2052257355406092160,,,,1.231180228818945,0.0201281054430221,15.670768577816338,0.0137941802201924,1.4354562655986371,0.026240451,6.449402651470285
2052280548230453760,,,,1.4627582102720809,0.0150277105799738,15.790245821076686,0.0101745107523926,1.892365134942958,0.028392678,7.174044051491569
2052304325169514880,,,,0.8252781572268648,0.0199718892957474,15.215809646372872,0.0137005488377345,0.9248017085860588,0.022271022,5.032503652350311
2052307864222921088,,,,0.8589569103739454,0.017378590237906,14.849910749987998,0.0120568494051193,0.7586776978547292,0.019728672,4.24898543198638
2052368955838887808,,,9.627,1.1411687353594993,0.0144979318062756,12.858683293459189,0.0101540595512801,4.5427245121001905,0.011455311,6.144807270614786
2052379641715057408,,,,0.8417073604197989,0.0151304075187467,14.785481664337096,0.0105248118515395,0.732293619016207,0.01921482,4.1071008366050155
2052381737659167488,,,,0.8657182107187851,0.0181295109529706,15.133754442147994,0.0125499342693182,0.9403624946073732,0.022510806,5.003623869204981
2052388643966743424,2630.0,,,0.6663707051710761,0.0158664252049935,13.394863205036268,0.0111117013180002,1.0463717220580029,0.01098464,3.4908780543841136
2052392835854583936,2510.0,,,1.27533911333914,0.0146714243892453,14.895630234926347,0.0102933479673034,2.0385305501005875,0.020075647,6.440672660659812
2052397886736075264,2240.0,,,0.6800712975302154,0.0163744195096507,14.209484196637629,0.0114243811133812,0.8266847531674006,0.01504716,3.793385487553044
2052410599840071040,,,,1.1545603711649353,0.0248932055562248,15.849035225300566,0.0169614788126361,1.0149024824381463,0.029115405,5.888006941904793
2052441008208934144,,,,0.671953784158598,0.0151859729622773,13.175795895039066,0.0106598036415745,1.226251214689346,0.010733496,3.62422154540595
2052450079180319744,4270.0,,,0.863892891879365,0.016294984420575,13.967494364147262,0.0113872874711267,1.534874760386357,0.013105406,4.897371846248399
2052480728067657600,2880.0,,9.9415,0.8249719492686488,0.0146058824935141,12.655721333832844,0.0102702347493087,2.625124144733216,0.009775494,4.75123786793838
2052528625536778624,,,10.0996,1.1058012044102214,0.0145429768024499,13.488146452251003,0.0102328982156497,3.175388649032959,0.011522094,5.997353059330797
2052548107508601216,4270.0,,,1.00760534079715,0.0143925782734976,13.501076921522884,0.0101502304190688,2.905091320502481,0.012661826,5.817974387033265
2052549584977429504,,,,0.6976513516325951,0.0358027479252695,15.148650899365904,0.0244191256347895,0.5024686867804851,0.024295382,3.677022524438849
2052559480582595456,4370.0,,,0.8587137599262317,0.0158056257744229,14.85389422165084,0.0110182827835852,1.0176844112181005,0.019770384,4.893121388643236
2052567623840745216,4070.0000000000005,,,0.8108564843650365,0.0212486347338606,15.211535728339015,0.0145870395255333,0.4740928861405545,0.022393854,3.608593026155116
2052568585913107072,2950.0,,,0.7493535367669584,0.0158967286978611,14.190625008496683,0.0109884596476665,0.9114016885766172,0.015039368,3.988514200967975
2052582432887909376,5400.0,,,0.7326332559485799,0.0145916600302466,12.6181069335192,0.0102890922602618,2.170574296942716,0.009940555,4.300161846038996
2052585044228107008,8130.000000000001,,,0.9045825530807584,0.0154579671861051,13.816994762592538,0.010834187847896,0.9253680522599506,0.013498146,3.6505782885532785
2052603289249806976,2820.0,,,0.8184978300271015,0.0147700723800789,13.235845202158313,0.010398777741403,1.827152728772945,0.010242635,4.547079663163878
2052616586468670976,3310.0,,,1.153934743824588,0.0150574852317788,13.97648275999419,0.0105652558795596,2.724060728159395,0.013362588,6.149754301027551
2052629162133190784,2140.0,,,0.6096853280722739,0.0157242984013541,12.629982358472214,0.0110167434801232,0.977287567447307,0.010614652,2.5831339530394075
2052643696302706944,4370.0,,,0.8546073606715441,0.0195738775170191,15.330070881282923,0.013480909310388,0.6302413534734245,0.023545722,4.321307838212952
2052653729346427136,6460.0,,,0.8620512840125771,0.0149009243575097,13.270701612072454,0.0104828836606179,2.05128223014364,0.010845871,4.831363753381677
2052658367909936768,,,,0.9202167515857012,0.0172996817627599,15.135186501092296,0.0119996413035903,0.9838076616968112,0.021901758,5.092025299867547
2052662422359019904,4790.0,,,0.8892769866087207,0.073839590699839,14.005163503787603,0.0502098985186499,1.0280399628755263,0.12386842,4.110588413202008
2052666992204482816,5250.0,,,1.0368177695719516,0.0287030684189008,15.848194343564815,0.019561900336603,0.9740830828334684,0.031382512,5.781916960994458
2052681801254023808,,,,0.7568607911194924,0.0210645602185581,13.62718779039535,0.0145565551086339,1.1107602997816324,0.01362078,3.854375238083284
2052688467040906624,,,,0.7359978600520372,0.0867855176948244,15.228942044506192,0.0589476337900186,0.573977736707009,0.024154382,4.016553230908473
2052691044021500032,4790.0,,,1.2530371457869212,0.0177027711826115,15.798853193767266,0.0121311173464046,1.3312471786872937,0.027579375,6.423750993227154
2052695678282371840,4570.0,,,0.9302432092729602,0.0144414898314364,13.377268428514205,0.0101839508545225,2.319305266714497,0.010919897,5.20496264536596
2052702348375966208,,,,0.8078589039840794,0.015130803326029,13.706735107296462,0.010616622074448,1.2457364460159357,0.012115416,4.18281294725533
2052717466660745984,3390.0,,,0.7957562230219484,0.0443955426429022,14.706233965773166,0.0302388136912316,0.6789222228556057,0.018429006,3.874557575338182
2052721692908731904,4270.0,,,0.8854905640292644,0.0280815430071113,15.473684287697552,0.0191441602676015,0.5853224738857298,0.02848642,4.324521231320295
2052722689341030656,2820.0,,,1.3873433787390854,0.0244029041609093,15.716431549939802,0.0166333883025036,1.5560124493252392,0.027037587,6.673541948452389
2052724029370990208,5010.0,,,0.7649435933703053,0.0334560116356802,13.310287214211067,0.022817682954629,1.1448882872331043,0.03225102,3.599644485073288
2052726984308676864,,,,0.9105355713531902,0.01601799469646,15.665103804594835,0.0110143345013378,0.8613786807526206,0.028235959,5.325526556201858
2052735368085096576,,,,0.828365819664228,0.0354531120642954,15.519866559358537,0.0241422121529555,0.6457849172534517,0.025932048,4.578442904266469
2052736123999181824,3390.0,36.43,,1.631510130130558,0.0148918648950902,15.817257573058136,0.0102975779713984,1.9721933887117769,0.028464107,7.291871116433806
2052740449026979584,,,,0.7960767229597973,0.0144466626047861,12.077436334419565,0.0101873202969625,3.398747605731463,0.008797652,4.734717830121163
2052747119115620352,5050.0,,,0.8578806319760695,0.0141519907211965,9.867267368496655,0.0100035122525045,10.43359716257857,0.01039673,4.95978702884285
2052754540819149568,4680.0,,,1.074490015898446,0.0218289197292712,15.658626429888317,0.0149144894427139,1.0084849596028376,0.027872324,5.680880104381643
2052767528800649984,3310.0,,,1.0654575518156542,0.0163733462110932,14.811590169449277,0.0113248739232951,1.3271549086337115,0.01906601,5.427960121419346
2052823535171095296,,,,0.8205612641070119,0.0164390696792308,14.685536136683854,0.0114289219090395,0.858396351794662,0.018597968,4.370370259746236
2052826318309391104,3890.0,,,1.280292272947659,0.0147283319140517,14.410510259214778,0.0103156183114315,2.377999449843777,0.015493931,6.292076483835475
2052827207364859264,105.0,,4.7136,0.8706619227981369,0.0148661325052522,12.579098445006611,0.0103609632166599,3.072587719753441,0.009272712,5.015901939286692
2052852912747829760,3720.0,,,0.8786682594648382,0.0148997602797154,13.527144323771813,0.0104341887949469,2.029746097157863,0.010997011,5.0638488389804905
2052857860550101376,,,,0.7029786890732282,0.0147362496308432,12.640446047648371,0.0103789155857797,1.644400798046742,0.010945898,3.7162284243649175
2052874318864239616,3020.0,,,0.7240922067154407,0.0198123622161638,15.032336812829255,0.0136422034792235,0.5599204822982548,0.022697262,3.792989758105964
2052880194379878272,,,,1.037285419779629,0.0185586909162355,15.186552231976094,0.0127801752907986,1.1477416128661455,0.023625072,5.49122275860336
2052881912366613376,5761.0,,,1.158463139282604,0.0144640039422994,11.495033356886138,0.0102049669812726,2.2632972320695455,0.011981831,3.268560944436423
2052956541719356416,3310.0,,,0.7161131129036904,0.049650259271329,15.377424502859592,0.0337829580149135,0.4489924812556161,0.024979733,3.6564850378823888
2052973309272223232,3090.0,,16.0426,1.5506145644457427,0.0141915433863283,13.19494162723412,0.0100046940810298,6.65151246221408,0.010634488,7.309585262506875
2052975370856687744,,,,0.8738695716219242,0.0301659582331857,13.964329355858832,0.0206502561724677,1.4918703935848945,0.01365261,4.83075329819237
2052984785425250176,,,,1.021255223928243,0.0144800048374669,13.241777982032406,0.0102086911566232,2.8270999084784143,0.010648237,5.495453925398991
2053067935992494848,3630.0,,,1.436443491252409,0.0278220681970318,14.84234124406332,0.0191572356541349,1.3063549351134438,0.12974313,5.4157646789740355
2053070616052194304,,,,0.7697093908682113,0.0153635093860267,14.11023152638019,0.0107525418582298,0.9718447256567156,0.013653684,4.05943272872182
2053093637076689664,,28.98,,2.0052359970323876,0.0150018505522908,15.650067265517078,0.0102280447474074,3.750304800762679,0.027397545,8.520401452794054
2053177406120368896,1510.0,,,0.725445687483288,0.0177084338061071,13.060749193158143,0.0123159751669356,1.3302479673658798,0.010827906,3.686624889971352
2053183453434348672,2240.0,,,0.6913236399300018,0.0176610636967457,13.728772629551504,0.012284321525376,1.0278955258383928,0.012852473,3.789543872506295
2053235577156249088,4470.0,,,0.8485497474802703,0.0159071438103123,13.736244020174173,0.0111242894731468,1.1932830610790215,0.012329578,4.118030948235742
2053266741439477248,,,,1.1506049863092125,0.0145050179875275,14.694911269728738,0.0101907826712652,1.948524943562244,0.017246818,6.140085362395229
2053284398043177216,2510.0,,,0.707460192635936,0.0149438008183823,13.24491455736018,0.0105132728001178,1.6095981330369928,0.010110039,4.27573188009363
2053286429569716992,4170.0,,,0.9003065261188982,0.0234695193668095,15.178734931011649,0.0161055342421518,0.9608982518110732,0.02082145,5.09489400986911
2053438127812903296,1860.0,,,0.7129624410593058,0.0162736990942969,13.81400178667262,0.0113653357900651,1.3224566042020125,0.012839917,4.422205008425676
2053454478745972480,2880.0,,12.9067,1.3569255115763443,0.0150244316114368,15.092452620662796,0.0104501303037149,2.089228632780204,0.020024458,6.689769228447485
2053457644144430848,2340.0,,,1.4291796074047267,0.0141833201802761,13.220802740538328,0.0100058409140822,5.662566861216548,0.010713919,6.985163900053429
2053515849540816768,,,,0.6935326584085567,0.0145142125980206,12.735280062916106,0.0102339602446429,1.866551334996084,0.010339847,4.090199780671055
2053523271244105216,,,,1.7669506005534126,0.0146779853825447,15.189262039313904,0.010253881243416,3.2467761455374564,0.019845532,7.748965852568503
2053546910744629504,7590.0,,,0.9988305725030076,0.0169570748427243,14.66320492616192,0.0117661167834675,1.4819081297044268,0.018369468,5.5173855721481555
2053550106200274688,2000.0,,6.0156,0.8543386135228476,0.0150014147449792,12.344036663606602,0.0104927182233135,3.346074968316727,0.01098371,4.965627750323689
2053551068272937088,,,,1.386867468525433,0.0169697553920606,15.3458752074251,0.0117084154513349,1.6519745013517075,0.09207701,6.495541092920384
2053552270863859712,3800.0,,,0.6200271420146322,0.0395270569136645,14.142257643848776,0.0269574473351689,0.6857973843831984,0.01524523,3.3159387221574548
2053562475706063744,500.0,15.64,,1.965740652804381,0.0155807164666141,15.933951770127496,0.0104282952886637,2.629563908293244,0.03307959,8.037775505389572
2053569485093626752,,,,0.9739057471660716,0.0150831403997995,12.843239139985544,0.0106035994466206,1.2714439801002886,0.013138663,3.3621495844206173
2053573711340731392,,,,1.0043431002158436,0.0165315811420041,12.945651844722278,0.0115487534978764,1.4623399220188782,0.011973416,3.766069145562895
2053574639053629952,1350.0,,,0.5214903882009825,0.0147108855180799,12.389799086659988,0.01035862873509,1.2308188011271433,0.009531268,2.8412183228493575
2053578521704124160,,,,0.8795520371712825,0.0226247820154797,15.044304309365964,0.0155655438042504,0.8994501711361447,0.019765954,4.807580539567139
2053581167404822272,,,22.2041,1.510977799196915,0.0146737871843526,14.682414777642531,0.0102410756468108,3.087125791168524,0.016107412,7.129754154615483
2053585732948605952,,,,1.0290827239364664,0.0147692844971395,14.671690307471843,0.0103195281436881,1.5672560823387145,0.017292961,5.641535251378459
2053586321364864640,,,,1.045041939614992,0.0291178545625576,15.721183544446074,0.019828958146418,0.9562200958685934,0.028136946,5.616907657253732
2053614049674000512,,,,1.1422719579775935,0.0148946756460205,14.751644051681168,0.0103825984764696,2.06389751651663,0.05067374,6.291406826868824
2053626934575934464,2190.0,,,0.6544860054451678,0.0148805464400892,13.264252499022366,0.0104692983341107,1.3009570016296832,0.010730233,3.8330323264493735
2053636452223709696,3800.0,,,0.7939240667154407,0.0382922177666273,15.129551812829256,0.0260778744768779,0.5853470748258267,0.023058513,3.9914563032098
2054523105274216704,1600.0,,,0.198562467220282,0.0159845338448183,10.426614705173856,0.0111963879880447,2.06830225795761,0.01282386,2.0044165912665957
2056007995732413312,2900.0,,,0.7053755224330931,0.0141486561238971,8.427524765979928,0.0100018139658156,12.431471305957295,0.0142009305,3.900656267943077
2060523518197844608,264.0,,,0.26083565,0.0144587144387051,4.889878,0.0100556226891907,24.576827169866256,0.09106165,1.8395088834699849
2064327278651198336,300.0,,1.4798,0.0390645881820085,0.0143516642910993,7.5834795292000114,0.0101168558362876,4.850046101438949,0.024752686,1.0110705657544932
2066437688140905600,1900.0,,,0.6763196,0.0141719023853724,6.687269,0.0100018521631748,30.2544779855553,0.014290423,4.091331531714528
2070115588901082368,5000.0,,,2.255149,0.0141737868070956,9.828687,0.0100073683960329,82.92295726749781,0.01672858,9.42208089728597
2073153024144692736,1950.0,,,0.6337745299587213,0.0159911907530188,13.321078867572473,0.0111913879213517,0.997060166196836,0.011381832,3.3070830454759577
2073155184495069184,1320.0,,,0.5526262309164219,0.0159905328595072,11.886454886181737,0.0112027026033496,1.4506820801409852,0.010360907,2.694252987729069
2073157456550947200,,,,0.7700716171065454,0.0159482573242971,13.740410068128485,0.011165832836418,1.224099958875359,0.012187372,4.172251779000119
2073167180357401984,,,,0.7304510661725878,0.0166999218913849,13.283078157554897,0.0116610902302494,1.4164655906065744,0.010797794,4.039054652295876
2073176491847171840,3720.0,,,0.7291944606715441,0.0475109781431785,14.260541881282926,0.0323544863655893,0.6831924399804259,0.016394125,3.435158752271425
2073195870740245504,3550.0,,,0.8384007853723525,0.051180085307139,15.304376050263404,0.0347928034298007,0.7041110886263248,0.024609156,4.545579002415671
2073199409793428736,1700.0,,,0.5102674550331117,0.0368986826437559,13.687704494724274,0.0251681035301773,0.6441144061432631,0.013863015,2.734351053801598
2073229474559368832,,,,0.9662165666664484,0.0176247488806776,15.15114285665818,0.0121768762919026,0.946296380455114,0.02156808,5.029893631678748
2073274618947678464,,,,0.8655036621122384,0.0175428859680649,14.70772290280038,0.0121977350580395,1.0424873967302393,0.017671289,4.796322973826694
2073277200237694464,2690.0,,,1.2334746036205355,0.0165016463401739,13.58403954735255,0.0115272893756835,3.2683499655999277,0.011929319,6.156691872203048
2073280185224841728,1700.0,,,0.5639666103505309,0.0155889861281258,12.625639519459003,0.0109282760479535,1.3611446918332346,0.0123305,3.2954266502582
2073292868280455936,3980.0,,,0.8837631254813308,0.0199572468591723,14.887423010059976,0.0137686144839765,1.082421479591689,0.02211228,5.053801794846448
2073294414466892288,,,,0.8879137078668097,0.0218528676973115,15.257066008975576,0.0150116128387411,0.9251952264762788,0.023083119,5.083979045966171
2073303313639459840,,,,0.7892988107273526,0.0170805746682264,14.008222994585669,0.0118958905532242,1.2285628219350568,0.019909479,4.45120198193241
2073307917844452480,,,,0.908748952392914,0.0345153564914722,14.167507856992758,0.0235754852732183,1.11638009448664,0.0148017,4.40615789354303
2073478823183937536,2000.0,,,0.6575397860766332,0.0541975634841017,13.566537034054392,0.0368861624577018,0.5524968692128783,0.084072374,2.425744697281438
2073530190996615424,7100.0,,17.2874,1.912191312427956,0.0142581308347628,13.540765214299412,0.0100071032285774,7.814610922054202,0.011112184,8.005597349561917
2073539536845074176,,,,0.7775349746684819,0.0156581886365168,11.684555249185063,0.0109790763502315,2.229923985806906,0.009906264,3.426558031419834
2073547954981763328,,,,1.1210676486214166,0.0272004405316823,15.572236159230746,0.0185838915951832,1.1789768532856697,0.02714618,5.914067651875209
2073591420052466048,5130.0,,,0.8126557535402159,0.0150236906053336,13.77990897008046,0.0105481272688292,1.2856947263452707,0.01215795,4.3195236357726206
2073622068939722368,4270.0,,,1.2158081303917807,0.0447865154801037,16.050847588569287,0.0252701488363644,1.2555081209309809,0.044558994,6.515861007063016
2073641344741406464,2290.0,,,0.587383917906475,0.0601769368460497,14.295221103942394,0.0409152172861567,0.6734923004443082,0.016404923,3.4272925034210857
2073652546016392448,,,,1.5402764160348812,0.0166592970323858,15.781162689713128,0.0114280267968506,1.8764095805535743,0.027937295,7.1414506751471425
2073655432234604288,,,7.2396,1.1370678139891166,0.0168903790494782,13.284337915829088,0.0113345777696299,3.667053769320772,0.010470812,6.106761607540081
2073662166743600896,,,,0.7094227994804858,0.1381537135854164,14.43494512975812,0.0938075310862271,0.6811717493406786,0.019471977,3.6010068293393367
2073671753111037440,2140.0,,,0.6434682426861763,0.0468686663829715,14.312488525131704,0.0318933276211919,0.6224985170749762,0.018026505,3.27087348260285
2073677040206349696,,,,0.7274277845395968,0.0154269111002192,12.295816925088964,0.0108309995235875,2.54699911122345,0.011415815,4.329564608165825
2073686523494136192,,,,0.9729306313535822,0.0163893937744275,12.979730820188804,0.0114626872590445,2.8361143965224267,0.010716219,5.242444555193293
2073691303802278784,,,,0.945077180153446,0.0151995738906862,13.927440426249564,0.0106525414164527,1.7431790809979992,0.013140579,5.137578142597226
2073697419836171264,,,19.3723,1.1151165477907088,0.0170089523104686,13.60535472786167,0.0118272680095717,3.2190188213442426,0.0123611465,6.144806401988809
2073697660354300544,,,,1.1114009531923796,0.0165111808806,14.187759210336049,0.0114951753614971,2.372534556101866,0.015503235,6.0597985505809735
2073715630497465856,,,,0.774639867300108,0.016386807395768,14.158373335834831,0.0114271626698473,1.0364537073682938,0.014626353,4.233816050263549
2073719238270085504,2510.0,,,0.7092930449739023,0.0178561029712436,13.367431272117212,0.0124239610029601,1.313061753667238,0.011290668,3.957978387144834
2073731161099713408,2340.0,,,0.8411687978135862,0.0141611485447347,10.29794619291748,0.0100049129554221,8.138899686915767,0.011343858,4.8514430620954165
2073733325763480320,6460.0,,,1.5698259691231202,0.0175576935332286,15.928407461109304,0.0114585156772532,2.014650471826613,0.033318974,7.443253799438221
2073750986669231232,,,,0.6381764998146245,0.0163974038103695,12.469856779936412,0.0114683903574857,1.737652828060604,0.0096320165,3.670039649365792
2073767994738269952,,,,0.8208305815222554,0.0156601708674766,15.07397839917932,0.0109074683202489,0.7049974671861023,0.021862483,4.302914244477451
2073768407058939648,,,,0.8344060067761248,0.015825453622834,14.234165874688529,0.0117420741679764,-2.284654596292571,0.37228465,0.2261085561407831
2073768853731839104,2690.0,,,0.8581143567340049,0.0160081476372151,14.10233069685988,0.0109431015050348,0.7913492995630624,0.016465722,3.603405623891451
2073779161653824640,,,,0.8368029962257979,0.0302076766585894,14.63604580041684,0.0206656893074033,0.9066816057368366,0.017656783,4.418843442916534
2073793420945053824,4400.0,,,0.7579325056033108,0.0338356005289346,13.3249537073148,0.02311802924588,0.851765771431328,0.011612889,2.981090643393559
2073804411752924288,3550.0,,,0.7243047353810226,0.0150784663123017,11.710703353790864,0.0106012896427699,1.7801238578177547,0.011000078,2.9657574587208995
2073856917743350784,2670.0,,,0.7479611640292645,0.0355909035139617,14.061819287697556,0.0242753184143611,0.540309414253608,0.015534586,2.745569419148671
2073860662955260416,,,,0.5689841258488165,0.0161185628826177,11.174891116694228,0.011288195144598,2.511674650104849,0.013545982,3.1758086227274465
2073907392200330112,3160.0,,,0.8185907213430883,0.0568360077937407,14.841257762565853,0.0386367017549835,0.4765497660751119,0.021624757,3.2457081467680435
2074815898041643520,8200.0,,,2.3936653,0.014203959624725,13.210625,0.0100069464515307,24.24707327337564,0.035977457,10.133568896178218
2075040537699996288,,,,0.8124959315561043,0.0161408014579327,12.416155906895318,0.0112941312803065,2.2673380949011808,0.010255761,4.194155914038854
2075056519291867648,,,1.7008,1.0147316409399012,0.0161416693221283,13.631258245766542,0.0112844287392833,2.250856377791133,0.013636812,5.39229214196043
2075060264503601280,,,,0.9360124111075594,0.0901548913089103,14.372507233326548,0.0612628051421621,1.1342080005874042,0.09293336,4.625971229565426
2075107062469670272,4470.0,,,1.1725104683073155,0.0278410074877992,14.921505360277171,0.0190663122556421,1.200593593996681,0.021124382,5.317490370357573
2075112109039378688,3140.0,,,1.057853962865461,0.0153305059233836,13.010764241890676,0.0107675924435079,3.2548002163262177,0.011634878,5.573323548245186
2075121459200474880,,,8.1851,1.3567514021400675,0.0163861286067725,14.755083408688895,0.0110222378355828,2.37291260924659,0.019515986,6.6291619459842455
2075132209486310912,4400.0,,,0.7324075935755467,0.0159675145012174,10.710459802980887,0.0111906867450847,3.868672071747921,0.010018294,3.646027530530647
2075161655782111872,1910.0,,18.3085,1.0227092668214268,0.0158274792325597,12.560918508770232,0.0109679862919004,4.071865233152619,0.009213146,5.609635802850924
2075162102458709632,,,,0.8459247569944933,0.0153297422598125,12.056012263362362,0.0107658185780508,3.702046529682842,0.009265989,4.8975555236725175
2075358472669256448,2690.0,,,0.8510814510069304,0.0541269915366312,14.958681273376436,0.0367937063239008,0.848030673124533,0.021750355,4.597249323100334
2075377679763353984,,,10.9985,0.8330033555072903,0.015721271206824,12.317860865605937,0.0110048934719545,3.2970791947139633,0.01003286,4.908032695565584
2075381734212529792,,,,0.9971024014047954,0.0277400501696134,15.23447873246582,0.0189787509878003,1.156929780896944,0.022493139,5.54769642276155
2075412451819530624,5500.0,,,0.7791633887292667,0.0147730105993838,13.213843359824192,0.0103823600005868,1.741442861825565,0.011591238,4.424823301552539
2075875277491246848,4170.0,,,0.8337518447015351,0.0157820454044108,14.723211979345065,0.0109994838998301,0.8964329615301926,0.017133264,4.482990962814307
2075964612812129792,2570.0,,,0.835536154247186,0.0173937770590274,14.979592969009756,0.0120111397427256,0.8087718304354656,0.021443926,4.51275753545395
2075969526254302848,,,,0.9403894134615652,0.0156989477516663,14.1531500412135,0.0109026122603631,1.7201029401492969,0.013552596,5.330920712066879
2075972481191725696,1580.0,,,0.6406000851267845,0.0148932764504639,13.564774322675625,0.0104594954177734,0.7892558999822753,0.012063502,3.0525320923842987
2075973718142345472,,,,1.2169926571204206,0.0155597137847267,13.312690306944338,0.0109165646877172,4.029335201266306,0.0104384,6.339381890816563
2075978592919858432,,,,0.4508535734913331,0.0163938338537263,12.83160511545923,0.0114204134025764,0.7798709839737884,0.023184303,2.300557225528884
2075987599477644672,3470.0,,,0.8397662543295554,0.0190178689245259,14.425627517109003,0.0131572278199579,1.1125818020419276,0.016991807,4.662488896370036
2075993990389052160,,,,1.0158646765055876,0.0175507028222741,14.12779110983755,0.0121651742111899,2.030618042164011,0.015313432,5.666407104421941
2075998903831657472,500.0,,,0.3329030299777608,0.0160369385900625,11.371671013565262,0.0112088306324822,1.687055252119691,0.012141502,2.50701717855749
2076050683953049728,,,,0.956633717938106,0.0309587547325506,15.064585531605728,0.0211299089850644,1.0700204442945365,0.023505898,5.214373011613846
2076067073548982784,,,,0.7884409648989916,0.0566712735269301,15.0388161449281,0.0385313774330441,0.714583911101189,0.021240778,4.284277821735886
2076085318570299136,3440.0,,,0.6391896865687232,0.0172100280223789,13.628973183154292,0.0119731280666615,1.0007727100850858,0.012634816,3.6309114617020577
2076102635879020928,4070.0000000000005,,,0.9998572016765233,0.0187836117063583,14.702461353323915,0.0129781509740496,1.1222272342652302,0.026537796,4.948458311116916
2076107343163028992,,,,0.7814265403329796,0.0155390104808618,13.84821347647148,0.0108531821217804,0.8939381868288739,0.014973835,3.6137841890558473
2076121602454770560,,,,0.8171436544587214,0.0181869402132544,12.474675847016783,0.012630324233637,2.532832676963531,0.010532432,4.49127099086293
2076155515517119744,,,,0.7598610830979987,0.0172922363760111,13.162073587903924,0.0120334269949214,1.5892409127774465,0.010658134,4.166988383343236
2076166029596100224,2000.0,,,0.7138851730219484,0.0288479382742062,14.764601965773164,0.0197145521250105,0.6259080484286768,0.019599805,3.740534362021714
2076173859319258368,2750.0,,,0.7671536436840581,0.0205315485892955,12.68173487611797,0.0142054705848025,1.206861233889713,0.0312623,3.0932222652508834
2076185408488670208,,,,0.948050656497488,0.0219178719695609,14.958196381783337,0.0150123644657639,1.18858232574682,0.017701562,5.331690387146633
2076186611079704320,4470.0,,,1.0575132593373373,0.0153384340876891,14.978875979944696,0.0107038512199714,1.4912785369585404,0.019198855,5.8470589872528045
2076194101502797952,3020.0,,0.9942,0.8000987451626362,0.0150863970142057,11.406224398627892,0.0106039426847589,3.401708785381884,0.014357,4.063889839364313
2076198190312168576,3630.0,,,0.8373774230219484,0.0288531864156879,15.547839965773166,0.01967659553387,0.7104645819252846,0.02706001,4.818409230989625
2076214889145035136,5130.0,,,1.1248849850424003,0.0659596234351942,15.861640306775918,0.0448187397085386,0.1435900701072808,0.16862324,3.0964188460043367
2076245950349844608,3720.0,,,0.7033018916309053,0.0151294948466121,13.361231078684709,0.0106307333980144,1.3300170694403688,0.011897985,3.9826108829214935
2076328963475704576,2000.0,,,1.414220932575914,0.0168874929419519,14.661105522766093,0.0116961376053576,2.6962901938620085,0.018264642,6.81510227816584
2076373321899335808,,,,0.6922008040292644,0.0447838777055617,15.245892287697554,0.0304694186978363,0.4393001310049746,0.02441765,3.4704702754437022
2076383625510685824,,,,0.3393356411370637,0.0178298299899929,12.183027728951922,0.0124060288931628,1.1817604811902545,0.013711418,2.5449229789378034
2076391669999950720,,,,0.849022711961032,0.0151923383651365,13.50979159653088,0.0106667177702833,1.924047308619152,0.011315371,4.93260049869501
2076477053946253952,4070.0000000000005,,,0.9278635614180653,0.014537109625452,14.174094077866473,0.0102132874693007,1.9150468006526131,0.014694215,5.582322182367809
2076483616656410496,1120.0,,,0.141377711995121,0.0183350951904605,11.751234478000365,0.0127430619052846,0.9754352800742068,0.014902002,1.7025150680908308
2076517323560360576,4680.0,,,0.7689633661818982,0.0161812246590494,13.888317649437088,0.0113115782442224,0.9968858933742216,0.014180305,3.879924473239436
2076524710904427520,,,,0.7248783424899022,0.0144337373926293,12.961658696669572,0.0101719654370471,1.779249393313196,0.012582827,4.2129617910651085
2076537252208879104,,,,0.7609888465130125,0.0149550983483606,13.423846996437693,0.0105148872427163,1.3277150973238243,0.011459307,4.036479167245071
2076565805151925760,2090.0,,,1.2765155458369368,0.0150595268864535,14.77012293671996,0.0105374060784734,2.2777388378366665,0.018927721,6.55403643118677
2076565908231148928,2750.0,,,0.7418621006715441,0.049023563592708,14.717486881282923,0.0333662565913533,0.6770795118156303,0.019703811,3.8713172863830785
2076578312097047168,2400.0,,,0.809510585650941,0.0414840033055263,14.810426824330731,0.0257463438298681,0.8800569723899354,0.027686823,4.526863085153245
2076579445968420736,2950.0,,,0.8403943529503812,0.0165611041683542,14.594989535176394,0.0115474494509356,1.0312246298447545,0.018754723,4.646712720386356
2076589960045421184,1910.0,,9.6036,0.9895616950398706,0.0163404052652661,13.821661326601594,0.0112549630512737,2.2301740445703055,0.013688824,5.564117934297194
2076595869920511104,4070.0000000000005,,,0.8872684060547316,0.0163235864752295,14.440092013019814,0.0113941949226259,1.456569988095807,0.0171681,5.25469801481546
2076598687419100800,4170.0,,,0.7543468393284559,0.0425387049196445,14.578068118717074,0.0289954106866174,0.599790186100069,0.041284602,3.5129713024742912
2076599065376447488,2880.0,,,0.7166110640292644,0.0571157239494474,14.714775287697554,0.0388437787496248,0.3826227795698401,0.021948863,2.651006684133362
2076601230039790592,5010.0,,,0.9087573610678342,0.0149296742070295,14.017830149691337,0.0104881791575669,1.8251182755860744,0.0132673625,5.327475353346969
2076661630160275072,1740.0,,,0.6168530266585035,0.0161792974525199,13.023447954221693,0.0113232109829395,1.2114187976028568,0.010511966,3.4437834269707412
2076662871411824128,,,,0.6799117483859586,0.0214007044707724,13.35594192173492,0.0147811969357246,0.9494050950788684,0.011052857,3.251731457500595
2076692386427776768,5620.0,,,0.9611040941938096,0.0175093231028383,14.963017888665656,0.0117529630382643,1.1255477957209843,0.01898666,5.211920904303193
2076748083562850560,1550.0,,,0.5726386100731611,0.0444521079491906,13.888233219243885,0.0302795889148587,0.729990276440379,0.014309059,3.2097598757586727
2076764576237957504,,,10.0932,1.42833289302918,0.0176194470564522,14.80286248861991,0.0121994524754755,2.7063682247582874,0.017762544,6.963642589313219
2076782889978499840,4900.0,,,1.1104823206074437,0.0157608729242122,13.940987371572088,0.0108428507732345,2.4936735202155935,0.012447392,5.925634392278633
2076783920770722560,4270.0,,,0.8913290821286746,0.0166046680546518,14.69276110614897,0.0114471312608281,1.241644057678691,0.016898684,5.165779060874899
2076790552200353536,4170.0,,,1.6056257955712818,0.0157154601373252,14.968272969505428,0.0108385711677737,3.097002079858053,0.019195339,7.421678797100281
2076792648144511104,,,,0.8270788825948429,0.0166714994192606,13.838563127426951,0.0116288815102575,1.423398469122088,0.0129528195,4.606523599227543
2076819276942298496,2950.0,,,0.8372426064046956,0.0161917917761429,14.45927512700558,0.0112957243670346,0.9442347213349576,0.016337719,4.341798358346111
2076819620539690880,,,,-0.3530854662802514,0.0274736849672393,14.751577902118358,0.0187997516976943,0.9176278736457868,0.02474027,4.553660200634203
2076827454560320768,,,,0.74901383630318,0.0160168693276806,13.089631695746268,0.0112127216704098,0.9776856330655558,0.011632372,3.047691647391322
2076833055197955584,,,,0.7554378140438442,0.0158666063852317,14.53601103397238,0.0110835979161015,0.9890848947989944,0.016722154,4.508507107647279
2076834154709585664,,,,1.0157305700185275,0.0149209356783049,14.75896810495065,0.010411129454145,1.323689787716904,0.017755818,5.368013129513443
2076839480469187712,,,16.1638,1.1022278589670451,0.015867753594803,13.038430838801448,0.0109435039947494,3.795120083628243,0.010507208,5.933582585762055
2076848310922066048,3310.0,,,0.936263454541539,0.0174046172523519,14.62968466836144,0.0120997763039567,0.9371203838675616,0.020294016,4.485438700701904
2076871091425583232,1470.0,,,1.2840525677703942,0.0142676603346809,12.942828068936665,0.0100485820451028,4.8183644486277,0.014390312,6.355857641889001
2076880231116348672,3720.0,,,1.0090179170654838,0.0199007187949329,15.229339320737692,0.0136602217662461,1.1222520900721076,0.022489851,5.475825721227162
2076943796633684352,3310.0,,,0.7898790722996835,0.0651630218499174,14.555709572262591,0.0443059017724041,0.8848175291333282,0.017779954,4.290970758871616
2076947266967292928,3890.0,,,0.8449873715713214,0.0203717086555654,14.24496261251761,0.0140557288411857,0.7875714702920367,0.016309831,3.7241178664943906
2076953069455745920,,31.93,,1.8114432388487465,0.0162972284882094,15.642883194798213,0.011095404338819,2.606567278254141,0.028617762,7.713580453271996
2076955822541823744,,,,0.9415118158129177,0.0180065809014114,14.782658314809666,0.0123739224929856,1.185874481010076,0.02054207,5.150521505140761
2076960598545789824,8500.0,,,0.8381126642173393,0.0151526868487182,13.59819392447332,0.0106285427558122,1.5753007316937055,0.011732873,4.58413662406603
2076970047474270208,3160.0,,,0.7062441897835584,0.0158784387325463,12.09158340534922,0.0111254619126945,2.1249267783574144,0.008604879,3.728526265242987
2077041103410971392,3020.0,,,0.7724450731934346,0.0185914310887499,14.11145685450271,0.0128858856428626,1.154851393961282,0.015043327,4.420291100030864
2077119748545602304,2090.0,,,0.8855409766716988,0.0151861113706336,13.602131332043513,0.0106681504436262,1.8417675914333735,0.011387144,4.925169107062297
2077119752853895552,3160.0,,,0.8143930138184154,0.0406207270540288,14.319123207512662,0.0276967545106352,0.8893098453766843,0.015027186,4.067418939288949
2077144491865963776,4680.0,,,1.3124540121599044,0.0156402262561775,15.416265966571826,0.0107771140020078,1.6760243278140456,0.023997169,6.540215024159487
2077201219791653248,,,,1.4555215715294103,0.0173283863638444,15.51952717611793,0.0117546997088777,1.7340047699025083,0.025173945,6.716676041181776
2077203178296653056,,,,0.6883848800837564,0.0149377699481133,11.6668139629203,0.010505953973032,2.3557545105085476,0.011118039,3.5255908978690407
2077203728052488192,,,,1.123380947342933,0.016231670195403,14.920090527006234,0.0112585207587136,1.61446158722176,0.019714082,5.957585543163061
2077219052496826368,2400.0,,,0.8379994223343229,0.0152255482238183,14.616104707800922,0.0106480924978996,1.0074135010919203,0.018385602,4.6285132717412445
2077219499172974848,,,9.6405,0.7739173306365047,0.0150283843042061,12.790144380441168,0.0105316619715514,2.1513037920430658,0.011965556,4.453003888477019
2077236713401973888,,,,0.9075138117682342,0.0154269983091196,14.099115972118977,0.0108163512633416,1.4430712657169844,0.014827776,4.894607315281624
2077241558125147904,3160.0,,,0.8245429525154508,0.0197349940493742,13.573049279599736,0.013645643602344,0.7915400502725405,0.0145952115,3.061063550209852
2077243138673356928,3390.0,,,0.6811935210528832,0.0151081433202752,11.46476748445696,0.0106233353441169,2.5379328776715435,0.012238556,3.4840472085161576
2077298148611950976,,,,1.201495989087087,0.0155090826684743,15.168684650580415,0.0108189107361947,1.54816111974186,0.02143723,6.1165641550957215
2077299694799977856,,,12.2429,0.959448657038456,0.0152404247917798,13.37045304843424,0.0105331011956847,2.50313101657632,0.011237143,5.3626820274411156
2077381299180152704,,,,0.8281890255327069,0.0159069674005515,13.658858249601224,0.0111310303057892,1.0231881940684304,0.012563659,3.711870855035503
2077383395124052096,4570.0,,,0.916066339217008,0.0163353723976534,15.095651262402468,0.0113466329209606,1.111536631780406,0.029837437,5.316319286375792
2077383670001955968,3980.0,,,0.8209788567154407,0.0366924389242292,15.011434812829256,0.0250258554504817,0.7127510625612892,0.021897424,4.27662338273341
2077386315701921920,,,,0.6848404649498722,0.0149965275665892,12.867384997688738,0.0105497564279498,1.5882181203188035,0.013246119,3.873998607014972
2077389820395188736,3550.0,,,0.7769573830219483,0.0291220855145142,14.681370965773166,0.019915779619834,0.537425703585487,0.01970231,3.324693929041967
2077403633010654976,,,,0.7509809943650365,0.0292431564299335,15.111775728339016,0.019995983355709,0.6748932730875784,0.021009648,4.251451043932555
2077409645964537472,6310.0,,,0.8533598108235301,0.0153470188922485,12.093980975156818,0.0107782306180736,3.439944838688171,0.00901145,4.776680268007794
2077411363951616512,,,,0.6950613443650365,0.0282695199961904,14.540353728339015,0.0193652281995485,0.6705259344739339,0.01753897,3.6672103537288177
2077420842932795776,,,,0.6982887940578689,0.0152178739887094,12.256791041747356,0.010693738712746,1.942667369387573,0.04396606,3.7070784076590737
2077424210192781440,4470.0,,,1.0432096674327649,0.0155821117191206,15.224781636814653,0.010825215483106,1.0448988619977682,0.024260076,5.330255380473041
2077485271747441280,,,,0.8113475201871326,0.0162461488772744,14.170340505757016,0.0109115945725245,1.1714112869917142,0.017569337,4.518098509079939
2077540827141811200,,,,1.005038963663855,0.015154999725823,12.47984177344015,0.010647536122091,3.739844233209957,0.009409878,5.344626196087203
2077556465126659456,4370.0,,,0.8170850067154407,0.047658881103409,14.592804312829257,0.0324547776793061,0.5720297863467169,0.033844486,3.3880421713241073
2077580345142027136,4470.0,,,0.8561724908659777,0.0154282062378116,14.457258346860185,0.0108114032085457,1.2835330354291008,0.014985536,5.005730893830188
2077586873492185344,800.0,,,0.7858950697799512,0.0207437601774421,14.240291428562667,0.0143226332005599,0.8875794116082134,0.014053196,3.9847128491724217
2077595394707557120,4170.0,,,0.929960604557526,0.0155899158018196,14.714135253985202,0.0108885590201794,1.1914632621393648,0.01626464,5.091672799370013
2077598384004774912,2040.0,,,0.7198769069045263,0.0172487659367165,12.701587559679592,0.012032220646257,1.2878621110368738,0.1087685,3.283103156417516
2077601373302068352,,,,0.6987137940333071,0.0150520609492322,13.702061756882031,0.01056029656412,1.1732072836018528,0.011885313,4.053282701318182
2077601407662547072,3980.0,,,0.7648797775560904,0.0283198605639297,15.179717001989722,0.0193449588644844,0.5745925942093248,0.021744836,3.966583173310081
2077604981077075712,3240.0,,,0.7928323474333883,0.0237996950563023,14.504210868341268,0.0163604161937771,0.4979044215828541,0.020612955,3.0434536889297483
2077617930392844800,3500.0,,,1.2129451562207738,0.0154062873696383,12.349904332344288,0.0108182074594273,1.0850834621436594,0.011846345,2.5323058090892054
2077668752749671424,,27.04,,1.875282997251151,0.0156937583087183,15.61701749838053,0.0102592999797182,2.9451249442864693,0.039154943,7.961723756500756
2077683871034907648,,,,0.8556398703643913,0.0165208377034626,15.744532187935846,0.0113315777340015,0.7039276040808888,0.028063279,4.968283938799823
2077689059355373440,1620.0,,,0.7507264367154407,0.0212255325123405,15.167562812829257,0.0145993042285817,0.505953181982805,0.02274207,3.658451363307993
2077728538692850816,4170.0,,,1.513672947610759,0.0142768410298067,14.068489641803604,0.0100411521607695,4.920244676311712,0.013345514,7.526740503710126
2077745168807120128,,,,0.8299539317377562,0.0166125234517434,14.507114931237505,0.0115691643450051,0.8330827157368965,0.015993232,4.11475672578611
2077750803804146176,,,,0.7320739907036261,0.0159112510798867,13.453682948680775,0.0111454717180785,1.3133597063478362,0.01025985,4.04157778557825
2077764169742391808,1950.0,,,0.6623362644668109,0.015981826906751,13.210010353061293,0.011187508324375,1.313004126594192,0.00965409,3.8042436277163105
2077774099706867712,,,,1.0829753292026771,0.016829366992655,15.77958544779882,0.0115538142645914,1.1163621255485818,0.03185231,6.006847504234896
2077774443305045376,,,,0.835830219664228,0.0191489839417775,14.921614559358536,0.0132270777643031,0.4984691212123277,0.020583142,3.440822867595438
2077805263989929728,4370.0,,,0.9644938218568948,0.0151656718887782,15.054259789455424,0.0105329324914628,1.1862643556777968,0.021115765,5.4198347721060625
2077811410082955776,6170.0,,,0.8921211968638848,0.0149052072788649,13.579249611345292,0.0104846954595561,1.8353712461318623,0.012308263,4.895174279473112
2077816087307845248,,,,1.5009728340341186,0.0149720744361078,14.947232207392055,0.0103831703064381,2.8663300298968353,0.019992962,7.2334778387622
2077819763799736192,,,,0.8607677779891721,0.0176638005006117,14.77552665528682,0.0122143850115032,1.010639307631994,0.020742403,4.80215219037202
2077823440291891840,4000.0,,,0.7944063670155743,0.0162362125062719,14.36370054894743,0.0113174611311403,0.8340469724336586,0.017083999,3.977088175872689
2077827284282464896,,,,0.7588794606715441,0.0213840471453968,14.952991381282924,0.0146119508420938,0.3995347397684827,0.019669205,3.011925367470891
2077831239952281472,4070.0000000000005,,,0.9637508834818028,0.0149289122796306,14.738681532487028,0.0104339014264444,1.3455441164882618,0.019422041,5.380192742453209
2077837115462974080,4070.0000000000005,,,0.7132248652914239,0.0147543684937382,11.63131161989088,0.0104536992950413,2.0762430782835533,0.117546745,3.2125990425413953
2077858143627173504,2400.0,,,0.7243580439262296,0.0243423585050093,14.2723522195104,0.0167076906458435,0.8501063346250651,0.015371903,3.9203550521974737
2077889892023816960,1000.0,,,1.627995659447019,0.0152904999994431,14.995695268531955,0.0105815480874305,2.958475491762753,0.041840106,7.349144809577391
2077891644372852864,2820.0,,,0.7243029423437977,0.0418114051877327,15.029312729417084,0.0284660851032663,0.3884026847002125,0.021017805,3.005544922548408
2077894083914484352,3800.0,,,0.7741298693284558,0.0273960465466872,14.510101118717074,0.0187611502980075,0.5612340753656018,0.017399458,3.283497375296541
2077895183426195712,4570.0,,,0.96090958511948,0.0162321578288559,15.296078823145931,0.0111834187679948,1.128314588534078,0.023396935,5.5293898788580655
2077902914366974464,4680.0,,,1.0139650861968956,0.0155987877935729,15.080291866366467,0.0107839639310706,1.2542172084133951,0.020548422,5.569657999743345
2077911332502996224,3550.0,,,0.7435473853723527,0.0193437299071002,14.908110050263405,0.0133175871376724,0.6187945026239589,0.021164311,3.872183367520575
2077954866292643840,4170.0,,,0.8239097726593171,0.0158013208676366,13.551929609269251,0.0110705783606515,1.692168913263811,0.011765126,4.694037280835932
2077956171962729856,3470.0,,,0.8137625129732539,0.1070255435718471,14.791036010910164,0.0730863530011259,1.129781315789424,0.6858022,4.299330412893907
2077967888633787264,3310.0,,,0.8416666369396029,0.025789131005724,14.562175211586796,0.0177002701035129,0.9247092898601764,0.016590081,4.386401427833643
2077967957353259136,4070.0000000000005,,,0.8987301422457781,0.0151576875344421,13.464835425501017,0.0106453146025181,1.1742456222313733,0.010858352,3.8131615916299353
2077974687557384704,,34.22,,1.992988605942549,0.0154105782233811,15.758396472369665,0.0103405452764352,3.741926107497744,0.026989553,8.622725888132733
2077988401397704320,4570.0,,,0.9992203476633942,0.0148449895828166,13.99850686079036,0.0104277565482868,1.9998145116487929,0.012607222,5.501881977721251
2077994272606400512,1860.0,,,0.936915760332642,0.0151298269018989,12.494530125913933,0.0106025014141941,3.5752704686192316,0.008993224,5.26001103250359
2078000289864478976,,,,1.298269999456649,0.0161770030843739,15.404544821238003,0.0111457355768155,1.672141661692582,0.024825176,6.520915675548769
2078003897636955008,3800.0,,,0.9087422064727526,0.0174504157600093,14.885560870961264,0.0121015567015457,0.952957302734774,0.022631487,4.775820345171731
2078008703696509056,3550.0,,,0.6957352739457693,0.0149947502641593,11.559885151920607,0.0105479083652996,3.0612646240551284,0.01202605,3.9884871587476542
2078012796808952832,4790.0,,,1.147594082575403,0.0150587821361433,15.361463572765118,0.0104661983835487,1.4554387624461644,0.022674648,6.177899098950222
2078019187720711424,3980.0,,,0.8938811814142308,0.0187216413689349,14.606943372144862,0.0129616647551744,0.9684160882487572,0.016789226,4.540495794523924
2078025990949149056,3090.0,,,0.6809207640292645,0.0397028334888063,14.627987287697554,0.0270441248718917,0.6179036972301409,0.022176914,3.5861620785551303
2078038738412342656,2820.0,,,0.7833934674400735,0.0630122745962554,14.652751829177284,0.0428205086998715,0.8597149571015261,0.02060382,4.334483727727683
2078049767888231936,1620.0,,,0.6675958138841545,0.0162481053473265,13.715569509575298,0.0113304653625849,0.7660610925058456,0.013134779,3.1398693388441323
2078080176257415168,,,,0.8609778994699819,0.0146197209397509,13.347058979374856,0.0102963937989423,1.4982996265216646,0.010392921,4.228112102254633
2078083436127470080,,,,0.7081411942193198,0.0149259614857784,12.370136679126013,0.0105004185170772,2.2170007585207196,0.010146935,4.096171829536704
2078088005976092416,4170.0,,,0.8397760393284558,0.048174746712851,14.705945118717072,0.0327701891271519,0.6869005127853917,0.019179836,3.897897625443152
2078097665364576384,4170.0,,,0.9254404206544198,0.0170295853983251,14.942550871056506,0.0118293299642693,1.1591014764651335,0.020653466,5.263838333114451
2078125359313871488,4570.0,,,1.0733235075873,0.014954690964554,14.245737687376222,0.0105007572154742,1.831142974094132,0.015435128,5.556925117308932
2078135461074212736,,,,0.9681671730834824,0.0152016882076925,14.847806278602585,0.010647288115586,1.277821776566819,0.018254787,5.381266663585061
2078147796220283776,4370.0,,,0.9226411663587236,0.0160327684347421,14.753573701978288,0.0111781391550516,1.3157296232966649,0.018558638,5.337044452169559
2078176589682140160,4270.0,,,0.916470059187549,0.0152584434778129,14.954761717673064,0.0106689913966467,1.024514135679798,0.018519066,5.011851273127618
2078201809729303040,3890.0,,,0.886921044986569,0.0199205575264321,14.158261152189835,0.0137756515705348,0.9134023563020174,0.014124853,3.9707182133080146
2078225792827512704,2240.0,,,1.472898822160497,0.0158533095384203,15.234283724417995,0.0113149704101976,2.6993188889866264,0.27503264,7.105749397443782
2078226308223597696,,,,1.3129600652227071,0.014715013554323,13.812073679323769,0.0103540145263835,3.6899770503776064,0.010617578,6.647694822950841
2078272831307891456,,,,0.6960572734842689,0.0152702758199287,13.576528144501424,0.0107148979041829,1.0649233394037787,0.011509687,3.7131421739506183
2078286197246582016,4680.0,,,1.0978745115480546,0.0151426071074212,14.456193252570012,0.0105667041350717,1.9360854722648533,0.01828253,5.8883657783429
2078291832243170048,5010.0,,,1.1123674594633013,0.0151670463079743,14.462336840718027,0.0105963714027935,1.9329797208442363,0.017282953,5.89326404690453
2078297810838102272,3090.0,,,0.76215613602238,0.0149317338803548,12.972630873175929,0.0104970408008205,1.4106647710480669,0.009625803,3.717688804023517
2078310008545447808,4470.0,,,0.9980217106071644,0.0154742045715641,14.873465454404483,0.0108117543348689,1.324575539282819,0.019623857,5.479108613864284
2078316296378319488,4170.0,,,1.2817498794778768,0.0146197617516432,13.044349846750714,0.0102991670117374,4.630545734895187,0.009679099,6.372447125529904
2078327974388092544,,,,0.8427688872141286,0.0151708170302083,12.689783545065248,0.0106590379765335,2.5730866427401313,0.009773197,4.741840860407404
2078373642776670080,,,11.2704,1.0999601731858568,0.0141758804886738,11.524989081703731,0.0100027937644136,8.04512131014524,0.01035037,6.052727357144974
2078399790542181376,3800.0,,,0.8486108730517884,0.015538265798489,14.55308570251298,0.0108692423469042,1.0722667849249106,0.016055577,4.704899062938246
2078431642023279488,2240.0,,,0.7255892842830928,0.0157902847621075,13.5346349515723,0.0110485191964732,0.9828935126840622,0.012981931,3.5020785980642035
2078446691589261696,2340.0,,,0.8053438362468464,0.0192806564249934,13.607481597817824,0.0133544620958307,1.1712550197155074,0.01227527,3.9487115711923177
2078450436800904448,,,,0.7388821464836948,0.0162612598993334,12.777086863766671,0.0113622929379163,1.2919981429364078,0.013485257,3.3331627190508577
2078511803294780032,4370.0,,,1.2063247944311222,0.0149055233916452,15.186896239482218,0.0103528275781179,1.6093702427145504,0.022366954,6.219545141474589
2078515170549178880,650.0,,,0.7835605663032444,0.0154663150975856,13.808966879693124,0.0107928830352513,1.4035564763307542,0.012882695,4.543819828094271
2078524482038704000,,67.97,19.4101,2.5304868417110997,0.0152588707187649,15.7152221334384,0.0100146767069952,7.500286335269537,0.02747982,10.090094183724933
2078527986732237824,,,,0.9456658190656486,0.016096932643244,14.670047549014036,0.0111942328122624,1.3192358155932848,0.017142106,5.268738091781579
2078549908245590400,3800.0,,,0.7781036169375897,0.0999764219105982,15.048965394585371,0.0679008125060567,0.69980419470875,0.023318961,4.272706392271019
2078635910668511872,,,,0.8726241469529388,0.0194412528292794,15.075124345534793,0.0134051707546867,0.9004931361004175,0.02061447,4.844946564127776
2078648211455026432,4270.0,,,0.9840170826378004,0.0149470300756542,14.331060597581658,0.0104880590487811,1.7291235786384769,0.015718995,5.520648799313317
2078697552035948800,,,,0.7178706386556798,0.0150880959066503,13.84286159409039,0.0105865280675151,1.0245873777855845,0.014012699,3.8939769240964903
2078707035323917568,3630.0,,,0.8941161683461656,0.0172163456282912,14.775081640641949,0.0119489282977204,1.092127144746362,0.02852181,4.953877461511166
2078716484251777152,,,,0.6974426920877934,0.0755375314653212,14.72401886309266,0.0513090523575788,0.698569306818305,0.02048049,3.945735309003643
2078722600285671936,,,,0.8577078558720407,0.0147849793935891,13.613824131920191,0.0103962765101657,1.9683009626307209,0.011609858,5.081703247750777
2078726238114989824,4680.0,,,1.0403458627293016,0.0148089884652582,13.989168238967116,0.0103952935034935,2.154264995618545,0.014101046,5.660924954500219
2078729609672614784,3390.0,,,0.8680906204276921,0.0244344628385301,14.997716569679056,0.01674018646942,0.8990478106672798,0.021271348,4.762874956706151
2078735519547912832,,,,1.2125816360713917,0.0141777118551168,12.929120245666653,0.010010988163445,5.1717638109114175,0.013843287,6.496919513940959
2078752149661192832,4370.0,,,1.0090025251436028,0.0184895586595849,15.193747903966834,0.012736662587644,1.1638082588744538,0.023506165,5.516996787200643
2078758433192866816,4470.0,,13.0997,1.1093434210736604,0.0168715993213113,13.992816216772685,0.0115252175003463,2.434778981521967,0.014169774,5.9254803530887
2078785787845558656,1660.0,,,0.627322280073161,0.0262733502745511,13.376146219243884,0.0180178952415438,0.7032947829121609,0.010649834,2.6154219969361563
2078801009210349440,3390.0,,,0.8827236330019343,0.0174800028845242,14.45961413801096,0.0120600490267409,1.2264381925831684,0.017759813,4.902032799137288
2078807228323035008,,36.17,,2.173114296989654,0.0147050245614141,15.211161872457236,0.0100140111961264,5.26550066525973,0.022214895,8.820359310988064
2078818944993952256,4370.0,,,0.97079904103559,0.0154814672434854,14.568964900913029,0.0108139010429855,1.3107629233908875,0.018073885,5.159558635917586
2078832551450444032,,,,0.9086730127257024,0.0165286302641339,15.014681556756852,0.0114919904196131,1.1384654781649637,0.020696418,5.293241952010579
2078840900864235136,5010.0,,,1.2621414326329945,0.0168617890724776,14.122910772754077,0.0108850384934329,3.0547338821380596,0.014487892,6.548569602636393
2078849112841866624,2690.0,,,0.6322303074770212,0.0654506288796848,14.544512492734553,0.0444808308475657,0.6521453025111332,0.019766405,3.594645939606586
2078852754973778560,,,,0.8440545298469886,0.0174405186318315,14.018628906172577,0.0121329495094004,1.2020749436919524,0.014911377,4.4222899796397375
2078920821617340416,3090.0,,,0.7411647754686832,0.1020804242445318,14.67249364756608,0.0693359387400159,0.5859214830146204,0.018876549,3.511636481696586
2078933569080413056,2820.0,,,0.7222663640292645,0.0449075249424268,14.996594287697556,0.0305213118391497,0.5154486558542238,0.022432819,3.548614422770253
2078991014258266624,,,,0.7999704384264784,0.0157827793198984,12.10082532086802,0.0110555988852201,1.4198324620407632,0.010355914,2.8603228847019615
2078999608496984448,2950.0,,,0.8787952760464242,0.0181402451542422,13.982345104359876,0.0125858609287886,1.0643284247284324,0.01353614,4.1222927891118974
2079000330051813504,4000.0,33.75,,1.8797958916755573,0.0143648909236189,14.581809805162262,0.0100059060453744,5.664400227179235,0.016907614,8.350422337476248
2079005651508492032,1780.0,,,0.5952472611027103,0.0180845930361999,12.631802378547308,0.0125663433795547,1.204362468656028,0.012905552,3.0374192661086763
2079018300195390464,,,,0.7379975272721866,0.0159452337948407,12.958050071713693,0.0111389790045744,1.141730543371279,0.010689221,3.2432032342228947
2079028676836456960,4270.0,,,1.0539871637772786,0.0167575431280385,14.610417467361437,0.0116419367031134,1.7757929564568036,0.01798807,5.861260980160457
2079056714383865856,3630.0,,,0.9378913265277388,0.0162186908079096,14.845047085787858,0.0111600516194647,0.9446516687463808,0.020929243,4.715111507563105
2079071626510258432,,,,0.9499735308568056,0.0170822753698717,14.596391194784552,0.0118113096374166,1.3688923362385406,0.018646818,5.274320722745886
2079139864948330752,4900.0,,,0.8021022364247972,0.0184830913616033,13.321178885082723,0.0128035172390135,1.576528644545412,0.01181417,4.308114597846254
2079192121810035840,7410.0,,,0.8753863710321801,0.0188129956037872,12.727246770664385,0.0130584440740183,2.54944174785394,0.010331633,4.75778273202217
2079224424266279936,,,,1.4868080569707194,0.0634397275861056,15.22497763910387,0.0431231776934163,2.290921029976047,0.028493367,7.026684484122775
2079270981709055232,,,,0.9653290879225492,0.0200816297411679,14.87533034883993,0.0138511871228036,1.1406659008766868,0.021259142,5.1607527004004705
2079295514562689280,2510.0,,,0.7585945346069367,0.017334885052422,12.955841614539644,0.0120641941945929,1.6380453061121996,0.01076851,4.027700943813615
2079295583282164992,10000.0,,,0.9748972798851548,0.0223294029510888,13.391212019441614,0.0153963031876409,2.319195923352638,0.0118299965,5.215407787043134
2079298435140815360,1700.0,,,0.7137796924311558,0.0167814672505697,12.822002511690512,0.0117058575952085,1.797019367226952,0.009254483,4.0921391247842145
2079299809530106496,,,,0.8726315839952521,0.0156596669392194,14.519143617850494,0.0108860808088986,0.9408731933725872,0.018419106,4.38177915181959
2079323758268003968,3800.0,,,0.8694395827504586,0.0245611985546245,14.767140937022065,0.0168506557789557,1.1961972214186898,0.019992888,5.154465518354064
2079368391569401600,,,,0.7510892734145936,0.0154936642187708,13.217132035312623,0.0108580379149474,1.6383098918460286,0.010702549,4.286063910107197
2079404572371719680,4370.0,,,1.3264942422858537,0.016522816688274,14.0010974108076,0.0114917762571812,3.2777780676563584,0.012689612,6.57712619358378
2079523903745213056,,,,0.626195645667839,0.0322517496483206,14.641759108309746,0.0219964574697594,0.7051823828170017,0.018634047,3.8733500752534304
2079548917633369472,3390.0,,,0.7941384920725345,0.0441786744327175,15.008710699625253,0.0300630398546783,0.6899714647369691,0.021703744,4.1891345524630665
2079563829758338432,4370.0,,,0.8460109889870999,0.0158845362504271,14.029544994215064,0.0111077303058774,1.2427310459133092,0.014073777,4.497594041866714
2079597124345617280,6000.0,,,0.8504669475238011,0.0148960404904245,13.258601804591477,0.0104709643737871,1.8326961568155289,0.010348715,4.572165540006782
2079608703576897024,3980.0,,,0.8028042179853676,0.0281362448946762,15.529787356151225,0.0188529514686037,0.4437839683400006,0.031772297,3.765178679415628
2079650828617180288,4370.0,,,1.034393218623999,0.0180592568521393,14.848986225652142,0.0125074820664473,1.1467173850025651,0.030700332,5.141408438559223
2079662785806103936,,,10.4419,1.4585421732117083,0.016123381477689,14.94957171807273,0.0112329082360823,2.649747725195686,0.018978074,7.063628820876778
2079691991583086592,3240.0,,,0.7281811886133099,0.0269301819396334,14.344627786576032,0.0184471988242483,0.7237354585079359,0.018182762,3.638979327770448
2079692678777827712,,,,0.764542458424139,0.0290408499798467,14.515312346238852,0.0198316238394707,0.5790033357499341,0.018429872,3.332062448588127
2079728790863754752,4070.0000000000005,,,0.9658024475702458,0.0163922186416612,14.757271621145094,0.0113976061230974,1.3322354494009527,0.016927809,5.373073744547735
2079733154550359424,6760.0,,19.9309,1.115218381318743,0.0169650458791943,13.304954557531447,0.011824943369715,3.551465388636675,0.010498893,6.056067745549463
2079749303627032448,,,0.4123,1.1226179206858156,0.0158695108116138,14.433577172932466,0.0109653237839059,2.051292556213747,0.01739449,5.993198728600918
2079749956462030720,2190.0,,,0.6434852382894688,0.0167643617170764,12.994417362494891,0.0116972541138307,1.0354629500839765,0.011829109,3.069909066647048
2079750265699679872,2820.0,,,0.7041653853723526,0.0229517934687578,14.986359550263405,0.0157623017571652,0.6572775382634859,0.025146088,4.050655320233133
2079752464723012096,7760.0,,,0.7966022878074369,0.0156184678115121,11.522701936755611,0.010957539696514,2.750828255998764,0.011404433,3.719812002100596
2079810120364906880,,,,0.7875457735168011,0.0158337352679462,13.813060796379556,0.0110852102190614,0.8174749074725983,0.013141703,3.3811041279744316
2079825273006700160,,,,0.8729461504417773,0.0170857361525831,14.552250533023154,0.0118948896919917,1.1913092077052605,0.025520008,4.923736281430754
2079877568529123328,4790.0,,,1.0266225652337189,0.0170165521289859,15.233819725349646,0.0117196818880951,1.210733026516654,0.022665376,5.6328665234879
2079880695265507328,,,,0.9615916406354011,0.0161698330934491,13.452391707412424,0.0113067028251453,1.893185167664368,0.011340113,4.839909984673088
2079885608708649344,,,,0.8360722654852616,0.0166243423945153,13.456898844958529,0.01160804323984,2.064757148269213,0.011105446,5.028094371978645
2079893820684922112,,,,1.2251103984804024,0.0156986358860656,14.052774545765224,0.0109728398993456,2.668396050264923,0.014388599,6.181558352985654
2079897050500386944,2750.0,,,0.7684170942078161,0.019683222461415,14.391734258837692,0.0136126502966166,0.9218430519482822,0.015625678,4.209506764080185
2079902101382181248,3550.0,,,0.7882814016407738,0.01653273273453,13.987912181197506,0.0115366258319449,1.059465810454696,0.0127634695,4.11184020622157
2079905193758608384,4370.0,,,1.4531692232755693,0.0174107665379115,15.393423961899332,0.0119427431977864,1.996748526893194,0.02216902,6.891399430492552
2079911859548385536,,,,1.016317484168051,0.0164635053346295,15.35901923052928,0.0113385993821697,1.1684368267131102,0.025764551,5.700998257371994
2079920140245373184,3980.0,,,0.872633067391642,0.0199180784836615,14.781757128261514,0.0137459961586337,0.8447200135177537,0.024846025,4.390497061587352
2079920552562267904,2750.0,,,0.763800326425455,0.0162564333309971,14.39287363256582,0.0113491038055727,0.8192357033412591,0.016145373,3.953724005014673
2079920724360946560,6030.0,,,2.0322504689357004,0.0262090971427954,17.137017617651978,0.010235414102558,7.065235269291114,0.107749246,11.376790057610814
2079934640055270144,,,,0.9274066094758068,0.0169229619257697,15.337041544979206,0.0116801674400962,0.9660563656364188,0.022740327,5.25172395727507
2079971473693847168,,,,0.7007851319398747,0.0155058993660145,13.49639930339119,0.0108670083152296,0.8970763044554365,0.01011574,3.2561875406152936
2079981712895637248,4370.0,,,1.035549507904245,0.0167710406699792,15.398765183381231,0.0115697929310228,1.1869480532108754,0.023483219,5.762083666042248
2080016106994504704,3160.0,,,0.8156777878782392,0.0152031892684408,14.62013306456642,0.0106358819286022,1.1537193470366718,0.017092254,4.933293649239049
2080018374737161984,2880.0,,,1.5610042501285168,0.0155289087420362,15.47801148583874,0.0106868817919315,2.156572094986161,0.024789654,7.146829092409609
2080048680026646912,4270.0,,,0.9651524496227988,0.0162856132886518,14.997902254848398,0.0112240399014984,1.3381194506460994,0.019542433,5.628105116068049
2080054761700390272,3390.0,,,1.3992089460266717,0.0167741997573376,15.426176798825772,0.0114605496755432,1.428116522055311,0.07571943,6.277511123709582
2080057269961317120,3800.0,,,0.8881566138827998,0.0173308140271503,15.095207252187722,0.0119865990089277,0.916284143280172,0.022963248,4.903542870615018
2080058266393766656,3800.0,,,1.56972747848148,0.0155526636523405,14.995613442183748,0.0107486272926858,2.688872265114046,0.019719508,7.141579127927793
2080061393129929088,3890.0,,,0.8370269360069423,0.0155001796751373,15.188262896148856,0.0106694049917926,0.7577231808052827,0.021936446,4.580367512133954
2080061942886335744,4400.0,,,0.874888919720974,0.0160540706611523,14.291713041065009,0.0111940522164383,0.954393862221173,0.015639545,4.188226044822171
2080062664440262784,,,,0.766197482275518,0.0152330697089901,13.980381685267274,0.0106803197465046,0.951066644752134,0.012672172,3.8772015251552463
2080063931448749824,,,0.2515,-0.3735066080193502,0.0198288652790056,12.059006588917027,0.0108927015388745,2.475832935892718,0.031625494,4.025534991304065
2080067440445173760,1780.0,,,0.6259702962602711,0.015773883937106,13.45108428680231,0.0110563046094885,0.85279507015892,0.0146790845,3.108094968363849
2080067749681845504,,,,1.4692595893005882,0.0158992379817989,13.990526127985868,0.0111249719558089,2.80408805799665,0.08572851,6.269324021369668
2080070975195117312,3550.0,,,0.9630620602089582,0.0150497218424333,12.84463273996336,0.0105790472790418,2.774855844644452,0.012042287,5.061647560480843
2080095512350543744,,,,1.298432336979804,0.0141640466212611,12.446447262898465,0.0100024118244699,6.584324040871822,0.008726513,6.53879677753917
2080095684150253952,,,,0.952809011935451,0.015706275345106,15.010885025222931,0.0109268582198392,1.1010471459534972,0.017922208,5.214812672861406
2080098840942920704,1380.0,,,0.7434571078293253,0.0145653258209138,12.628301614715104,0.0102658024317988,1.9355483024944191,0.0093273595,4.063598778726922
2080165846735990144,2340.0,,,0.9284444822431224,0.0154495899900069,14.217955839442672,0.0108063391851347,0.8775936824411377,0.014573645,3.937542468731315
2080168561154800384,2100.0,,,0.7354085859877025,0.0151139861390488,14.079741195022512,0.0105532735902524,0.957685597794045,0.0139358975,3.989867946159944
2080172576942778112,3800.0,,,0.8441810909382014,0.0164535948487258,15.14412630084804,0.0109542728168406,0.7710785772812105,0.024952278,4.556400784484564
2080188249284118528,4270.0,,,0.9254865013174478,0.0346455740819671,15.311990927068926,0.0235958697896852,0.3356636486640125,0.11977951,3.5220995271131983
2080193506325008256,4370.0,,,0.904655501281352,0.0155328491702319,14.735872354990285,0.0108423629798406,1.16584384466671,0.017697271,5.065528093053553
2080246282881778048,,,,1.1214934591586965,0.0179913017261113,15.25778965490608,0.0120199757316327,1.2984707495683832,0.023001201,5.8225040120362515
2080247996570836736,2820.0,,,0.7656591004752993,0.0402701778390772,14.799483411803902,0.0274302587185706,0.6320239674508198,0.019689066,3.806674997460728
2080266967444876032,,,,0.7053374230219485,0.0195239994951181,13.637545965773166,0.0135105644629525,0.6130062731025986,0.01190051,2.5757919032410914
2080271674728481280,,,,0.9325174973565318,0.0151165780181351,11.759932841802186,0.0106278480762501,4.162101338400581,0.0117956605,4.856945777237462
2080286483776060544,4790.0,,,1.087918178881374,0.0278961156001265,15.158034740768532,0.0190889069881877,1.073138169280486,0.0386244,5.347951061559778
2080287892525359872,,36.94,,1.9482677301580444,0.0151221043702711,15.74407294574987,0.0102097508409455,3.126741946908092,0.027561706,8.220118093564048
2080300949226451200,2880.0,,,0.7135349292966043,0.0160571127092872,14.505613092288186,0.0112147592944237,0.8475606655692508,0.018740447,4.15522074069003
2080310088916950016,4470.0,,,1.0606190968793598,0.0164710147168048,15.091419046338537,0.0112503728993597,1.3315529342655812,0.019779857,5.707163446415111
2080314315164334464,3980.0,,,0.9209379729422916,0.015652356046783,13.378997802545928,0.0109714197014055,2.22406959575955,0.010694196,5.114994790036382
2080316995223800960,,,,0.9535801012324424,0.0317035810306254,14.48476773697917,0.0217739502291511,1.0917877248820962,0.16327243,4.677201118608755
2080326444152019456,4270.0,,,0.904049122464988,0.0164004355558872,14.603980753571127,0.011421274009122,1.166334402168001,0.016859496,4.945250430035474
2080334106374197376,,,,0.7548827590234898,0.0163300930562839,14.473887245931074,0.0113634111732012,0.9807785248928064,0.017305043,4.425229539864633
2080340222407746816,,,,0.7340954734985009,0.0176469843587265,13.421138468378492,0.012285532965519,1.080119919559583,0.011317478,3.587935832968327
2080344139417876992,,,,0.8605804263424602,0.0159211214955494,15.192005174053756,0.0110243051700854,0.7991180841714256,0.021376407,4.698332486520554
2080344586094498432,,,9.0462,1.023643763246927,0.0156799883579723,13.682771388140017,0.0109199126118559,2.641690968082574,0.0132995,5.7918184185045725
2080353416547448320,5370.0,,,0.8171438573490709,0.0163585371732807,13.526365433531277,0.0113856461382833,1.0520497259800106,0.011441006,3.6340055789614034
2080355615570219904,3390.0,,,0.6930814081463068,0.0152011436904003,13.357845582633017,0.0106739578468447,1.3421602488069713,0.010353316,3.997103891617673
2080362899836411136,1910.0,,,0.6102989077571881,0.0173191595057965,13.286704137821843,0.0120662647118991,1.061914360761301,0.012996867,3.412414820986637
2080369355161370240,3630.0,,,0.8021380125207764,0.016088387133301,13.1831760923702,0.0112852375498724,1.600269770182702,0.08180633,4.1922157485055305
2080378808394131200,,,,0.9668138405308276,0.0144299927707866,14.57934467331434,0.0101293417275567,1.6191832818017975,0.015261638,5.6206696196017685
2080381625890666496,4170.0,,,1.452789688640146,0.0176795711420321,14.703043050937229,0.0124470081793149,2.0520057192330383,0.18541145,6.528329952381437
2080388566557873280,3470.0,,,1.310064637600378,0.0154180964723186,14.884985693381838,0.0107984629273061,2.091924271956154,0.018513998,6.489680307039393
2080390353264322944,4170.0,,,0.9632784943175964,0.015916478608388,14.833222597618848,0.0109754061410274,1.3236832153471834,0.017435972,5.45202113070655
2080406364902715776,4270.0,,,0.9011398852239882,0.0152340331276627,15.311485963660354,0.010609775813078,1.0057580242917092,0.020468744,5.318916712545043
2080452613110460928,5620.0,,,0.9163974141444894,0.014756979317861,13.841751515641652,0.0103759250011133,1.5197760972780952,0.011899165,4.7521908924602805
2080453025427246848,2400.0,,11.4669,0.9519574191320258,0.0148963674600895,13.503460330666268,0.010389222060363,2.448190816703686,0.010675202,5.4471151064910455
2080466185207274880,3550.0,,,0.8753142490310424,0.0156348927931624,14.777155819456398,0.0108281429612421,1.0874443936351146,0.016891716,4.9536035654902655
2080476321330727808,3800.0,,,1.2713951052236994,0.0147134985182794,14.84215797002784,0.0102862168981523,2.0938617283593426,0.017244268,6.448076732551536
2080484842545877120,3890.0,,,0.8783941858080273,0.0154037531131765,14.865949806543664,0.0107290306778647,1.0805227361176737,0.020348405,5.028832277187302
2080506523540902912,,,,0.8862202340755798,0.0160662297804084,15.069096310618963,0.0109468189942664,0.9792465461778522,0.020761576,5.021238768728118
2080529922521395712,12300.0,,,0.9033877315315442,0.0158145212458501,13.92916086726002,0.0110621347663284,0.8981119779216272,0.013882192,3.688791776575133
2080534148769345408,5130.0,,,1.1028367240579584,0.0145060792817639,14.783518120536876,0.010183468098193,1.9592638445189332,0.017105464,6.241526836842002
2080548957816447872,4570.0,,,1.2818022857859317,0.0149770354990404,14.88304468592034,0.0104610548185316,2.0739196342056507,0.018186182,6.462691441746669
2080561636560110464,,,,0.9081105880810578,0.0143514175123658,13.814534700716596,0.0101092134574302,2.046792631634057,0.011231176,5.369414891861846
2080562667352233728,5130.0,,,0.8966554758657143,0.0144122517396173,13.523733348494066,0.0101681191845153,2.196788029604285,0.02166779,5.227453760270565
2080563320187721344,5130.0,,13.2302,1.119524112117282,0.0146920762165741,14.17548593767684,0.0102535203266244,2.2495446703768858,0.013188247,5.936677303469464
2080580328258222208,10470.0,,,0.9172514187865592,0.015565733468359,13.39470194012735,0.0109089044025494,0.99185088263424,0.010892236,3.380732073170732
2080581565208813312,,,,0.8542549872815317,0.0153419267734033,15.313934448341715,0.0107119461569911,0.7997909385856194,0.021929974,4.82395592669304
2080605823183999616,9120.0,,,0.8849417889348613,0.014753698622657,13.160919061669746,0.0103700343917985,0.7757732231684341,0.01029757,2.6076688816227325
2080638877253151232,,,,0.8636259788042427,0.0149111699538226,14.570686518442004,0.010459085915047,1.3023500100590344,0.017528914,5.143274599794978
2080650559563974144,5500.0,,,0.8294109491647257,0.0152209159206663,13.833355350099197,0.0106791157061586,1.2971238786401045,0.012064823,4.399754471867482
2080657740749601792,3390.0,,4.9784,1.2140261877465417,0.0143141764740261,12.932649800803924,0.0100387812518776,4.654815902072616,0.012099176,6.2722029048372985
2080811118319262080,4300.0,,,0.69147829812185,0.0165957595612325,12.400724881157725,0.0116002702224344,1.6511111386534032,0.028625397,3.4910445403194856
2081875484241210240,2590.0,,,0.650130308588314,0.3529212305438065,14.815048990983486,0.2395741182480225,0.633063339420591,0.023231523,3.8163301751607666
2082074942519913344,4830.0,,,0.7719680287400199,0.015984614026296,12.730475574614712,0.0111960526327217,2.2771024741395793,0.014137193,4.513316568487694
2082161219824397568,1480.0,,,0.5842585637824705,0.0228259900976269,12.936537006935518,0.0157059639510823,1.085814416261724,0.010067437,3.1142067300125795
2082162147537254400,4070.0000000000005,50.81,,2.2622227440209697,0.0143893068814231,14.728843462548536,0.0100089007811051,9.173742772436349,0.017317733,9.542103745308738
2082208254002842240,,,,0.8466121683929011,0.0384458465113332,14.661126038164646,0.0261839040572461,1.058395431863699,0.01910334,4.785686719677495
2082286632869692928,2340.0,,,0.9165708799616892,0.0174373819608293,13.578898977457076,0.0121320017073456,1.504738413280524,0.011770798,4.464362689799545
2083061376251298688,2450.0,,,0.7455512420761095,0.0164562380093925,11.7798845229977,0.0115047432669858,2.0972358430608993,0.009088328,3.390373012621815
2083391813854073856,3000.0,,,1.7503061,0.0141733144018206,11.270322,0.0100056106364243,21.53076963524699,0.011120473,7.935421906484466
2085193569812098944,4370.0,,,0.9852310181019992,0.0223969432874985,14.706845317875247,0.0153991275892436,1.3266328326282677,0.018462678,5.32969523389678
2085204015173031552,,,,0.7094441685662775,0.0254303543201661,12.67037140774526,0.017463878194,1.1434775302017333,0.013062249,2.9615103538895102
2085210887120749824,1550.0,,,0.4981355414894104,0.0558959708210494,13.28864020105362,0.0380070621873064,0.6706783491298296,0.011666561,2.4221186630513696
2085222191474854656,5800.0,,,0.8930643516130405,0.0174927559523169,14.321192851144524,0.012120658634716,0.8986055618826714,0.016339066,4.092201964792169
2085225627448615424,4170.0,,,0.9307159494654762,0.0285997529233336,13.61748570079482,0.0195745105928779,1.0883722175188113,0.012098747,3.797877936125977
2085242360641759616,,,,1.1921615348375805,0.0157146804599877,13.572745455416104,0.0110058453027074,3.2419283608996823,0.011538337,6.123688567081979
2085258750237006208,4270.0,,,0.965490419895842,0.0163027384740647,13.64558868377196,0.0113955174967178,2.402268325593566,0.010922314,5.550740831839438
2085261705174452736,,,,0.8601672022809925,0.0359699480748911,14.28935948740848,0.0245191421748807,1.1005248765962166,0.017054448,4.495359959083677
2085281530744134272,,,15.688,1.0196330114533074,0.0163725809245432,12.899675270790944,0.0113271633285981,4.009234345405192,0.013562675,5.913205948921959
2085286890863482752,3090.0,,,0.6800400333919829,0.0173969837038933,12.037271681855389,0.0121142568706818,1.8271266998391995,0.008853249,3.347578086088033
2085337502756644224,4570.0,,,1.0438268585555537,0.015559192184127,14.44420059564245,0.01084873362768,1.806235860913191,0.017721754,5.726346290054661
2085482775729637376,,,,3.0886146862086963,0.0204547092394942,16.684230200529445,0.0100409892202005,8.185761675169315,0.04570512,11.25245140925475
2085502463860057984,3800.0,,7.045,0.921061593195242,0.0168287311263257,12.948661357605436,0.0116674134455672,2.941475264004362,0.011037673,5.290152582009858
2085514146171216768,3890.0,,,0.9432503221163282,0.0177696688932173,14.275239750241608,0.0123368571680941,1.5428401216899783,0.015112861,5.217226665876346
2085519781168726912,4790.0,,,1.0160557146700313,0.0163782740277527,14.376952336742503,0.0114031784866609,1.8969305799039429,0.015935868,5.767541920114834
2085527924426959104,4570.0,,,1.075695351335764,0.018190185623769,14.349722703399316,0.0126089034888743,2.086507683502505,0.016934,5.948001557715202
2085559604106082688,,,7.2369,0.8479291277503628,0.0155837161479989,13.153702095629628,0.010889818967123,2.0538466101825703,0.010226377,4.71406295247502
2085575272147044608,,,,0.743146521100398,0.0157667825622058,13.50396886767122,0.0110335145755279,1.3452261099404883,0.010721851,4.143545470784268
2085599186522693632,2950.0,,,0.7927950960934913,0.0416811921416276,14.108030691568436,0.0283910742677678,1.0353678820577532,0.016027309,4.185580370911492
2085625368643700736,3550.0,,,0.7023922508673666,0.0192749433316947,13.648400736983904,0.0133073979557935,0.8459273947037287,0.012982097,3.2887948167140912
2085626983551485440,,23.05,,1.8473506444515375,0.0151957520690397,15.407063357075696,0.0104197131908782,3.722275122342145,0.023143345,8.259879524611925
2085651305945898368,,,,0.8541055619217567,0.0149114888025523,11.874452150499431,0.0104768263014018,1.979015624401351,0.010153433,3.352899521826016
2085676083618453376,4470.0,,,1.0400015589144571,0.015575343962565,14.896802855650137,0.010845058901098,1.3732190478076196,0.019762427,5.584931625344275
2085701097508446464,,,,1.020865019043763,0.0236221060836121,14.454138612652612,0.0161845507365238,1.1181974012022535,0.01596957,4.697633670502087
2085724496490595584,4170.0,,,0.8454480990923915,0.0176613810655529,15.552614617636554,0.0120700118185383,0.6007096078074542,0.07071099,4.465134490992906
2086298132320300288,3800.0,,,0.7980553443650364,0.035768898865512,14.704252728339018,0.0244093898566245,0.411712481724663,0.017850596,2.802558010772909
2086302805244921984,3550.0,,,0.8740249812823688,0.0164965279240338,14.374214757607238,0.0114846482968715,1.273796281985003,0.016783414,4.901795096910181
2086306584816171392,7500.0,,,0.8742379600235404,0.0154110371937837,14.408407597865796,0.0107790143075476,0.8063102698615374,0.0154133225,3.936499397442038
2086307031492729856,5250.0,,,1.0911806702236766,0.0161413942067158,15.211995777497531,0.0108812107252949,1.262506469915079,0.021462295,5.710788395186192
2086312941367921408,,,,1.0515527005642915,0.0161005998932295,15.253298257252364,0.0111414612079944,1.2506843193411892,0.02162549,5.73778006855882
2086315415269037696,,,,1.3077644262203287,0.0160519563082532,15.030652390769587,0.0111582622728689,1.8452697348304727,0.019290816,6.361889480337243
2086316205543022336,3720.0,17.47,0.405,1.9682920550790184,0.015939096248295,15.448396083431826,0.0110176051064133,3.759205325246855,0.037637558,8.323847375497035
2086320878467532032,3800.0,,,0.8002854272159452,0.0216289521273451,14.4626526326232,0.0149079726838494,1.0312087127773195,0.015654806,4.52883891571344
2086337508581280256,,,,0.803140710073161,0.0468588689420949,15.060862219243884,0.0317809350315788,0.5257347268049359,0.02149418,3.661108773047839
2086366370762352640,4170.0,,,0.9056192306520356,0.0192447032577375,15.158071094635488,0.0132834334550643,0.9871096210900188,0.020814667,5.140800252423736
2086388807671765504,4470.0,,,0.9860252431076052,0.014939496622656,14.883227999786683,0.0103577795728002,1.3590758817284208,0.019038206,5.541782052169413
2086389357427331712,4370.0,,,0.7852530655245272,0.0153993020026092,12.13941425769698,0.010808336938211,1.1634366729913217,0.009380246,2.469471273247878
2086398222240415616,2140.0,,,0.8612765989785671,0.0152039291859692,12.956565366813775,0.0106815443658105,1.4655665785303162,0.015449383,3.781579985812858
2086414268238649984,4680.0,,,1.067434392922496,0.0148449484302188,14.39439073369455,0.0104184636580014,1.9116301112859952,0.01537557,5.802537720369527
2086419903235549312,2190.0,,,0.6971391193339318,0.0146310496914268,13.26366630521664,0.0103043889812498,1.3168246930608478,0.0105046835,3.8604947183180176
2086435189017387264,,,,0.8981734675222903,0.025769132927207,15.157347345218128,0.0176409116985119,1.1528654560511935,0.022891037,5.4514171646110245
2086439488284337536,,14.39,,1.969957693270859,0.0143850057520556,14.74814015251987,0.0100116560246448,5.457799568436298,0.018087273,8.43298069399324
2086441721667415424,4270.0,,,1.218280853180149,0.0173944456803729,15.8261198647921,0.0118903574984199,1.2382682012148871,0.028787691,6.287392567489729
2086449761846310784,,,,0.8803962823306019,0.0148955745835302,14.038374969876138,0.0103286580376373,1.437710982934757,0.0151472585,4.830592987393985
2086455740440489472,,,2.2695,1.1726489421882418,0.0146889521666681,13.37491788083904,0.0103413751142125,3.31733853011992,0.010397324,5.978101745290104
2086468453545432960,,,,1.0141039630591149,0.0152587694991842,14.49483004371342,0.0106633722213024,1.6640042356111309,0.015676932,5.599309047405429
2086474260339833088,3390.0,,,0.880223713517645,0.0153059857844741,14.149029783209253,0.0107298045536769,1.304713663290615,0.013649157,4.720131725287663
2086485186737501696,4470.0,,,0.9071484549996066,0.014708319930796,14.299385204248644,0.010310927604375,1.3683196081065447,0.015389011,4.98019016150937
2086498312157538688,8800.0,,,1.0571871884037676,0.0151268372187218,14.861914862592185,0.0105159169284513,1.3665036731942215,0.018860683,5.54288031199618
2086505630781210752,3020.0,,,0.6962091263338117,0.0147372350087198,11.94783339936411,0.0103807261337025,2.066421130020536,0.008967074,3.525251866843824
2086507280048687488,4570.0,,,1.0667115213154046,0.0152785453570776,15.728592227888267,0.0104276236858514,0.9805322960100852,0.026177153,5.67858813718771
2086512227851023872,,,,1.269455,0.0141942932943672,9.158262,0.0100033845735376,26.447404468347383,0.010761193,6.270280020433056
2086519821353411456,,,0.1864,0.9438866161874876,0.0151400498310863,13.259458584798857,0.0106080574702821,2.4449795253525406,0.010599662,5.198511272760726
2086526693301504896,4790.0,,,0.9529373670147404,0.014681900605506,14.331052135410726,0.0102941499748293,1.5278072440600827,0.0136776185,5.250991414244311
2086532122140235904,4680.0,,,1.1188306598961577,0.014530557203354,14.579032559462636,0.0101591162161235,1.7874764922513025,0.015694048,5.836187816172572
2086541158751075968,3240.0,,,0.8312738466393789,0.0192506047915118,14.812943609923655,0.0132893759172524,1.012307722624433,0.020058215,4.839447723013967
2086543048537237760,5890.0,34.22,,2.170128618296902,0.0143583634218321,14.234911311952194,0.0100102655195343,7.661916503481434,0.015401005,8.656093962316579
2086552256947163392,3020.0,,,0.8219517081027523,0.0156236344973677,14.53741548412366,0.0108770792146955,0.8772266349908718,0.018905403,4.24657310025272
2086577373912703104,2800.0,,,0.7644712807554871,0.0219256661405382,14.482630241443292,0.0150973395817889,0.4803671359895237,0.016831152,2.923634669935719
2086586273085111808,2090.0,,,0.6055732520146322,0.0374055776806222,14.377393643848777,0.02551897943781,0.604362732213232,0.01735178,3.284301240750704
2086625752425381632,4290.0,,,0.8061854167030102,0.0145480073523272,12.39154564304764,0.0102501734622174,1.9407360089946897,0.009223091,3.8297025743656654
2086629463276947456,6030.0,,,1.2143901471893868,0.0149534961561752,13.71773319257246,0.0105148041384714,3.256792799822663,0.02531415,6.282393192957471
2086636884980514304,,,,0.8767892852211054,0.014277429944002,13.094588102274702,0.0100722439037868,1.737617243318255,0.010215357,4.295067669915987
2086718317558873984,,,,0.8726905959813064,0.0150830734831983,12.758515345736685,0.0106041335590492,1.4712080727092467,0.043110076,3.605283847476466
2086724227433964928,4170.0,,,0.8579355117692681,0.015617592054804,14.289997760982937,0.0108838363056477,0.8538587650942573,0.015235556,3.9410666940525214
2086727319810829440,1480.0,,,0.6690491230219483,0.0384063928280487,13.635994965773166,0.0261969576041607,0.652964713695303,0.014371769,2.7252384116326738
2086734157398583424,4680.0,,,1.221243161665054,0.0149739799968816,15.310373107878275,0.0102826673213758,1.666851776136906,0.024807677,6.422802490474373
2086784185178032384,2340.0,,,1.210542661593017,0.0169138305635385,13.946845008467047,0.0117507725602927,2.9805669229429914,0.011408821,6.318420903220435
2086809645744257792,4170.0,,,0.8491635714802914,0.0157341736466077,15.123654624692373,0.0108403165243296,0.8395440236229669,0.02473898,4.730010201442671
2086814864122389760,4790.0,,,1.0165586428732964,0.0149554428942478,14.690261918951649,0.0104551997944927,1.5709199367912885,0.015525482,5.665465626483984
2086818579276362624,3890.0,,,0.5754307230219483,0.0191877466043462,13.139665965773164,0.0132849518297906,0.7350762068530357,0.011429416,2.469480386159507
2086824935828106496,,,,0.7533976043650364,0.0623181324186002,14.588471228339015,0.0423783217547355,0.5181040470116299,0.027990488,3.1823679618211855
2086827237930612096,3020.0,,,0.8018912152633738,0.0149193729025102,13.72310677942567,0.0104776764521946,0.9663702485952244,0.010940974,3.6461212344403298
2086830502105850240,4790.0,,,0.9465608375893662,0.03549568327259,14.8655334902131,0.0241951029183956,1.0747168967247986,0.017057583,5.025731993491172
2086833663201784704,4170.0,,,1.2631225481195818,0.0151480902479185,15.19378713430109,0.0105644967279592,1.8397230139809913,0.018978653,6.512430427841014
2086838576644246144,3310.0,,,0.8034015300977692,0.0175760877096141,14.188260705513656,0.0122192544050106,1.0028444881177556,0.012875286,4.19378454213107
2086844692677679872,,,,0.648253040184927,0.0281594873197466,14.424603237060309,0.0192938541589201,0.6923364318960687,0.015677288,3.6249470348428776
2086847785054193792,,,,0.9282234115694796,0.0167289291614076,15.68477296423322,0.0113664829830669,0.7854543914486513,0.027207028,5.1573066528155795
2086851495906130176,3980.0,,,0.8517259615109741,0.0317553851827241,14.662068482886582,0.0217106700325081,0.6781010485486211,0.017612876,3.82427454025499
2086853351332014976,4680.0,,18.0863,1.3095499932759074,0.014875934907091,14.364615123958089,0.0104386119212598,2.804030881576819,0.01536752,6.605241868615483
2086877265710250496,,,,0.9743275816039876,0.0149862595685889,14.140288650812462,0.010515355752489,1.4498280895294515,0.015068151,4.9494174216504785
2086877368789994240,2000.0,,15.3852,1.1084414465807872,0.0144509800113142,13.458059027487266,0.0100919999946193,3.219657459761425,0.012005836,5.995967514540084
2086879189856001024,,,,1.175994417726615,0.0147031613645522,14.208806269700483,0.0103230597285431,2.611762990107402,0.014296415,6.29343866229115
2086932653608913024,,,,0.8955814746177968,0.0175253757628478,13.960385572817051,0.0121921398589427,0.8228088075317621,0.060933392,3.5349662058680593
2086935024430952960,3800.0,,,0.8311847308350911,0.0159374748068801,15.169638697406508,0.0110104041199202,0.642755197265224,0.021110471,4.229696999818239
2086940448965828992,3720.0,,,0.7303866947369709,0.0146351121626448,12.531865639824384,0.0103038772147466,2.122884193684637,0.008782949,4.169044263377652
2087167708577798784,2040.0,,,0.6980819693284559,0.0269167089846808,13.210221118717074,0.018454288525237,0.6614597283101666,0.011384729,2.30344251210189
2087171453788422528,5300.0,,,0.8889946934054282,0.0141658322649378,11.16358338013773,0.0100024419889029,6.463748200572238,0.012372064,5.216003351862833
2087172999977491328,,,,0.799619137285321,0.0165238719323962,13.573036666871957,0.0115303190441667,1.2479677348741198,0.011972094,4.053320776068455
2087191485516004224,4790.0,,,1.0036506479212792,0.0159925558228035,13.688249677505786,0.0111879172863911,2.098688884121856,0.038459085,5.2936953578097246
2087215262455233664,3470.0,,,1.4471600555224695,0.0157021306970666,15.054726400743894,0.0108788530865934,2.559068393979447,0.0205274,7.093194773035762
2087243952836878080,7760.0,,,1.1808122047357537,0.0159401283030659,13.126877830596875,0.0111150383803951,0.8754847495900923,0.014207658,2.827524461510274
2087250476887856256,,,14.495,1.2793680439048427,0.0142670348148997,12.839796590655984,0.0100127884027275,5.3702737543071315,0.0125555685,6.490875578273917
2087263361789975040,4070.0000000000005,,,0.8522874638003721,0.0193063777182012,14.15316950178812,0.0133407689375853,0.9676189571234096,0.015601657,4.084339793631656
2088526979830768512,,,,0.7765956,0.0141711098292259,7.9447904,0.0100020882823721,15.21693783060608,0.018164808,3.856786139906938
2089570519439964416,700.0,,10.4624,1.0717239,0.014210539664579,8.953323,0.0100070666804342,24.263934122973065,0.012094641,5.877953215534431
2095108312831835648,,,,0.6431927946540643,0.0145467257168047,10.436646990997716,0.0102596668903339,4.349791084658201,0.011981826,3.627102429599356
2095929368839731072,,,,0.5482776045751254,0.014884600635675,11.96999051179122,0.0104668620842154,1.4662223867494186,0.009755777,2.803096106571317
2096350069476310016,,,,1.2976922581248491,0.0141768373442074,8.839600339129555,0.0100151494974771,2.225480721054795,0.012401274,0.572890058737153
2096524140211914368,,,,1.2024361916830484,0.0143580257290607,5.755062183384807,0.0100344078285134,7.560319103655677,0.02383957,0.1484333124149195
2096535783864546944,4600.0,84.285,,2.5866570000000007,0.0142675738470745,12.946228,0.0100106426959778,29.996578321904632,0.016865179,10.331753596211144
2098964849867337856,,,,1.007844440581659,0.014186352799116,11.548046804404189,0.0100198844434096,6.304082818044874,0.01110555,5.545374142406569
2099011888349441536,1900.0,,,0.7116328405202479,0.0141656481642775,9.390435513899456,0.0100109540227151,7.607363136555079,0.0117016705,3.7962439615434698
2099068444479581184,,,,1.0856388028792707,0.0184120696579501,14.072104897268147,0.0128244193447422,1.7765934895513913,0.09077424,5.322206071258602
2099071433776757888,4370.0,,,0.9110352443650364,0.0319307246299922,15.695362728339015,0.0217373831885687,0.6941887296168555,0.02907821,4.906950091012762
2099073667159859840,3630.0,,,0.72613872498952,0.0166985908442257,13.718777965657944,0.0116401797447039,1.2096657805572515,0.014046184,4.130228191742498
2099122522408063232,2340.0,,,0.7211841594970632,0.0145037288700369,12.777843296085187,0.0102239876520353,1.7670812935110944,0.010618121,4.015227025732976
2099156817725596800,3980.0,,,0.8897955811000681,0.0174867659418084,14.58339843193209,0.0121589354255093,1.1843833017418448,0.016702795,4.9459053365173755
2099183583961614208,3390.0,27.8,,2.0381840996050538,0.0149371932108391,15.91956515033508,0.010167532954839,3.4657161220786143,0.03011145,8.615490107974747
2099219867845754752,3390.0,,,0.7968019445081371,0.0154714196437474,14.423869181639033,0.010823113891339,1.0533349208675349,0.017370809,4.533525940724042
2099524776162690944,4270.0,,,1.2751947193226931,0.0146528647813455,14.45028036718064,0.010211216062513,2.596365077310959,0.016268492,6.526932823971087
2099527421862552832,3720.0,,,0.7921865606715441,0.0247318243314949,14.498277881282926,0.0169591790096551,0.7425320614324683,0.018009214,3.8400992098397406
2099534293810509312,3550.0,,,0.7555880919349774,0.0154492786807926,14.701017288611856,0.0108040667754969,0.8894735539005417,0.018083494,4.442105315190709
2099541715513813504,5250.0,,,0.8630755007129369,0.0145112521558735,11.419436463105344,0.0102314862087288,4.322113432054336,0.011241702,4.597759930007555
2099583977992504576,,,,0.7936053648651015,0.0161948108601787,13.318586792199916,0.0113323122103865,1.5579499066168805,0.011763747,4.2821723511591525
2099597408349457024,,,,0.9045067869241536,0.0146760302929459,13.12865243855486,0.0103393749218866,2.8083816528259793,0.010224655,5.369672352587605
2099605968225288960,8130.000000000001,,,0.8200867275162084,0.0149167865830047,12.321649251598762,0.0104768970388974,2.1309990453918792,0.008953068,3.964849432232578
2099606483621385216,2840.0,,,0.678694605890785,0.0141553202003703,8.137329411980216,0.010007201277675,9.23936830954543,0.01726815,2.965883444526737
2099619059285601280,3890.0,,,0.8327797898021004,0.0165207729379307,13.899096977612244,0.0115180650909666,0.9089578233117356,0.0131734675,3.693305495822301
2099620777272914944,5750.0,,20.2297,1.3075838560412545,0.0147121667145101,13.354298277764045,0.0102832962468217,4.584531477660237,0.020025685,6.65976431381509
2099632837540824192,3630.0,,10.4595,1.0695582659916705,0.0154178201027168,14.047713364812177,0.010753870277732,2.3394980342815583,0.013296203,5.895419108711412
2099651529238509696,11750.0,,,0.961921430135552,0.0209778498349378,12.710376485658475,0.0144779806375053,1.18263908089793,0.012638083,3.071787512520416
2099656472742686848,10470.0,,,0.819746432889141,0.0153979137114465,11.885125148231312,0.0108133270003821,2.6288105617332564,0.008292779,3.985875155255462
2099681216051775616,4070.0000000000005,,,0.7360527813359521,0.0173505922650191,13.245204412770136,0.0120799363469325,1.1281728237668036,0.0119055705,3.5014718807244147
2099686125195464576,,,,0.7578971398437351,0.0169952849149467,13.667729804447234,0.0118282390945243,0.9697348776299228,0.013876426,3.6048241308122417
2099713617285398528,3720.0,,,0.8381116004356366,0.0315721103934682,14.580375981800769,0.0216120843087524,0.7739745780107442,0.108148724,4.039761545790856
2099714751157275264,4680.0,,,1.0369202160665063,0.0156213879145563,14.366402800669428,0.0106930583289734,1.8729163049190567,0.01692611,5.728702968957046
2099728391973441920,5370.0,,,0.8492368441650293,0.0160273378607389,13.891677760644573,0.0111863942072746,1.605656497483498,0.013105752,4.914322874781643
2099735057762220288,4470.0,,,1.046692924638711,0.015264466231161,14.08560561147686,0.0106284491840517,2.024782906080541,0.013921698,5.614510949495823
2099740761478810624,,,4.6751,1.3964385586714738,0.0153229449464606,14.673324892231944,0.0106985731949847,2.575149407365632,0.017349096,6.728829656162441
2099783127036908416,7400.0,,,0.8012943983023325,0.0149251762120246,11.116897666369349,0.0105031895822961,3.571157685090094,0.01074812,3.8816287255849513
2099851331117081600,4790.0,,,1.0767885466443488,0.0222694396031896,14.99508142639804,0.0152950802537513,1.5381360585677195,0.018887935,5.930184958523075
2099854801450635520,,,,1.036150608103512,0.0167838002688198,15.225946769718332,0.0114639261269336,1.175730650234855,0.021358646,5.575954184201963
2099862910348755712,2790.0,,,0.9255338122191372,0.0148801304425133,12.829874743924696,0.0104669753801097,2.871567436075636,0.01033993,5.119293854686925
2099912182214036608,4270.0,,,0.8159765373546484,0.0233554916599368,13.607121390248953,0.0160864564994821,1.5604393336337703,0.011365913,4.574889527040339
2099925719951103872,1000.0,,,0.8313287645168955,0.0205809157625858,13.72823397691,0.0142299137287278,1.6101096863249398,0.012005667,4.761149655822816
2099957605786905344,,,,0.7234557811124186,0.0181220738460615,12.861580007258349,0.0126058751916622,1.5210313048733533,0.012010757,3.77267478057725
2099980111415659776,5890.0,,,1.1100935469381104,0.0146380822083148,14.442742957467722,0.010314567298157,2.1277507266941127,0.10184892,6.057245960548574
2099980386293545216,4570.0,,,0.9082520715752608,0.0163177311475089,14.44013172681085,0.0113802552611319,1.086809733924502,0.015924482,4.6259047503272015
2099983478670059136,,,,0.9810945916440292,0.017993736941505,15.085410815755784,0.0124473875951569,1.084087171022183,0.022454882,5.25975916720977
2100001036496903040,,,,0.7534897097248968,0.0161576081066196,13.196820126084608,0.0113079046197081,1.5215854050951791,0.009859846,4.106599064683502
2100009488992720896,3470.0,,,0.770726364858278,0.017168987259581,14.014570993155404,0.0119583756555243,1.175723345804518,0.014166918,4.377020889792439
2100009935669354240,6920.0,,,0.8670266949623777,0.017305611520622,13.189841628390596,0.0120534447484774,1.1620191575639651,0.010671848,3.5147872338849773
2100015089629466112,,,,0.9920577870831024,0.0149581922965331,13.97602050728467,0.010375330252892,1.747288548995311,0.012241381,5.186036050405587
2100018422524180864,3720.0,33.06,,2.368445096239377,0.0144642222289037,14.44833171170186,0.0100204828681778,8.84052765007456,0.016495619,9.180510006320269
2100050922538767744,4170.0,,,0.840305948244591,0.0204554881774026,15.473466270738456,0.0120481011658225,0.7476188546523133,0.055748146,4.796964271639554
2100070958564495488,4790.0,,,1.033046732540036,0.0222458561647922,14.98117082608738,0.015297672743152,1.2662997030768426,0.019482266,5.496646037603531
2100073393808483328,4370.0,,,0.9808815175200396,0.0208598302664177,14.50728528916056,0.0144005332269425,1.512782211700199,0.01601439,5.4019875403210875
2100082125479729792,,38.77,,1.7148868156727284,0.015352809323617,15.926995655122962,0.0103297775884493,2.3041132168317446,0.028635148,7.729635310377285
2100133252769956224,,,,1.2279970616606943,0.0147507851532809,9.969171378329994,0.0103950588889727,2.525446381144415,0.012297303,1.9811016287984415
2100148542853587840,4680.0,,,1.4284635834178785,0.0148459642711634,15.616863558636092,0.0102579811935657,1.8440376349220848,0.02667027,6.947733920740145
2100148611573075200,3890.0,,,0.8004388122753667,0.0187516278120567,14.169841792821463,0.012991595152481,0.8548056107309552,0.015726529,3.8137040532421262
2100196646487547776,,,,0.8409604637096046,0.0172459931022262,13.155214416384691,0.0120177025280924,1.1373302980116249,0.009661038,3.436070080749177
2100214788429438336,5010.0,,,1.0774038506978345,0.0192240476234362,14.846350176030487,0.0131070685962484,1.6457016747422224,0.02026451,5.921141342758826
2100216609495590912,4470.0,,,0.8703710656855472,0.0156556363015881,14.570751440256409,0.0109443998141381,0.7514042466606362,0.017603016,3.948909414950067
2100219392634493568,4370.0,,,0.7318635394310015,0.0188179909686363,13.244176698670849,0.0130598518475662,1.326355801398349,0.011437621,3.854257100005711
2100232689851871488,3890.0,,,0.7729030919882187,0.0165602851921164,13.96722090517846,0.0115593692688772,0.9980561762431952,0.017319812,3.967995318654456
2100243616248608896,2000.0,,,1.0022170181961916,0.0169323054905423,15.186426232340908,0.0116502517226455,1.1381920418953138,0.024106694,5.466420490892492
2100247945575646336,4470.0,,,0.7983836553723527,0.0214328887588306,15.234303050263405,0.014643714369939,0.6845905453378888,0.02401294,4.405101349594274
2100258047339711488,2900.0,,,1.367967923032665,0.0148424912870021,14.892353315430444,0.0103061908311954,2.7548407243236923,0.016536474,7.092139908114614
2100265950078767232,2510.0,,,0.6130884106715441,0.0276679797782389,13.826543881282925,0.0189660478952623,0.6504035087488674,0.03374959,2.9340754536256046
2100279865772807424,4790.0,,,1.1276882042263516,0.019147198325175,14.76963356570119,0.0132170388332474,1.635573106214928,0.01684132,5.83536131296411
2100303539632796032,2820.0,,,0.7102017076974243,0.0172053109710705,13.071899039959488,0.0119645177050423,1.5207270242753448,0.009231593,3.9818154074654455
2100309827464993536,4680.0,,,1.0307185067154407,0.0192988034406049,14.814858812829256,0.0132726087914295,0.4660834870864428,0.018480912,3.159140962413872
2100338792725538048,,,,0.6888278172903414,0.0193956373596706,13.494565958067987,0.0133970634197815,1.0216449918419153,0.013778631,3.5427315642911967
2100369888287148416,4900.0,,,1.0707673654458765,0.0181589565261066,15.097228905658104,0.0125812541876595,1.4128698224028646,0.01978227,5.843326367714736
2100378478222060032,,,,1.1365895184323185,0.0198758829420348,15.015835999377964,0.0137277560162199,1.542108451848294,0.018330425,5.961381580446812
2100389610777053056,,,,0.7409946232293606,0.0210916022413328,13.15351060587885,0.0145629613971559,1.0686446607886315,0.01057872,3.298912126514857
2100392428275714688,2560.0,,,0.7121575828306974,0.0142503383342381,11.0076152170785,0.0100635333944266,4.694256473305395,0.011472758,4.366326918709966
2100405381897402496,4790.0,,,1.1927335184760162,0.0156844816174677,15.14914228105951,0.0109148377654989,1.7972196995725578,0.019276218,6.422725684822161
2100408508633587712,1550.0,,12.2925,0.8914068204775751,0.0158288211904686,12.515587096650863,0.011070575745127,2.2084720697862905,0.009218365,4.232989112724722
2100414933904708608,,,,0.8504844806424686,0.0184475393250075,14.834232316530043,0.0126940683488347,1.01174984119007,0.019814434,4.857669330917137
2100418850915010432,4170.0,,,0.7656333244730464,0.0152378548969105,12.313404487673688,0.0107089726513535,2.021945625516933,0.010628839,3.846968434236477
2100442009379544320,,,,1.5559435771412422,0.0412047562904332,15.931798237202036,0.02776999320441,2.3099104387297897,0.39953187,7.270835963809205
2100451630105041152,,,,0.6603626363756723,0.014733561950254,10.615340616950135,0.0103779753317457,4.160401012654901,0.011259291,3.7107364444101782
2100524610190045312,,,,0.6678038393942244,0.0150680409853833,12.577036594145383,0.0105879379902833,1.783412352894059,0.011072707,3.8343706267957742
2100559554044410624,2820.0,,,0.6757724067154407,0.0342210596650207,13.704761812829256,0.0233805638385371,0.6910263638134628,0.0119190365,2.9099895574549546
2100570824038577792,,,,1.1218625707316858,0.0153794271674914,15.335467926409928,0.0106858280911842,1.2820827139443052,0.021318568,5.8676338045737495
2100597143598879616,2690.0,,,1.2074557380906996,0.0143806543800406,13.282869937175697,0.0101346237001634,3.601796180946056,0.010045121,6.0640182383286625
2100623600597189504,3090.0,,,0.6958379040806152,0.0146700685305292,12.814347959369504,0.0103320603866259,1.8349650294988225,0.011634317,4.137159058908667
2100624562669914240,,,,0.8259244820146323,0.032446944119147,14.840345643848776,0.022168003340424,0.5589099715310476,0.018811854,3.583518788557557
2100625696541277312,,,,1.4069516534863349,0.0163944125129546,15.85169563341578,0.0111301627625134,1.681131334720665,0.027384356,6.9721152655926275
2100629063795587840,,,,0.9948674818405842,0.0170298439948978,14.482312583225715,0.0118601064503572,1.5878622972893683,0.015047924,5.490852600112033
2100653527927414272,4270.0,,,0.8271536112612309,0.0192828024509225,14.393559197542643,0.0133312513875368,1.0050878156884984,0.02254153,4.39094623064554
2100654421280638976,,,,1.0558093301000009,0.0145919605885423,14.639604193096613,0.0102221805706017,1.9472884976669111,0.017892564,6.086088304841281
2100656826462352128,,,,0.9613911192269664,0.0186175006160778,15.427829618813744,0.0127536929228612,0.9171697323762208,0.0265635,5.240349163596866
2100698745343821312,4170.0,,,0.8411675675730839,0.0163616475278049,15.338195229649305,0.0112863700035307,0.8724010639145774,0.0250778,5.0365914009445145
2100882501225436032,,,,0.74016995127293,0.0159453426688067,14.73609671015579,0.0110916851425449,0.815841976498753,0.017058762,4.302035402690649
2100906140725803392,1350.0,,,0.7923977875112727,0.0143891841004808,12.483887670257612,0.0101467775560905,2.9918865280208817,0.009822377,4.863837119531315
2100959501399885696,7000.0,,,0.9348792640949556,0.0146475739587001,12.918186952956225,0.0103144022161941,2.8638114280496305,0.013371565,5.203242726757029
2100993929859129600,3020.0,,,0.7599723067154407,0.0420112571775241,14.710058812829256,0.0286264065346007,0.5942069001480351,0.020216554,3.6085357551783126
2101000836165429504,5500.0,,,1.2313198523845408,0.0154933888241751,15.338246938332691,0.0106453945817646,1.5691508556138871,0.022776116,6.299633924473612
2101002725951186560,,,,0.8863213858162526,0.0181532502289055,13.255317361038797,0.0126222915574928,1.140170404452209,0.0111971665,3.5398795162821166
2101006883479557504,3550.0,,,0.893403495069166,0.0176688808407267,14.614993980410588,0.0122616942742081,0.9472779150941296,0.018428745,4.5015588647791045
2101035367703145088,3240.0,,,0.5897592382450335,0.0157316174436254,13.33757015199838,0.0110188972335343,1.088597294875102,0.010933318,3.518781708883063
2101093092063293824,3090.0,,,0.674956468671137,0.0151478030972654,13.35843371569377,0.0106392474171066,1.1579229362153454,0.01046011,3.6763723501855967
2101117418758956416,5250.0,,,0.8258975777953097,0.0341313280038706,13.537279548548424,0.023357209522426,1.5227243732825884,0.07869541,4.413889540062511
2101127864119148160,,,,0.6588945146371203,0.0151963078248132,13.301242527720795,0.0106686265536213,0.8691385215510039,0.010555738,2.997694319352022
2101146757674573568,1860.0,,,1.437071097827268,0.0311976527032821,15.77489439633345,0.0211918897117332,1.5384807291758962,0.04286158,6.732815554150216
2101148411242230272,,,,0.8220047315109742,0.0259899215275881,15.001568982886582,0.0177951772156367,0.7381732685368212,0.020819388,4.346735909384954
2101170951231556864,2570.0,,,1.446929940633738,0.0154560259011097,15.769990449297868,0.0107181044310008,1.647089995105497,0.028308576,6.8524793990662225
2101175933393051008,6200.0,,,0.7531638733115633,0.0149596694819018,12.26044994915938,0.0105252420871806,2.1098146411193497,0.008858635,3.88277559603873
2101184111011462144,5000.0,,,1.0988351527970623,0.0157266454376644,14.684626034278166,0.0109442260094314,1.5668912961718533,0.018135935,5.661493195981336
2101186168296277376,5000.0,,,1.139752185123962,0.021374238718884,15.151322756326406,0.0146671550178242,1.441626956454861,0.022873025,5.948335244669403
2101188990094347648,,,,0.8430427033577204,0.027793189529453,15.268604906414629,0.0189731625354524,0.7249752883486034,0.024613641,4.57526579331569
2101194109695286272,,,3.4667,1.1598998115529322,0.0150078211229411,14.09870112981904,0.0105263549353073,2.4732673136907626,0.013842895,6.064374735157504
2101215309651322880,,,,0.867365473051921,0.0163283953259575,14.97902371389338,0.0113159323454578,0.8888274118723851,0.020612944,4.7270727637331476
2101229019187047040,4070.0000000000005,,,0.7669063992466265,0.0168832347645824,14.404974159093436,0.0117510395812145,0.848957529467845,0.017251335,4.042722513141609
2101230049979183232,,,,0.9067148510837658,0.015312497713032,13.748592217445742,0.0106876631684704,1.9943055461163504,0.012308684,5.246368357932225
2101233898269847296,4790.0,,,1.218402662466497,0.0801662211213704,15.553954114494108,0.0545311148945682,0.810528187355264,0.29324195,5.98356554902341
2101234688543862016,4570.0,,,1.2101494623359106,0.0153773216652936,14.998401651774898,0.0107023091320018,1.704976336756729,0.0193955,6.162574293379738
2101241285613832192,3550.0,,,0.7261502254464876,0.0170222427148849,12.626309010356604,0.0118756536595413,1.293036889159372,0.009985488,3.1878875877014448
2101242934881164416,3980.0,33.75,,2.167678141638633,0.0160266255065338,15.790233817803587,0.0105526084794712,3.5953748981993576,0.030340424,8.574169351087185
2101243789577188736,,,,0.7786030257436687,0.0150947358759319,12.207841917461876,0.0106148182473316,1.991020086854612,0.009243771,3.70710269108951
2101248088842146688,1910.0,,20.5573,0.9843273320627656,0.0156315312218582,13.318242191761556,0.0109437396566398,2.708219074972616,0.010274482,5.481654209140913
2101249188353780480,4900.0,,,1.0795744920502104,0.0221440122671186,15.75197266834774,0.0151847388238037,1.110510226420849,0.026831876,5.971077149809744
2101255751063996672,,,,0.8902660800488957,0.0165670194600426,14.833638001473556,0.0115329017789748,1.159428097972614,0.019134106,5.151350794489401
2101298357139960576,3020.0,,,0.7599484325500087,0.0172996022513643,14.26818402828561,0.0120230591697535,1.0243713429671988,0.015561562,4.325297123247575
2101303889057595136,4900.0,,,0.9555912216590138,0.0212825298664525,15.166005410142766,0.0144922988516412,1.071633332746013,0.022435483,5.319151399648913
2101305259145506816,,,,0.7709515835786033,0.0147902909907529,11.794497963301495,0.0104138618917108,3.1998795762494483,0.008839006,4.320735007283492
2101305469605609088,4370.0,,,1.0681474831353586,0.0150341252469461,14.587386461728324,0.0104342522715282,1.843139905958784,0.017233694,5.921248495650984
2101318556367845888,4070.0000000000005,,7.2276,0.9027344561607864,0.0151015436951024,13.294007104481503,0.0105843490633637,2.204925853266974,0.009933698,5.012451825670775
2101340791416961664,4790.0,,,0.8346183067154407,0.0287094484443664,14.387229312829255,0.0196598612687518,0.7514703640853176,0.015743906,3.776992108013639
2101351511654637696,,,,0.7595823930219483,0.0321958562192603,15.429750965773168,0.0219316428390597,0.6147115166027521,0.02476869,4.356166537053678
2101378312251177472,4370.0,,,0.8382629204450257,0.0196489822139701,14.11946788586229,0.0136101612182334,0.9657372080879671,0.02545071,4.042314512850258
2101379205604338688,105.0,,9.4592,1.4993479639894272,0.0156731970473545,14.762317815224351,0.0105048699697025,3.043714015968713,0.01862958,7.1749262056248835
2101380545634324096,2340.0,,,0.7290067556561636,0.0164915309819991,13.10200847521238,0.0115232170482128,0.9251365530413176,0.010821292,2.935295941859964
2101410850923823488,4790.0,,,1.1479086065146065,0.0577289388022704,15.245489331573909,0.0391265425401185,1.4933456596189063,0.021685405,6.116741770003204
2101422911191267968,5370.0,,,0.9468554986709924,0.0190730044107388,14.747553411988893,0.0131775232649966,0.9794489163629188,0.03288768,4.706521097247874
2101449265111030912,7760.0,,,3.063665907186098,0.0185112141885438,16.388852206222353,0.0100300037942799,12.850280667685048,0.042108897,11.934492737841357
2101473385648356608,4370.0,,,1.3085631943482396,0.0149128175131928,15.279681505909831,0.0103960710801172,1.931994824475384,0.022318712,6.713874453325353
2101475241074002176,,,,1.2638635654370127,0.0150709047932,13.980278148982574,0.0106816154383005,1.9496384959975588,0.22533222,5.808912504110992
2101476065707700480,4680.0,,,1.026039419118166,0.0149156961334631,13.671900369453349,0.0104926674786013,2.399263432114627,0.011911177,5.57060676368763
2101480188876308480,4370.0,,,0.8837025516493464,0.0156618146340122,14.521552419979018,0.0109203786567743,1.2337437151721875,0.015677469,4.976431478719382
2101485548995660416,,,,0.7906201766523162,0.0145786123355435,12.004951600432632,0.0102764673421039,3.3020656374933064,0.008461451,4.600678334623691
2101486923385239808,11230.0,,,1.0253296,0.014349038543666,8.654593,0.0100015241894187,27.37827478035521,0.012462973,5.841752008042815
2101493898411455360,3550.0,,,0.8164869743650365,0.0294328599296323,15.067223728339016,0.0201070073232096,0.4520689308590071,0.021843942,3.385534938216036
2101495685117920128,4070.0000000000005,,,0.8954903558161843,0.0168065577441936,14.975113868060458,0.0116350274362226,1.0369750483304043,0.019575065,5.0500011806259195
2101507367429089664,,,,0.9499985192379248,0.0147404427720147,13.065599926824994,0.0103755005500418,2.6772729804775284,0.01091986,5.204981838001856
2101507470508342016,5370.0,,,0.6999768213725656,0.016244642012861,13.398285206375192,0.0113637455440132,1.1134918037717692,0.011524246,3.633658639181214
2101513139864999424,4070.0000000000005,,,0.8268376067602862,0.0162800684721197,13.753483522963355,0.0113841009335565,1.0084678553802222,0.01202255,3.7798954678461794
2101525749889208576,3800.0,30.63,,1.644034460080009,0.0146928418719243,14.645864111387718,0.0102777336158269,3.92459490690892,0.016779719,7.613813159236497
2101567359532639872,,,,0.7319132760842839,0.0163597859515134,14.004165950194915,0.0114285433636948,1.1201454629844374,0.01282148,4.251447094259007
2101594538086364032,4470.0,,,1.001594443331565,0.0246164996295199,15.3232961101419,0.0168895209449635,0.7144223071616105,0.078177154,4.742114710185417
2101638759069485568,,,,1.0295175523547464,0.0148259284759234,13.880980533191028,0.0104224593421644,2.3390406823479135,0.013407764,5.726363493099058
2101644600223555328,4170.0,,,0.9687076820146324,0.0347115131034129,14.442313643848776,0.0237065295711923,0.6620845983087131,0.016500538,3.5384412146018587
2101649891623535104,3630.0,,,0.8096633668483894,0.0158483905897886,14.518323169354428,0.011085729398089,0.8276399421346027,0.01526647,4.115231459252698
2101650647537529088,4570.0,,,1.055946268686862,0.0149244820353049,14.752217435094272,0.0104362312663705,1.6494131356650756,0.018437045,5.833409419081002
2101651781408908160,4070.0000000000005,,,0.8547086782916684,0.0198255395158683,15.157223147390136,0.0136627775803752,0.8602563199324456,0.021522447,4.8188450165126895
2101670026430316416,4070.0000000000005,,,1.2119819302403951,0.0149993190304057,14.258901312493151,0.0105370116451224,2.7302573869888196,0.014165228,6.442597552350108
2101670713625146112,2880.0,,,0.6721027934197187,0.0278290441893081,13.365901510915638,0.0190753090496882,0.696669453851241,0.011706147,2.5841230926191567
2101675661427506432,4370.0,,,0.7826877652592662,0.0153236585416813,13.20594094694809,0.0107579232633233,1.2167932047482517,0.010925319,3.630610627880545
2101689061725421312,1700.0,,,0.8455486127873331,0.0152006937763601,12.882872738230525,0.0106837513256287,2.066631995074446,0.035707045,4.460288601561759
2101711155037463040,1860.0,,,0.9568326784082068,0.0153746796603155,13.4265672108089,0.0107948226303891,2.535921981316235,0.010012877,5.445949213062777
2101715862321812736,,,,0.8527732153551907,0.0149543349588151,13.414965066865,0.0105186882582308,1.713115173717835,0.010238466,4.583820380543324
2101719263935952768,2630.0,,,0.6534022617722469,0.0148180193602367,13.326076571351823,0.0104294270664693,1.1459107555097572,0.010129712,3.625664751272677
2101733244046205568,6460.0,,,0.7955592484378323,0.0156788982405998,11.09992103805678,0.0109933685177695,3.295147305422931,0.0101451315,3.687925463306182
2101744552703459712,,,,0.8030445127001322,0.0150625539065357,13.694205765424709,0.0105791497334551,1.3989670286165377,0.01149607,4.42631732812959
2101746579928077440,4790.0,,,1.1233733628686495,0.0155218317654402,15.175693186933088,0.0107651641677481,1.3903235040068291,0.020855365,5.884146721024477
2101760014585798528,4570.0,,,1.0764685434030343,0.0158221749947166,14.772770651682794,0.0109380151309385,1.76981976438961,0.017138487,6.011626416577656
2101761079737564672,,,,0.9096434098678372,0.0160584634609415,14.394991451418218,0.0112154521949506,1.297411843413431,0.014393923,4.954723148241831
2101768089124657664,3630.0,,,1.1188425586367623,0.0158060343134808,15.535033416378706,0.0108675101173317,1.2068404471778982,0.025171608,5.930341938165734
2101773689759891328,,,,1.0997163740744995,0.0147758509132102,13.55552040107695,0.0103810127775478,3.0051445576349733,0.010661404,5.945777841153022
2101775579545559296,4570.0,,9.2647,1.3776630297294568,0.0150007372816199,15.201760346868138,0.0104639045291236,2.177216522930104,0.020605171,6.891469934554646
2101776885215761152,,,,0.7837102615831809,0.0157251135036232,15.247978138230335,0.0108725957837533,0.746999770134456,0.022660187,4.611342912399094
2101792175301394048,,,,0.8098154169467404,0.0401068980732269,13.614792607920045,0.0275671276475689,1.7098678830392933,0.4045845,4.399998435595556
2101796092309354624,3890.0,,,0.8585066124447841,0.0211317841320746,14.675075968326718,0.0110641134740126,0.7770772941404149,0.02689334,4.134437967269973
2101797535418431104,3980.0,,,0.8376965496642279,0.0279323709841846,15.460965559358536,0.0190817154976267,0.4192263705955171,0.022890173,3.5919331293776633
2101798634930170240,4900.0,,,1.0901697943103763,0.0153625685319026,15.069024531745493,0.0106750718349237,1.4391371466922716,0.018982032,5.856466829529948
2101854881822529024,,,,0.8862301443650364,0.0146625496825468,15.529077728339017,0.0100815559736772,0.4856295498049117,0.027117183,3.9094412792971305
2101875497665518080,2750.0,,,0.7106941120031999,0.0146762157593239,13.58391229038868,0.0103366779478214,1.3440516073910287,0.010684457,4.2318304272416825
2101898205154183296,4900.0,,,1.082257608799507,0.0152938078046702,14.952936873711408,0.0107030584950135,1.6743059750096636,0.018502895,6.074872413038586
2101898759208960640,,,,0.7804511019118843,0.0148302457689539,13.101927891061688,0.0104298600747438,1.155574599012457,0.010042741,3.4112939177455885
2101930164010053120,4170.0,,,0.8444370971741137,0.0336393150007976,14.885479692083235,0.0229602675883979,0.9003447914021835,0.018572036,4.666317506731099
2101938650863923712,3160.0,24.71,,1.782531310657558,0.0161023399453457,15.165829966365164,0.0111503479353372,3.255922007841615,0.021133063,7.73236126967187
2101941434002832000,4680.0,,,1.225301539599264,0.0163067440758141,15.250575565481402,0.0112832134876369,1.6122255317212166,0.021639071,6.2878075163643015
2101955968172274432,,,,0.89205684988079,0.0260975389649841,15.141180413597926,0.0177598053230813,0.9160078036909484,0.02032925,4.938770163646012
2101964558106974848,,,,0.91436176878375,0.0154899943950269,13.90007089992828,0.0108506223525904,1.7364417580757987,0.012911744,5.095334197351811
2102038912581334656,12020.0,,,1.2052548651262205,0.0194751493030246,13.693828482529268,0.0134912129875504,0.9430503558547328,0.011404429,3.566831336240485
2102045097334800256,,,,0.7559028420146323,0.0300591806835437,15.234704643848776,0.0205124238866506,0.5085926326918299,0.021389924,3.779642096068425
2102046952760377728,,,21.3803,1.118891959866451,0.0148733747454451,14.145102423570531,0.0104263078355579,2.2838372917514858,0.013115885,5.937653198740801
2102053446751282944,,19.12,19.6032,1.8812270000000009,0.0141747646273821,12.462141,0.0100029076741054,14.907075870079703,0.009702432,8.329205803553336
2102063136195478656,,,,0.9032613524218728,0.0150891120912262,14.88396772254445,0.0105066516844235,1.1296438908953064,0.019278504,5.137207716109291
2102067396802935680,,,,1.1423168478753345,0.0154762794082906,15.468046143035444,0.0107168267747483,1.2985207202209308,0.02400013,6.023832831350054
2102070660978313472,3160.0,,,0.7383988743969521,0.0146368100235671,13.639787301208706,0.0102969945643523,0.7807042083165722,0.012040838,3.100971893761713
2102096774379579520,3090.0,,,1.2837855957325666,0.0154826242967493,15.751951310491512,0.0106976929710468,1.3885187908835426,0.025080709,6.459334711618942
2102110174677569664,3660.0,,,0.8362692462919198,0.0144579978230466,11.475519454296183,0.0101941689471393,4.414696143483657,0.012268265,4.699294444131411
2102110724433416960,,,,0.7685262717964392,0.0150802623158341,13.811241876240656,0.0105930149238838,1.2452047128481372,0.011830348,4.289124354204622
2102111102390564864,2820.0,,,1.357440526402451,0.0146241288450884,14.460113338333011,0.0101889386110628,3.0329059395850155,0.01505113,6.867479180070829
2102113267054010880,4790.0,,,1.0838210606715442,0.0889053270555503,15.476967881282924,0.0603253931585963,0.3381812940412806,0.025806895,3.092179241340343
2102117871259036672,,,,0.73450595554809,0.0152533179686115,12.78056621047807,0.0106855074357024,1.0496754321892676,0.012126277,2.883897951573031
2102119176929154304,2900.0,,,0.6866154084128246,0.0143321653773889,10.945427128420626,0.010118218276504,3.3453852064743352,0.010833366,3.565993213052611
2102152815113208192,3800.0,,,0.7912662067154407,0.0213463913760624,15.454414812829256,0.014606651293351,0.445975748631817,0.026368558,3.742726525923388
2102170235500805376,4270.0,,,0.8588168367154407,0.0175112331189338,15.205356812829256,0.0120873981020163,0.5097255098816749,0.022232508,3.741107922876088
2102224661326132864,,,,0.7720406485590183,0.0143213283136193,11.714482539886358,0.0101061872480215,2.123246395333533,0.011339563,3.349206363277675
2102228887573941760,4470.0,,,0.997503778279615,0.0164863010653203,14.889402671095922,0.0114324275278889,1.311336742072986,0.018607944,5.476860233366715
2102232083029221504,,,,0.7675865887768458,0.0146486533303711,12.749312724563998,0.0103207084263378,1.6204779455912772,0.01076717,3.795091267610138
2102244967931917184,3890.0,19.93,,2.152644060471378,0.0152150097223504,15.810125580416264,0.01025979086866,3.6514188171336217,0.03161942,8.619951377708059
2102245375949400960,,,,0.9245330891441536,0.0144658299836706,11.84554762260227,0.010205707972511,2.519542569472506,0.011576654,3.8514527115947494
2102247132595492608,2340.0,,,1.3379256700350304,0.0166453130573168,15.706390229437384,0.0112918680030534,1.5868602788626904,0.027087986,6.697185202158831
2102249400337907456,5370.0,,,1.171415062832143,0.015764190017066,15.417313910592156,0.0108888388086282,1.4216643595490173,0.023678083,6.166389603887266
2102249812654697472,,,,0.9135846467313504,0.015699968543547,15.325004128501297,0.010870134364157,0.8158543019494329,0.022131933,4.8867295019261885
2102316985943863424,,,,0.7941740679736541,0.0170929966039991,13.834134075620373,0.011919766540772,0.9621123681648678,0.0136785675,3.743768504707333
2102321933746075776,4270.0,,,0.8462119918293279,0.0166867811773626,15.083967872284116,0.0115831192271484,0.9186466744272676,0.020692006,4.890159015732685
2102384846425680768,,,,0.9326248019156768,0.0152681543465036,14.555993332957552,0.0106620220725939,1.430337668957006,0.016563976,5.334130835936037
2102410719308323584,4370.0,,,1.147526303595572,0.0174388517664333,15.26349056715958,0.0120232486810927,1.3451802661958363,0.022878122,5.910013453658779
2102411578301719808,4370.0,,,0.8540943006715441,0.0291534500852526,14.941276881282924,0.0199073123809081,0.6849070973193454,0.0216344,4.112887917783047
2102431713108873216,4170.0,,,0.9063336573901652,0.014509909453669,14.141131389445135,0.0101846931346271,1.6470198426606582,0.0134301325,5.220557603517248
2102436351673656704,4000.0,43.62,,2.329457801376246,0.014715804682078,15.828020046696992,0.0100115119003601,5.8678395402941295,0.027352264,9.6688973871589
2102454253097554304,,,,0.7622094130900741,0.0144171778175295,12.543094927186605,0.0101714031399523,2.489967128992266,0.009673009,4.52376041231396
2102456726998624640,,,,0.6072641357256781,0.0151670261883991,13.493187011350024,0.0106342650814803,0.9540258553849368,0.0116279675,3.3982578052932215
2102468134431912064,4470.0,,,0.9317338845899882,0.0164174073204489,13.922263557001212,0.0114581457811099,1.5890477348139076,0.011946443,4.928879903804569
2102469921138142208,,,,0.9285302283593516,0.0162191831487585,15.464443402749463,0.0112438657120736,0.934411374563737,0.024264941,5.3248098556609325
2102490189082470528,,,,0.6762405432238499,0.0157826059927095,13.42143544150997,0.0110378121761819,1.065926284386296,0.015596581,3.55920982727741
2102509125599126144,,,,0.8666558820146322,0.0214176269780918,15.716737643848775,0.0145781692508264,0.5663931645754531,0.028495174,4.504047633205049
2102511874378223360,3160.0,,1.0941,1.890639372096958,0.0147834991813912,15.082784862674332,0.0101998052678491,3.570899995559854,0.019158728,7.843727075662096
2102518574527334016,2880.0,,,0.7066090410073161,0.0290968765899633,14.715794321924388,0.019922804632731,0.531740765769289,0.017970264,3.3517824572978725
2102530188118854656,4790.0,,,0.8990953067154408,0.0192736130602447,15.384971812829257,0.0132700609614291,0.4230689969261453,0.023913218,3.5064575422134396
2102530703514980864,2400.0,,,0.6469693182406402,0.0162687086805456,14.0210696729343,0.0113697309629041,0.8164304477179616,0.012691878,3.5770899114553387
2102548708017562112,5600.0,,,0.9180445742681852,0.0144306290060956,12.429639978347696,0.0101798191534592,3.507611335610924,0.009452877,5.155097615178603
2102587087846067712,,,,0.880833855188693,0.0153682081771735,14.554394381462176,0.0107115792572798,1.0905145440505306,0.0153827015,4.735044853989047
2102600488143944192,1410.0,,20.3359,0.97136104827811,0.0143857698512508,12.815311739591836,0.0101475046942223,2.484991358758237,0.025322473,4.796729343840875
2102601381497162240,4680.0,3.45,3.5024,2.5741944789341074,0.0155444901118968,15.63171626847218,0.0100286264053314,7.846325048490605,0.023303006,10.105418771922723
2102610280669509888,,,,0.7986660783934786,0.0149165190755948,12.942815699884878,0.0104921371481529,1.4569463001507177,0.0131547125,3.761699243184864
2102648832296149888,4270.0,,,0.8566252447026567,0.0152066262752642,15.197829377313308,0.0106238461378107,0.8293135176619014,0.019831019,4.773622382267394
2102700131386216576,9700.0,,,1.0802619618046572,0.0147983883590082,15.198192315408896,0.0102253727511488,1.3226502528223143,0.022529317,5.799878985629491
2102711882417133952,4170.0,,,0.8898637036349221,0.0150084902550479,14.64621015294904,0.0104724320985949,1.0490065977572332,0.015611137,4.751736071567656
2102730157496733952,4470.0,,,0.8729016998044097,0.0147034325639664,12.980089608754673,0.0103159360570971,1.9155283569421109,0.039718267,4.396157682969225
2102794517586604288,4270.0,,,1.2797289683105186,0.0153809133534655,15.74183492444794,0.0105453905747026,1.505436191552421,0.02821969,6.620069659072456
2102814721113340928,3550.0,,,0.7438000894369183,0.017867072581299,13.974269971345588,0.0124122931005688,0.7832908942042984,0.024066685,3.4537451436966933
2102815683186036096,,,,0.8626867386843993,0.0163950968850957,14.50578581039223,0.0114369914588667,0.9842555524740064,0.0148514,4.466368451929451
2102816404740404224,2090.0,,,1.278201170108941,0.0154066148938998,15.279552901249284,0.0106510666716248,1.5908238553699043,0.101447515,6.286685094520475
2102865436087077632,4680.0,,,1.0163338377441629,0.0151567943769901,15.38154880479454,0.0105396098896152,1.017838841535741,0.022103818,5.420732111511329
2102877015319104640,7590.0,,,0.8411098508987295,0.0144896988772755,13.26876513319394,0.0102103980914592,1.185841453171597,0.010326574,3.6375631608338246
2102880210775046528,,,,0.8431008000616748,0.0146869982320415,14.81829014975463,0.0102745638515014,0.797912690089812,0.018565789,4.318537563878316
2102899314789524480,4790.0,,,1.064498805346162,0.0143620934343583,14.653154134184314,0.0100700965030091,1.7312076882443392,0.017070632,5.845843599169223
2102911581215700096,,,,1.142429572424211,0.0155409664018189,14.999618015841897,0.0107172520220524,1.519940736907341,0.021824287,5.899032429078902
2102928726723805568,3310.0,,,0.530632519664228,0.0341819277150219,13.339400059358535,0.0233617695123437,0.6744284797515411,0.012112083,2.474804627397866
2102948483573807616,,,,0.7242093642869564,0.0144705394538231,13.37950702078065,0.0102036034035206,1.4693034427145553,0.01051769,4.2153757227207045
2102954187290293120,,,,0.6867111134930688,0.0144260053914942,13.155400516576348,0.0101705904270704,1.5854868832461353,0.010670521,4.155284596090965
2102974528255171968,4270.0,,,0.7594074033577204,0.0143730142767457,15.103765406414627,0.0100278547837494,0.5677485370841893,0.021330304,3.871554418230314
2102974833192340224,1380.0,,,0.4997513784986865,0.0146727345781161,12.129129325025335,0.0103325231631024,1.1330806447124635,0.010921904,2.4009223818897567
2102976383681783552,3310.0,,,0.7185634033577204,0.0191315842010345,14.765575406414628,0.0132160365902718,0.7311456645780153,0.016518544,4.076362604788244
2102983496146969856,4570.0,,,0.9315678343188044,0.0153893296455598,15.746724274376602,0.0105189541230816,0.9451556103236858,0.02549474,5.623545696582967
2102991776844251264,,,22.1699,1.2512225415102034,0.0143027634854307,13.340414737170825,0.010054232663666,4.006259343571868,0.011029372,6.354552225526188
2103014626070505344,7000.0,,,0.8073321612024602,0.0145751628325832,14.148196508302036,0.0102562602338633,1.0003482323562132,0.012820913,4.148216123300905
2103062523544455296,3630.0,,,0.7566076743650365,0.0247171738044724,14.930355728339016,0.0169377579388181,0.5696409207445392,0.019128041,3.706252684118951
2103078397743762432,3090.0,,,0.7265125366003544,0.0185599920737177,14.380780571132396,0.0128647881078977,0.8096618768420113,0.015337258,3.9169531784361578
2103115403182003328,,,,0.7658191420146323,0.0254262256961985,13.788682643848777,0.0165155359307413,0.6237058986497461,0.050388783,2.8826440660884067
2103117666624517888,1700.0,,,0.6470829332232071,0.0142882715960279,12.114776877271456,0.0100858796871342,1.5418288622052685,0.010040694,3.056178543033175
2103295173333142784,,,,1.3376194050503138,0.0144089617304236,14.385089883013796,0.0100963354204903,3.1708188787818545,0.015575428,6.89034680840175
2103311150611475968,,15.32,,1.9191566118475831,0.0148027878296071,15.339888062343205,0.0101576446809294,3.4396457253222983,0.021020316,8.022663974453437
2103314346067173504,,,6.1217,0.8706803525860342,0.0145199325996111,12.650317195763634,0.0101667160496459,3.0554165870034447,0.008835612,5.077133246569353
2103377980301947264,4370.0,34.22,21.6658,2.2084461966239997,0.0143583841691532,14.392650959167884,0.0100113772985809,7.525054921637,0.0147740375,8.775117537144009
2103392720630278656,6310.0,,,0.84677348133302,0.0141619095304749,11.05782230453209,0.0100048835587153,5.3499418803814525,0.010052544,4.699034602755283
2103399695656782208,3470.0,,,0.8137740412210032,0.0870521075112856,13.254506354051747,0.0591621907562799,1.5522234128470054,0.17513509,4.222556390088393
2103452266056715392,1740.0,,,0.7008525696283128,0.0143348501114649,10.775901845609535,0.0101209369827139,4.346250551569667,0.011003681,3.965224147462596
2103502465633672320,4570.0,,,1.2010157803074122,0.0145759192509964,14.169839073759196,0.0102068747955744,2.851340748272895,0.014335064,6.442434061952566
2103516759284836992,2950.0,,,0.9971505387684922,0.0143884462339583,14.083510228301066,0.0101368399418165,1.8397756664175464,0.012664052,5.405077723337985
2103567611698320896,4070.0000000000005,,,0.8784401115361695,0.0150947654253967,13.800601784750697,0.0105904157055362,1.1989936242454966,0.0167184,4.202847238413645
2103572731299093376,4470.0,,,1.1904602462488625,0.0185059034048905,16.243647347676397,0.0124162151119884,0.8861763667152628,0.036811695,5.992387378726839
2103573865170471680,,,,1.2206021562240077,0.030075355012612,15.204275308621652,0.0205216154801335,1.5561906495935998,0.021320371,6.164564153429728
2103578400656053632,3470.0,,,1.56893158374925,0.0145145003180183,14.921285796557283,0.0101677862029575,3.0883008557745883,0.01913265,7.370548673087141
2103579397088495616,5010.0,,,1.0537398388801285,0.0144339402976247,14.283339194858163,0.0101586258402676,2.142229514219854,0.013620048,5.93724724666947
2103614444020842752,,,,0.7623686335204951,0.015619876219089,14.08863405338419,0.0109145888711263,1.0154847868523855,0.013862405,4.124553904392297
2103628462794226304,4170.0,,,0.936067545483033,0.0144133318052177,14.091992231588652,0.0101442944559461,1.784333126769408,0.013066054,5.3475689532803035
2103644611871388032,4470.0,,,1.080295717153433,0.0166141411710872,15.715493160130892,0.0113563267455102,1.065765148087369,0.030179577,5.837384553072853
2103645814462282752,3470.0,36.18,,1.6694537445559874,0.0146184320519968,14.625753131851512,0.0102002938427861,3.5297439749896884,0.016662555,7.364770402667853
2103671481186902912,,,,0.8202674793134838,0.0171211798135209,13.877879626654574,0.0119368820519098,1.5292241859765443,0.012022106,4.799505784473771
2103688489257523584,,,,0.808808071794254,0.0162674727787073,13.49705776742292,0.011369843293632,1.5710233442365638,0.010528188,4.476333556254408
2103712163117363200,4470.0,,6.191,1.008024882969983,0.0145723305642787,13.19801672969326,0.0101644215900156,2.853826588990451,0.050548907,5.478913234401567
2103714637018491136,2450.0,,17.4169,1.475073970763895,0.0145589573583035,14.776623224050152,0.010070385300808,2.5584746016341664,0.018640522,6.81494741617588
2103725219818080640,4270.0,,,0.8294618067154407,0.0144738663400089,15.411299812829256,0.0100980781096519,0.4541404469958361,0.024934124,3.728887059224359
2103728312194385792,4370.0,,,0.9176973933328142,0.017159805030884,15.36576911583436,0.0117546154972069,0.8323802557222941,0.025037754,4.9542855936673345
2103730579937168128,3240.0,,,0.7938257521345896,0.0175772438116443,14.709335334562208,0.012195355153548,0.7614051409625595,0.019889925,4.107827404755321
2103737241426734336,4680.0,,2.613,0.986981827242232,0.0165672371162356,13.008762732915548,0.0102560774538024,3.031531537048504,0.031928245,5.41777319657532
2103741437614605312,4680.0,,14.4594,1.165613113223296,0.0144035350213466,13.49223329402707,0.0101049055658362,3.270213215198562,0.023632837,6.068522301495674
2103743018162573952,3800.0,,,0.8210664589859142,0.0161956440399068,13.48822904861958,0.0113196611724011,1.3933003768786456,0.011568935,4.20833035975366
2103785516859681152,4170.0,,,0.817358519664228,0.027871964974077,15.664540059358536,0.0189864840721962,0.4709058399427283,0.026165145,4.017956445424673
2103787101707694464,4070.0000000000005,,,0.8437643222520704,0.0162778333950088,15.187332162994876,0.0111720676669466,0.8148161420134333,0.021644497,4.7395820246036955
2103788854053938816,,,,1.144949884257287,0.0144319396941433,14.12841267016707,0.0100974137551017,2.444022517060627,0.013855725,6.068117880244474
2103794420332069632,5010.0,,,1.1388812646139137,0.0144287438400187,14.916398291720045,0.0101033407885976,1.8088425669866235,0.018269317,6.2053582693410725
2103799368134289024,4070.0000000000005,33.52,,2.3073579060224603,0.0155621834538952,16.070401722401265,0.0100937990575712,4.530541378572016,0.033483017,9.349276797062869
2103800158408255872,,,11.933,1.5273441101002971,0.0142369651379609,13.384780418811465,0.0100076241364153,5.330536707034605,0.015211907,7.017028413407713
2103822075621468672,,17.47,18.0275,1.9643498323782331,0.0145580238909018,14.87168935047561,0.0100561392840976,4.561628535549504,0.017375281,8.165774919129746
2103829913941569664,,,,1.0553925110945233,0.0210565116242172,14.93232032845903,0.0143805776759759,1.418492403108603,0.018914161,5.693269050340749
2103845032226500352,,,,1.2543336306475268,0.025157143151306,15.515878554675298,0.0172163055103436,1.4419319295394222,0.02578088,6.3110938569671635
2103860562828483712,,,,1.3804169432331117,0.0146534459008124,15.523985335619674,0.0101163926228583,1.8599629641808864,0.02388452,6.873011940105567
2103867224319533824,,,,1.3010841060487808,0.0311366962296436,15.635929115671884,0.0212118384464521,1.576747565536383,0.025444515,6.623849941675536
2103871317426712448,1300.0,17.47,,1.8676770794990616,0.0145274680918681,15.076904735411038,0.0101184065791243,3.315025818622307,0.020080965,7.680043314588814
2103882548762598144,5370.0,,,0.6679808684178465,0.0495223682300899,11.5265630822801,0.0340005063592382,2.0782130686450904,0.5006904,3.2869102792913942
2103885782875978880,4270.0,,,0.8406042542274135,0.0160545778647896,14.739844657349709,0.0111947216568622,0.7791802688605843,0.017312072,4.191300764341918
2103904302775007872,2750.0,,,0.7434287391394527,0.0154573962296276,12.439633641237355,0.010844279306464,0.9996108792914044,0.009970622,2.4404162766836652
2103927495598786304,4680.0,,,0.9937705135124364,0.0173253895761655,15.592283264555236,0.0118637254765666,1.0994739430122589,0.026390187,5.794688614699696
2103934504985435904,,,,1.222061568923113,0.0149169529784756,15.315755915448754,0.010330390854938,1.6696740626345823,0.023268932,6.426876967148798
2103936497850300928,,,,1.0322804078206,0.014387158336475,14.518131651018049,0.0101025361285422,1.7546690869442985,0.016233085,5.7356661324978315
2103960721465412864,2880.0,,,0.6545316926431416,0.0172421995780967,13.06767652333036,0.0120352845853876,1.077788979411368,0.07012206,3.2189279598534952
2104031227648002944,5620.0,,,1.223685429660653,0.021692019529721,15.4266101058166,0.014851566920941,1.4947510031182325,0.02333838,6.296200882334862
2104037962156847744,2950.0,,,0.6593294101057768,0.0155559446150824,13.653585148119753,0.0108907847678602,0.9545871780896208,0.012607406,3.549594251200073
2104054832788419072,11750.0,,,0.9638288260545992,0.0171389692808671,13.377733626288329,0.0119460429284525,1.032278759500444,0.01101737,3.4509420106568367
2104065209430717568,3980.0,17.72,,1.8245933374515948,0.014974125473335,15.85916545580946,0.0101495761391781,2.1732727636904396,0.032256808,7.55157201143578
2104071978297949056,,,,0.8045771328696436,0.0160705999254541,13.790375909162588,0.0112339441472788,1.4722097107362326,0.011821818,4.632913619342997
2104076204545773440,,34.71,,1.5818733599374477,0.0141730441967984,13.478951726369605,0.0100035327570134,6.295437547059352,0.010440343,7.473538212126505
2104078025612319360,2000.0,,22.2336,1.174611322824841,0.0143851416589482,14.166400426171426,0.0101292168245479,2.471562628439765,0.013407088,6.130497245374716
2104090257679181696,,,,1.0975303363165896,0.0165004768965998,14.966238457757358,0.011449187449848,1.4702043967262983,0.01827873,5.805296223983207
2104094071610116608,,,,1.0569563438211362,0.0144114716294516,14.076418356839897,0.0101356590049804,2.2176005065115336,0.012940859,5.804116122651379
2104094209049086976,4790.0,,,0.9111387070132704,0.0163011332030143,14.997876644560462,0.011350877560204,1.0435084739170668,0.019184593,5.0973009852161955
2104098950692667264,,,,0.9310293990063802,0.0177580036959027,14.25013594120105,0.0123316199159387,1.3679883490529705,0.014640858,4.929088025310376
2104106647274122880,2880.0,,,0.7142217012972648,0.0156149164690744,13.530949749693807,0.0109211404557673,0.9967154910333228,0.01135612,3.530829931152015
2104140349880122368,4900.0,,,1.2030407732325967,0.0250365772408693,15.248001056611429,0.0171287905623202,1.5916048413284556,0.020547662,6.254961710962888
2104156984291199360,4470.0,,,0.8545627707354154,0.0162034998219338,14.490758215932791,0.0113000251681841,1.160695329141889,0.017252114,4.813195748686121
2104168288644696320,4270.0,,,0.8681289423350307,0.0174405419346938,15.05658602179743,0.0121006020581537,0.8062040123656351,0.019013876,4.5916997811652145
2104172854190854528,4790.0,,10.8274,0.8387835501416561,0.0145807122658482,12.235459845185876,0.0101769572720291,3.124409606820666,0.008504714,4.708899975814415
2104245357537867008,4680.0,,,1.1770953166639648,0.0145252192844313,14.831181791641328,0.0101200208850299,1.7734606425430204,0.016954396,6.075626771088977
2104251370492901760,4470.0,,,1.0543731637445874,0.0198633259437241,14.869685613303824,0.0122286369228246,1.4830822023331744,0.01919961,5.717076083239824
2104257967562692096,,,,0.7303270094148856,0.0641287653059661,13.324473192175168,0.0436372772539119,0.820582094209248,0.11582014,3.021118606986702
2104344141784539264,,,,0.7704630880146502,0.0142588821836636,12.059012733277385,0.0100640753596308,1.8403030507740916,0.00945357,3.3819532549363114
2104353590712705152,3310.0,,,0.8437908366559931,0.0159968613700601,14.071021387219318,0.0111476807670423,0.9631054050824772,0.012595988,3.982388322947021
2104354690224334592,4170.0,,,0.9698557819524616,0.0143691907375046,14.17276685014647,0.0100888332169813,1.8411256947496883,0.012270638,5.4985975822010005
2104376405579347968,,,,1.2547890684038048,0.0143064333771193,13.82012283261647,0.0100721277378301,3.5438251022852536,0.011956515,6.56719092754836
2104452752917443584,2510.0,,,1.5175808310378185,0.0142814105826649,14.061055907236897,0.0100542398759468,4.115832138969468,0.012188202,7.135068087556668
2104466153215402624,,,,0.9146441790693228,0.0209676290934059,13.193989722967787,0.0144918336521165,1.337479831517251,0.009817472,3.825879482355312
2104475013729123072,,,,2.420711917351774,0.0175703245839671,15.801318294650242,0.0100293890841095,5.339756339373124,0.060935672,9.4375319612034
2104506319750394624,,,,0.9280423816175698,0.0168658533510223,14.399635817182231,0.0116613864035798,1.2080444233255758,0.017472884,4.811517625236387
2104527554068149120,3470.0,,,0.7859386898105646,0.0156942377444999,15.112754494698631,0.010865064733869,0.7459987760488491,0.021451991,4.472581887214062
2104530027969874944,5130.0,,,0.9240818876372732,0.0161684601743388,15.084752518270722,0.011214665531921,0.8107626261031158,0.021653345,4.645843921256585
2104539202019666432,,,,0.9351469998145644,0.0148445112447707,14.282790338870925,0.0104230125642326,1.6444398848080444,0.014138726,5.360409544172413
2104675781979819776,4400.0,,,2.0265565577043976,0.0143348000171807,14.493761713386853,0.0100806432446733,5.590939862045863,0.09840612,8.236328836763112
2104704815958848000,3980.0,,,1.3918534205944866,0.0145094649965928,14.818307349029176,0.0101113197521763,1.7940616173823232,0.017317768,6.093675813993258
2104705193915993216,4070.0000000000005,,,1.060223789019843,0.014293333208306,13.978509650936214,0.0100523243002271,2.4109309526718743,0.012196122,5.888345175472788
2104710176078205440,3550.0,,,0.7204748443650365,0.0191388487140151,13.954059728339017,0.013254486224471,0.7252877988531162,0.012615698,3.265039729292157
2104727081069413376,3020.0,,,0.7633577171309711,0.0142216646432043,11.764339722000814,0.0100405243503786,3.542744586225463,0.0091711925,4.510525577781408
2104755256054840192,4470.0,,,0.9595685476190946,0.0164297053292516,14.67766850622631,0.0114404757233752,1.1383688262348006,0.015601363,4.957008944882565
2104759585381348608,4680.0,,,0.8765186093297391,0.0167907448595764,14.76354273670984,0.0116702233215255,0.959415537482803,0.017308176,4.677533839301411
2104797381093952256,,,,0.995003955575848,0.0157275550411432,15.4497590916449,0.0108431432719383,0.9347547915711416,0.027496792,5.306907301257326
2104822188824798848,4900.0,,,1.0594134165607336,0.0151169073473928,15.156642156335154,0.010538659207282,1.4296235231947587,0.019724576,5.940733844806557
2104839471773324032,,,,0.6671117075478783,0.0142200341267402,11.927509887155631,0.0100387101471522,2.5602292141891265,0.0102371955,3.970061536538075
2104847370214740352,,,,1.0083571183985505,0.0142480061565944,12.92314932740062,0.0100529350680139,3.3330885626438587,0.012840786,5.53644482710183
2104875377699739648,4570.0,,,1.0454771692733085,0.0164694972080851,14.661480378103246,0.011409938757848,1.6283292437402337,0.015437669,5.7226499436066405
2104875755656860032,3720.0,,,0.7897835223806884,0.0158788122138506,13.88641720803478,0.0111056701149715,1.1481474269929417,0.011547461,4.1836981467734
2104890633423618048,3390.0,,,0.79500302798083,0.0152679214628757,13.339468740258775,0.010721487972451,1.4723185393369824,0.010122623,4.177382645302057
2104972581400204672,3310.0,,,0.7335624221480816,0.0162384830812712,13.495916574757471,0.0113513970078095,1.114601223324576,0.01127238,3.733645924666794
2105000687666286592,4170.0,,,0.7547363615109741,0.0191967266341104,14.827186482886582,0.0132232231551992,0.6322641947192824,0.017123656,3.825009163739036
2105091878412164352,3980.0,,,0.808656355075966,0.0155831655687657,14.923331970980476,0.0108396928258806,0.7784993258791636,0.0210058,4.367747236819428
2105095348745153536,5250.0,,,1.101765952461906,0.0183999826581927,15.243889571410277,0.0126800665037048,1.2701226335281124,0.022547299,5.760611038051469
2105106687459103488,3390.0,,,1.3718912023782284,0.0143091625194162,14.354320698247996,0.0100629478134615,2.9432303484695375,0.014035725,6.69739900902969
2105113765565227648,,40.69,,1.668412478827021,0.0142637685877443,14.37825871378818,0.0100100069054627,4.778296811192703,0.01520566,7.773520622249242
2105135854577044480,,,,0.7656845517023437,0.0142923727812035,11.605018558579054,0.0100880046060237,3.668240185933701,0.010995124,4.428180431491278
2105151526917259520,3160.0,17.96,,1.812742943217666,0.0147340621430614,15.279817039222127,0.0100539680552226,2.8210904867230684,0.045951568,7.536747427764503
2105168775506130048,4370.0,,,0.8644005787248589,0.0160953751035193,15.092133645312138,0.0111192026654188,0.7689413696740838,0.020016184,4.5339261850837165
2105192999121723392,3550.0,,,0.7564205615109741,0.0191587910158787,15.10002248288658,0.0132257030852819,0.4917256293162756,0.020827265,3.568969030115385
2105221139747765504,5010.0,,,0.9569315033577204,0.0247233778262733,15.310518406414628,0.0169080547813594,0.4158266729779946,0.022127705,3.4387140264526668
2105230794833800704,,,,0.7781320017254327,0.0146815543673765,13.379602082836238,0.0103364948045228,1.1549052689430208,0.011057701,3.691299706986341
2105261134483173632,,,,1.7311270056075672,0.0148285681349879,15.7593588070808,0.0100500849906037,2.544303257179511,0.025534818,7.783819344033505
2105262886829784960,2820.0,,,0.9025609700589872,0.0143202509797128,14.020571130379032,0.0100527065846025,1.776529864166816,0.012322184,5.266472945596426
2105273705848965888,4470.0,,,0.9007619085754524,0.0160054246586823,15.611704023888697,0.0109684243852155,0.7350387243910171,0.026312703,4.942938539668891
2105274977158196480,1660.0,,,0.5398921175734129,0.0143195446932638,11.943783072410223,0.010100038705494,1.709063853471319,0.010984425,3.105661493266501
2105275015817638272,,,,0.8361105315109741,0.0192920934247076,15.234823482886585,0.0132857644893265,0.6999574968436244,0.021655712,4.463190343410957
2105291955168605440,2750.0,,,0.69396051009825,0.0142265595829401,11.636076836725229,0.0100416437878409,2.3942149437661304,0.009276743,3.533494373069116
2105316247502568576,,,,1.0808644075039522,0.014312156047699,14.42034237583685,0.0100555944434832,2.1616573723438366,0.016040608,6.094825387827271
2105318412166111232,,,,0.6952862289144005,0.0142556019099403,11.277326333809835,0.0100654665240993,2.5583999764088756,0.012484103,3.318008970982852
2105327723655307648,5010.0,,,1.3015986032786775,0.0150424913479963,15.564871843067497,0.0102683339341354,1.713716511092602,0.027400676,6.719324737343101
2105329819599365248,,,,0.991867064257799,0.0168336004736782,15.779580228085722,0.0114433824061775,0.8303733286833727,0.030971888,5.38102113873334
2105343799713595904,4570.0,,,0.9108703832281604,0.0143164556212024,13.412537936239756,0.0100936654686085,2.402751219935526,0.020869015,5.315582356746052
2105358166383528192,3160.0,17.84,,1.740457788323751,0.0154510279032782,15.91477079173714,0.0100988063058055,2.2826572463437973,0.029294558,7.710340974808826
2105362903731391744,2820.0,,,0.8914001452106225,0.0142410985906861,12.659229281770417,0.0100537716424662,2.564296608253128,0.010022429,4.704586363639711
2105396099534835456,,,,0.9862764855271932,0.0146549586606972,15.090258136999893,0.0102645014640332,1.3658540518425184,0.01837468,5.7671559988705905
2105414310196331264,,,,0.7104742903676107,0.0147757403495142,14.15729026142868,0.0103708574575045,0.9556694588576836,0.013844688,4.054119709410248
2105415302330571008,5000.0,,,0.8533681614889659,0.0142579435155081,13.38295845451524,0.0100579741532075,1.7737741364457549,0.0094590215,4.627968412847611
2105415306628609024,,,,0.7199636568944213,0.0146145060323689,13.803609328401206,0.0102924951760339,1.0576300849750526,0.011161374,3.9238247116003944
2105435544515167232,,,,1.0639631350901346,0.0144173392815258,14.214049177690354,0.0101470519143052,2.273179559686907,0.013443456,5.994707629854316
2105448841733970432,10000.0,,,0.8610903925660369,0.0149066759599674,13.828735175459087,0.0104701264189249,0.8814056817726391,0.011922775,3.556684853187601
2105456160358298880,3890.0,,,0.8435482551900912,0.0158870572371208,14.439598274830466,0.0110979868166361,0.7063235305873385,0.015415535,3.6973829938732496
2105463135385330944,4900.0,,,1.0635842405005236,0.0155018315018237,15.309105171561534,0.0106348666265951,1.1793810023542322,0.021471523,5.667767585549473
2105474852056221824,4570.0,,,1.1445520458220644,0.0145225204455814,15.014196541534162,0.0101659353028388,1.7540748486002842,0.017293936,6.230986987954054
2105478425469064064,4680.0,,,0.9082874446549692,0.0146464096248804,14.61533390104787,0.0102885653837004,1.1475728947243964,0.017187916,4.922116963885827
2105491997566014336,4900.0,,,0.9760983121668668,0.0164807382396987,15.900188251573022,0.0109413923424585,0.8917143794014583,0.029073518,5.643598301910311
2105506119417943168,,,,0.935817997863151,0.0155162723780587,15.262181873302726,0.0107177808702566,1.0434548606043197,0.020920876,5.350032430932419
2105506497375025024,,,,0.8816103947435535,0.0155591625378277,14.607564968965288,0.0108470807905771,1.1194505576961538,0.017009431,4.8517096650405165
2105526799680172032,8510.0,,,0.8911323683077825,0.0143881645089705,12.566645015241743,0.0101513315002196,2.5730471030806052,0.014922873,4.614724028092338
2105528350169042560,5130.0,,,1.0989955065909771,0.0154297706862487,15.762592008475256,0.010562560412484,1.2025889007476545,0.027334424,6.143350044095573
2105535462635217792,,,,0.7932876033577203,0.0212044466941309,14.946539406414628,0.0145504947643655,0.7106505535125575,0.020195948,4.205461764409806
2105538623730974848,,,,1.152809294062024,0.0166456405887068,15.51240006613786,0.0113881086689783,1.443180818721107,0.023743154,6.293344364276624
2105552127108243456,4170.0,,,0.8004650033577203,0.0213975542477319,15.651295406414627,0.0145526486059198,0.639728875465654,0.025203524,4.686146710443058
2105554394851020160,4270.0,,,0.957028701542548,0.0150290548668664,15.055870255126075,0.01048289557717,1.2115811665694862,0.019840242,5.476970026165173
2105558930336570496,5130.0,,,1.0517296127223903,0.0145483988180074,14.5150724620774,0.0101018496098832,1.8566936196654016,0.015624825,5.862530233097614
2105573945541164544,,,,1.0207254329934976,0.0148599202071431,14.50855399499242,0.0103559556303406,1.396710303990867,0.030761562,5.2433452208365114
2105597825559486336,3630.0,,,0.7359288968163503,0.0198450716844795,13.380530097888862,0.013903723808567,1.4743625291491051,0.17912708,4.13884206099096
2105604800586437760,4570.0,,,1.143566694947391,0.0156601178217975,15.835302451122256,0.0105456839716883,1.210377036704289,0.03144151,6.244839458591086
2105618029085927680,4470.0,,,0.9779184526349052,0.0143667470947237,14.106706014355789,0.0100952702574291,1.8139352248201313,0.013893282,5.400442949430058
2105620159389754624,,,,0.6508917131865256,0.0143304717270968,10.853752730034309,0.0101106198911716,3.421108929037461,0.01150541,3.5244811099186464
2105663727538050688,6170.0,,,0.825795804617697,0.014336305415507,13.158130432792646,0.0101166731692755,1.7919667872881329,0.008999703,4.424758741842844
2105673726221976576,3390.0,,,0.7552059015116891,0.0146707833526303,13.85347172564824,0.0103266645679119,1.424031738692135,0.011562385,4.617448903315326
2105678089908733824,,,,0.8066364592295974,0.0153030521728598,14.193675088697704,0.0107008863124242,0.9283530299920568,0.013465441,4.032417397842401
2105694410784851072,3630.0,,,0.9396497543472906,0.0144075587054708,13.990734175012136,0.0100587996509854,1.7387451509843486,0.012286928,5.19240532556217
2105697533221828224,,,,1.389861638694458,0.0157952433375618,15.071981912179002,0.0116922036387832,2.8704851747945836,0.46428147,6.916285599969838
2105726605858883456,4680.0,,,1.0446000160656288,0.0157365543366949,15.319796671369929,0.0108631004378357,1.2158597249554055,0.023409199,5.7429287480280085
2105743987587112064,,,13.6923,1.0726432000876536,0.014487992390645,13.25117436651128,0.0101402282887846,3.269377386650337,0.011412177,5.825116370735051
2105752581821148544,3240.0,,,1.1946215778348466,0.0164358633082553,15.639903418672382,0.0113691447276191,1.4935334242145744,0.025264202,6.501696812943946
2105835281411929728,,,,0.61319055752958,0.0144020969542694,10.540720245401548,0.0101652940330746,3.748732650670645,0.01067924,3.411545992007758
2105847174181385600,3800.0,,,0.8474270206661013,0.0150841389229937,15.09131270969868,0.0104999957434472,0.7739025845636741,0.019594304,4.542494993361069
2105848204973533696,4680.0,,,0.9443761180156244,0.0158027603323713,15.877247906814352,0.01069453268588,0.7107904619186,0.03741458,5.145637018066797
2105848204973534592,4570.0,,,0.9570303834573084,0.0143471407746872,13.852162657742896,0.0101000740718997,1.880917322304726,0.012561088,5.222786866790861
2105886790959182976,3980.0,,,1.498145095913991,0.01484287621198,15.892502255148036,0.0100922632283253,1.8664864393667375,0.02797022,7.243873616243702
2105909326647414400,,,,1.3047822646343712,0.0146248164134679,12.418349997328132,0.0103048121844926,0.7986459667687349,0.010096279,1.9262031115699385
2105915343901864832,3890.0,24.71,,1.9382569751284695,0.0149472535407702,15.60855031325996,0.0101217598390079,3.5432826719828245,0.023161191,8.351368604926797
2105921803532722432,4270.0,,,0.8011203602453089,0.0143673323663365,13.259188317756776,0.0101290090072749,1.3694055728258312,0.010138184,3.937222888509844
2105930840143687680,,,,1.463065694422581,0.0146851084359437,15.753059015252823,0.0101168976682093,1.7708746886751994,0.025196766,6.987614925426469
2105933417124075264,4790.0,,,1.000240833817269,0.0155487119180987,14.595210088575849,0.010859814013451,1.6243057381077843,0.015883448,5.646312305633108
2105964306529014400,4170.0,,,1.200740265312222,0.0143760437292255,14.873425856492355,0.0100846554629116,1.85602370019294,0.016572172,6.209636184890073
2105969082532659328,3630.0,,,1.277880241361087,0.0144108645961061,14.587229411946485,0.0100948242868759,2.1578268142132253,0.014986457,6.255973137158536
2105983066946463488,,,,1.079176600921928,0.0153266051780859,15.712271354303637,0.010516048673484,1.146430375991043,0.026266035,6.004493410320727
2106001651264391040,,,0.1964,1.4984970169237346,0.0143595437512045,14.065358582936623,0.0100957399600501,4.0008080914237745,0.014936933,7.075566696921678
2106006156689931648,,,,0.7890628469760077,0.0152328580630851,14.983757500155132,0.0105657105906179,0.8009248724065594,0.020540722,4.4969908680847706
2106008493152187392,,,,1.1397604864025752,0.0143610517213851,14.259845482497898,0.0100982472483223,2.628061045429343,0.014229073,6.359692123086353
2106018801073572224,3720.0,,,1.65443507967349,0.0146187179067676,15.415999872790277,0.0101058164966482,2.7158447036939344,0.022458859,7.583572349217011
2106043093408840960,4570.0,,,1.0661876568951207,0.0147448241941322,15.033384565109566,0.0102469257404787,1.2644770917975576,0.019413032,5.544870659494187
2106046632461881856,5250.0,,,1.081565254770602,0.0152762742984852,15.709115632479431,0.010316667653063,1.0825868439761843,0.025058627,5.8937331040170005
2106132875405444352,4680.0,,,0.9875357733669794,0.0159366670434133,15.703220892703504,0.0109591769490972,0.970874067621652,0.02551646,5.624879053177606
2106137960646125312,,,,1.0830126200649894,0.0143272879091964,14.792244295959508,0.0100537722152174,1.7195105500828216,0.017934565,5.970081991440978
2106208363750121728,3240.0,,,0.7476036910073162,0.0353325508555888,14.294379321924389,0.0241280481823827,0.6560483008686849,0.014039105,3.385841788236414
2106221351731318784,,,,0.902380271818373,0.0144019250301169,14.341603622190547,0.0101073668543827,1.520613929364584,0.0149749685,5.2499517270474225
2106235301785454208,36.0,,3.3972,1.56911327013754,0.017636163819591,14.19030279791409,0.0103304192607143,3.687611212432968,0.014007695,7.023681037388965
2106246984096567552,2690.0,33.52,,1.4441923580133618,0.0150864488238192,15.89891484618049,0.0101991200734782,1.6115033432754489,0.029889569,6.938756642121541
2106262274180389376,,,,0.7534042507189602,0.014388147032331,13.595386481785132,0.0101362057893237,1.3900142005034233,0.011460979,4.309583077356491
2106279179170588288,2880.0,,,1.2594480448189522,0.0143552060200337,14.188359584896254,0.0100819918308993,2.69369505567013,0.020743985,6.338893379352317
2106290208647252608,,,,0.8284400133283896,0.0146869233316324,14.32127374689128,0.0103210798709283,0.9870147357299858,0.014977581,4.294532775959622
2106293816419205504,3550.0,29.59,,1.4696007799594468,0.0144552388640941,15.25046500578209,0.010053180933494,2.282842809312709,0.019864865,7.045052606229669
2106303505865370752,2090.0,,,1.1183623953393231,0.0143152383361363,14.659581753565922,0.0100700233247359,2.044288123760889,0.016006894,6.208840742646242
2106306082845810048,4470.0,,,0.859707593775983,0.0146033953911087,14.240687830312956,0.0102619283479914,0.7582979344036254,0.012954234,3.639978185324184
2106306495162679552,,,,0.8444925639687,0.0144071065953662,13.513050713247711,0.0101502016333788,1.106393569469545,0.0103707425,3.733057897571299
2106311477324720384,4470.0,,,0.9425335033911818,0.0156903422786659,15.745581535292112,0.0107337200546513,0.8794654097560306,0.027283004,5.47300765682105
2106316012810255104,,,,0.8888630737481418,0.0145698033520543,14.768619636288822,0.0101507054359363,1.1514839973161977,0.016525375,5.0778821992745105
2106333879874204288,4680.0,,,0.9509581086210932,0.0145297735458738,14.774590260464992,0.0101837653875691,1.330148448322425,0.016501075,5.395418389832363
2106339927188171776,,,,0.7837489733577203,0.0233356510792518,14.822459406414628,0.0160415702012539,0.6973621049055201,0.017318463,4.044470747010241
2106370541711607680,1410.0,,,0.7242027339194643,0.0323394254810966,13.948743001604011,0.0182084071492273,0.1097936946899327,0.29474822,3.106709710807696
2106371744306291328,,,,0.9227761652283486,0.0144822022791524,14.66733396456457,0.0101630309803821,1.1644977196321025,0.016914349,5.0060060154856245
2106374557504930944,4790.0,,,0.9342798697006156,0.0150465267189179,14.236391342260983,0.0104995874834333,1.5298633556988848,0.015539984,5.158239164555983
2106384010732717184,2950.0,,,0.7810316584028282,0.014275983550619,13.369618593655764,0.0100706782252646,1.9669598837470577,0.010993792,4.840147282219
2106402496271967360,,,,0.9479650033577204,0.0272340217602488,14.312349406414627,0.0186649523674428,0.6046448227865919,0.015780687,3.2309990020938795
2106406069684947840,1580.0,,,0.9735910071751612,0.014302093771362,12.383534884409691,0.0100823309808313,3.96125997688033,0.011561802,5.373052342124556
2106412082639238400,9500.0,,,0.8103833196642279,0.0247473529922123,15.447498059358535,0.0169218815275856,0.5006233266776754,0.023560306,3.940275281935108
2106414144223503360,4900.0,,,1.0293385366696084,0.0152437946212767,15.639616375380925,0.0105539966807842,0.9129324837811876,0.026157817,5.457987588263897
2106427750679026688,2750.0,,,0.6896031905854055,0.0149115852518794,13.377522651191004,0.0104849518952845,0.8787880472697251,0.009929929,3.095714757119765
2106431392811409536,,,,0.9757726419875228,0.0146415804135885,15.154230784329677,0.0102133153580518,1.2124689066854826,0.019565206,5.568975488440387
2106432870280171136,4270.0,,,0.8251137115109741,0.020260012207344,15.405801482886584,0.0139113220052383,0.5400938448415152,0.023472792,4.076325836677279
2106443453079518336,4470.0,,,0.7931819820146322,0.0342712896271773,14.387178643848776,0.0233964305005651,0.7365765738447607,0.015697032,3.7172596103035342
2106444552591200768,4570.0,,,1.1526337706200245,0.0150331216714477,15.677622956462953,0.0102618927365426,1.339385189705918,0.02539632,6.305532048223068
2106494580370491392,,,,0.8394493033577204,0.0220411735888915,15.522595406414627,0.0150826868842988,0.6917822165851328,0.023300182,4.712011053331199
2106496607595412480,5500.0,,,0.8046974384010697,0.0146380286586976,13.989165016945384,0.0102897241864518,1.57331136334287,0.012668483,4.974648417217368
2106499562532338944,,,,0.9610022716085806,0.0156728019817409,15.806492346971355,0.0108169239144988,0.8929244494763084,0.028511535,5.529069451601314
2106520040936657536,4170.0,,,0.8295703592276197,0.0147249405699514,15.175971922204823,0.0102439743860977,0.8695547465368954,0.020927597,4.874932219473456
2106546978971754368,4270.0,,,1.0688804797841451,0.0149688503894039,15.698008663074312,0.0102807578461223,1.0119279858334782,0.023657404,5.732671825163806
2106595941599427072,3310.0,,,0.7116737974599373,0.0148494463875147,13.487724197253971,0.0104495535924688,1.2586926637366758,0.02969128,3.973067635224494
2106597487787652352,4570.0,,,0.911089279040407,0.0146688764858646,15.324947788287847,0.0102258503327587,0.9916293179068852,0.023447461,5.30808539100649
2106617691313437568,3240.0,,,1.438041157098053,0.0149215588715016,15.618532199637684,0.0100829132950588,2.059339213885041,0.02703316,7.190090099211698
2106618687745888768,4790.0,,,1.0935610252947612,0.0152678078443521,15.244311147597015,0.0104955411680539,1.340005251102735,0.022723768,5.866269595475201
2106674071344722688,7600.0,,,0.9254637,0.0141519480074498,9.556875,0.0100009565607318,15.642865506779945,0.010475128,5.528418586298267
2106679126525940096,5010.0,,,0.8814567615109742,0.0492439293485756,15.788091482886582,0.0334364546217699,0.6498009648589933,0.028557112,4.837583532724661
2106703212701656576,4570.0,,,0.8473666748651086,0.0147953439719137,13.738658260843996,0.0103893222184473,1.2448886161360924,0.013189646,4.211334626846151
2106705269988803072,5630.0,,,0.8711049003135081,0.0143455084122823,12.28662121706382,0.0101192665610989,2.219260891949721,0.010392124,4.017604512517245
2106710978002603904,4270.0,,,0.7594081120284143,0.0147956807850794,13.86717594029157,0.0103875591418711,0.934672493779647,0.012913799,3.722590446185464
2106711424679833984,,,,1.4144704922394715,0.0175593424472804,15.005315098249255,0.0122354041020269,1.668997467051509,0.1368529,6.389540003402489
2106717678151463040,4900.0,,,1.1376375337748383,0.0152782844311373,15.578971506412463,0.0104968479068013,1.140171590940485,0.028733311,5.857316595748328
2106735064179220480,4570.0,,,0.9309256783263866,0.0160818934401313,15.149142411548471,0.0111527907324487,0.7808659328958858,0.08441813,4.706766807424607
2106739943262307200,,,,0.8101188712106626,0.0148122545787741,15.107318641610684,0.0103008906111466,0.769856079131256,0.019631071,4.538528411142332
2106747876063966976,4170.0,,,1.0425783922639305,0.018076975170526,15.093039040426737,0.0124329345843426,0.8186186513006938,0.085974686,4.806433339596667
2106748052160620928,,,,0.716299377598602,0.01478254017435,13.837877638463189,0.0103738302938796,0.8226880773313271,0.012590173,3.421213066380119
2106775024555031936,1600.0,,,0.9895789966349864,0.0149466845899615,14.946755504225193,0.0103246768479625,1.3166711715752617,0.023319095,5.534944336881052
2106784610922074496,1820.0,,,0.8702731473264148,0.0148385499537588,13.876189203003731,0.0103926652885226,1.5664126706389756,0.013627422,4.852760227775846
2106805501643509888,4470.0,,,1.0112907798608597,0.0147118572698743,15.491448015278978,0.0102245504194023,1.028518947946669,0.021627368,5.5595406884577105
2106814984930919296,,,,1.0349657801757808,0.0156314885471211,15.902128196752278,0.0105158362854557,0.7875407002593864,0.027773306,5.3881039040963845
2106821925598401152,2450.0,,7.6293,0.9462224643479646,0.0145070615885282,12.467595046175653,0.0101166740958839,3.942304353248933,0.008395347,5.445842680800347
2106827216998206336,,,,0.704182997041777,0.0145501539523149,13.275578843743247,0.0102470632894787,1.387375193924269,0.011031428,3.9876585537191698
2106891671567353728,4000.0,,,0.992283220847634,0.0143512513751681,13.32914993885904,0.0100867869684842,2.9286247395170077,0.015103905,5.66097287243716
2106904148451706752,2760.0,,,0.6513143285427138,0.0147541262442885,9.382268041332209,0.0100063446820053,6.809090197652491,0.010895859,3.5475487206874625
2106904698207543936,4680.0,,,1.145421689377695,0.0159329868184869,15.796803908520584,0.0108119118565099,1.1369700551436002,0.026002469,6.063709445678047
2106929849536047744,,,,2.57691295489813,0.0169401171335873,16.285121220616524,0.0100320808370062,10.421317356041312,0.0362088,11.37481679809428
2106958363820214016,2570.0,,,0.7284045416567381,0.0143053588996947,11.945786557450765,0.0100976798069865,1.9142893107321657,0.009326624,3.3550360065110745
2106981831520836736,1910.0,,,0.5988694227938496,0.0146856441196162,11.69069628482893,0.0103462600724251,1.6221614958090844,0.0105017,2.7422329616676553
2106988158011587072,4370.0,,,0.8133941137191257,0.016520869258016,15.167826617589322,0.0113642601910371,0.9050204684637074,0.021299964,4.949854969028104
2106989772919325440,,,,1.039487571567106,0.0151973931127672,14.840247840354593,0.0105391651886986,1.5805367295243553,0.017290073,5.8249533017825605
2106996095111385728,4370.0,,,0.9952583395582952,0.0151462734672412,15.433362016734854,0.0104081412986096,1.1007617487480414,0.02261748,5.631931434185674
2107001283431633408,7000.0,,,1.1362427720770127,0.0143433164069577,13.701216219052696,0.0101088304933934,3.3475889074044938,0.011212348,6.326136260150566
2107016126838707200,4470.0,,,0.9193817331089552,0.0146083801798558,14.96160056882074,0.0102333054791512,1.035226438692222,0.019189997,5.033717517450862
2107026778358609792,3630.0,,,0.771428589664228,0.0195564818379458,15.730266559358537,0.0132409538511987,0.4911853179832499,0.029264357,4.171865280986939
2107084399639196544,3890.0,,,1.251267655392021,0.0144004101808633,14.528345476039478,0.0100769575261184,2.1888759039367875,0.017949415,6.226860648872764
2107102988257870336,4270.0,,,0.867438806548534,0.0148520037767311,14.54027512207456,0.0104140668562304,1.1991214436974924,0.015467977,4.923706317936743
2107111749991684992,3720.0,,,1.3343607239776865,0.0266813588238221,14.446278309003375,0.0186112276708037,1.1725662939669912,0.32340914,4.616382780370879
2107114704928577792,,,,0.7889668482118463,0.0145259756198173,13.377783686922871,0.010237874616389,1.4171962988615905,0.009998066,4.1340857270037095
2107186134525176960,4170.0,46.43,3.4216,2.222085245451006,0.0142624256857821,14.43913740837977,0.0100064374139412,10.096618202104416,0.016336018,9.460567542858415
2107201909944691968,,,,0.9817826500440402,0.0144414020623668,13.65169164524152,0.0101349401598694,2.5536059101231268,0.010966863,5.687858137405856
2107236613280607104,2190.0,,,0.6538226405588832,0.0142987315503182,12.572789229179078,0.0100897144463692,1.836939094638998,0.01162844,3.8899049312144225
2107240324132394496,3550.0,29.79,,1.8436236695190993,0.0145515055296526,14.985175990921476,0.0101042824550314,4.029945008498199,0.019262576,8.013503394289883
2107243072911617024,1480.0,,16.9438,0.8739163501810437,0.0144123139019593,12.976958537440298,0.0101120822201495,2.651593488747719,0.015123543,5.094653521626716
2107244481660894592,,,,1.2634485781308145,0.0146691714953622,15.175519339334654,0.0101914086334441,1.7145327675860098,0.021575505,6.340787865372134
2107265028783828736,3980.0,,,0.8821521529505997,0.0148194828528731,15.183738286750662,0.0101946593856922,1.1169253238693295,0.01975405,5.416139619004186
2107266570672734592,,,,0.7108543535256613,0.014276302540121,11.425617458793576,0.0100807797780497,2.868729175907298,0.010131955,3.714859695780401
2107279803471399168,4680.0,,,0.8376716033577204,0.0313542573631166,15.660901406414627,0.0212499673296143,0.4884390213125683,0.026488293,4.1315292632295595
2107285644626768640,4370.0,,,1.1498098424866092,0.0144746236223881,15.341941493999842,0.0100985012545988,1.4289982692908705,0.02080869,6.114487238752897
2107294505140214784,,,,1.215946752655069,0.0153866381904749,15.024218203014165,0.010075902577576,1.7808680404965291,0.019904925,6.271480141695992
2107311723669410560,,,,1.3714004639015889,0.0144505495528671,14.840391391085602,0.0100857404448336,2.25598368621104,0.018733649,6.602396222994701
2107313098057987712,4570.0,,,1.1106869834255384,0.0146858732180902,14.75864225308172,0.0102440138306269,1.2808917884836934,0.04849497,5.312317589389815
2107314266289095296,,,,0.781339683635207,0.0144934415351214,13.845058288445951,0.0102036966344991,1.0102173520730873,0.011604362,3.863248912731761
2107317358665730688,,,,1.7133754834553347,0.0149489323740702,15.38456913376818,0.0101035691515288,2.9656870044511208,0.021128902,7.741015777787647
2107342716152550272,2880.0,,,0.7075595862251817,0.0143854000546722,11.661567169810334,0.0101486227731079,1.6535810442840757,0.010724034,2.753899721354337
2107385081710305152,5250.0,,,1.3196673132419203,0.0146536707321,15.537182597694612,0.0101030898452426,1.7165775939402963,0.024142975,6.705232973537457
2107406178588473728,4470.0,34.46,,2.2017801982844327,0.0145479149420135,15.032506044664451,0.0100150754289495,5.801052720633322,0.018127166,8.849276446245604
2107434834610481920,2490.0,,,0.9174061206884446,0.0142619396701296,13.503628633470177,0.0100549070765078,2.2777914360235925,0.010601091,5.289265811892124
2107492421531881856,4370.0,,,0.8634554447384434,0.0170999347214507,12.805760254233975,0.011931941896224,1.535571650755385,0.03429762,3.740019519605145
2107547603271136896,2570.0,,,1.3579197304471295,0.0144484382691927,15.14746571313023,0.010054760374939,2.0387506280906655,0.02067617,6.696167924528204
2107557464516077184,3980.0,,,0.7590357443650365,0.0192475799226674,15.126487728339017,0.0132562484422746,0.4949702489168592,0.021584624,3.61795303348903
2107563271311787136,4900.0,,,1.1137025852346252,0.0143732751208457,13.894363547578982,0.0101132681634783,2.5932496059143846,0.012418586,5.96603634001101
2107568970730102272,2630.0,,,0.6590856094599016,0.017359018809327,12.162727553181265,0.0121033414823505,1.571076270092527,0.061244994,3.132334900055584
2107596978215473024,3550.0,,19.043,1.5174011611040803,0.0143184927233707,13.579773568792056,0.0100113460701011,5.163713615981468,0.010409235,7.143392467553321
2107607354856794880,3980.0,36.93,23.4221,2.100856802011825,0.0146780327636801,14.807755776724768,0.0100163188837628,5.751835123908998,0.018404251,8.604342459107071
2107617246162706048,4470.0,24.2,,1.8283656975431148,0.0159762587053643,16.263115066250645,0.0100572227898582,2.2069908556540043,0.03266054,7.9746116117707295
2107617903296016768,3720.0,,,0.8286209719235014,0.0154949121804905,14.52275454636233,0.0108252921491323,0.9372739881257371,0.014816573,4.381194497890467
2107622335702262400,4570.0,,,1.0110984029401198,0.0192143140058513,14.570879413122892,0.0132890133936693,1.5899826529751746,0.016100168,5.5695818935024235
2107644188496163200,7940.0,,,0.7686936340598959,0.0154052473117896,12.523737053204014,0.0108179993136858,1.5440484293480112,0.009865643,3.4683898620291806
2107644527795544832,3090.0,42.14,,1.759394550256835,0.0146485088158374,15.4668803248248,0.0100323919357509,2.585823672398885,0.024936195,7.532411370470784
2107658516506930048,,,8.8537,0.8847259316804352,0.0142484909167186,12.586211687399183,0.0100547557001578,2.951157199149476,0.009821322,4.9366162285607285
2110106372987465216,4000.0,,,0.8131623644918631,0.0153649358241759,12.457575676571622,0.0107871582706966,1.6975902324794283,0.009234217,3.6078272039188577
2110345512468201344,,,13.7541,1.8151779,0.0142374934666023,11.271119,0.010009924770211,20.48274404335478,0.012307681,7.8282277051596765
2115245554756763392,,,,0.7572248190492153,0.0141873205609179,11.625442474406372,0.0100120561882992,3.4417743775903236,0.011228994,4.30839481285285
2115351387048328832,,,,0.80211496,0.0141887950962031,6.149785,0.010002707398259,42.957898999584664,0.015755154,4.315106159304355
2115776451371641984,4400.0,,,0.7694725683363738,0.0143178380733833,12.440338985998546,0.010104173703725,1.8120754626085984,0.009027276,3.7304003863942103
2116730994965905280,,,,0.6774044765934498,0.0160259447078403,13.425689078286275,0.0112087478040391,1.010796132904288,0.010522321,3.452667109086816
2116733198288204288,8710.0,,,1.685919564082036,0.0144524026398806,15.117990200873429,0.0100403413285326,3.182308739287619,0.019941337,7.627603011936776
2116740104595955328,4680.0,,,1.11265754174458,0.0145855715958139,14.52800024439824,0.0102502779514836,1.4501735900229786,0.0146573335,5.338207188580801
2116750034560253184,5010.0,,,0.8987428982237334,0.0158408943530534,14.336936206776093,0.0110587997875577,1.1931137471593258,0.0149906,4.717677816041643
2116862833283266432,,,,0.740732127994879,0.0141775117642622,11.913139352028956,0.0100156450735276,2.062238329059699,0.0089155,3.4858927401030844
2116889775616597120,,,,1.1558109905641596,0.0154152451930092,15.72492153984291,0.010352511560973,1.2153123104145167,0.024552815,6.148388143114065
2116961690548889088,4170.0,,,0.7886376820146321,0.0213299964157983,14.959061643848775,0.0145756047875228,0.7460219300193817,0.019160625,4.312745993763386
2116970280483501952,,,,0.8120780820146323,0.0192508967918348,15.172228643848776,0.0132446937950657,0.7047077738553691,0.022048509,4.410340454997472
2117125655219423744,4270.0,,7.6327,0.8558195101947353,0.0143047807354299,12.695315916570571,0.0100413324679068,2.991984226982843,0.009313063,5.076812359832324
2117151420726319872,3800.0,,,0.712173723082712,0.0152470194618016,12.402173093734286,0.0100407617805735,1.9884225382157337,0.010562003,3.8973079163030864
2117317588719059968,,,19.7461,0.9735476911262132,0.0143955913869962,13.48705662396751,0.0100600441347993,2.5354934048437423,0.01058992,5.50782365056785
2117317829237452160,,,,0.8529639949592779,0.0146791500876306,14.577585424510582,0.01027255961376,1.0494863535934928,0.015742296,4.683465474364013
2117323498594316544,4070.0000000000005,,,0.849499454824238,0.0155179530829284,14.737153324107323,0.0108322774658668,0.8339120362264903,0.017382275,4.346533984590112
2117331813650826624,7200.0,,,0.9294445038240696,0.0148501072267795,14.494863188564626,0.010406083900454,1.329169984238985,0.015897324,5.110990043282495
2117335077826003840,,,,1.177043422991356,0.0142811625390161,13.684248944649346,0.0100436893789115,3.298019947202636,0.012217177,6.275162078255713
2117344732912435968,1820.0,,,1.3867590285310976,0.0143811086947458,14.994573431019456,0.0100407376500432,2.105462781158989,0.018015953,6.608451399799099
2117396341239154560,4900.0,,,0.8239275739513928,0.0300580863866894,13.412182903117792,0.020659950768315,0.4607913656991948,0.21710859,3.064266710968784
2118424350249708800,,64.39,,1.9294779999999996,0.0141857657104997,9.107278,0.0100028306339497,64.26022173579248,0.011955971,8.146977387497001
2119099931425654912,,,6.4344,0.8415956623554297,0.0143680495177449,12.223664787405408,0.0101002843304059,3.4083592442695902,0.008813814,4.887076546347652
2119130163697443840,1700.0,,,0.5951710701710402,0.0146524372183068,12.276255225193584,0.0103220946136575,1.002466808652943,0.008816318,2.2813798143449144
2119147897620835840,4790.0,,,0.7702486586671529,0.0147955071005678,13.667857961957344,0.0104094857876043,1.0775031978184657,0.0118751,3.830865724893515
2119194936102585472,3630.0,,21.0441,1.2987062111740575,0.0143969749000485,13.821705268562546,0.0101103128534229,3.537160543112184,0.013138229,6.563461403312914
2119201533172444160,5010.0,,,1.219305671939553,0.0156402643386369,15.410282378838517,0.0107071194739981,1.5227857151057922,0.02361437,6.317095748780822
2119222252094710912,,39.86,,1.8669323324350215,0.014530824061305,15.201728535814125,0.0100398244902179,4.1192258641273956,0.021771682,8.273882625324106
2119409512668086656,,,,1.109315472431171,0.0143500543744047,13.713326866218386,0.0101072570226707,3.4660531729060575,0.01160878,6.413814377383547
2119507506642066176,3890.0,,,0.8220552615109742,0.0207566969030982,15.476459482886582,0.0141930747566264,0.648771392021076,0.024447318,4.54568395444571
2119511080054847616,7760.0,,,0.9027754084467062,0.014391456297371,13.319521541076154,0.0101432106548865,1.693263042249157,0.010726391,4.466467897871958
2119534646538533888,,,,0.768337551302861,0.0144726177104858,13.706287529244449,0.0101911016767926,1.3146350125779336,0.012112751,4.305662304971248
2119583201145735808,1100.0,,19.2612,1.2229740277939691,0.014162281011118,11.473695605156031,0.0100035847326507,9.285282864463362,0.010189082,6.312461945831526
2119584163218439040,4680.0,,,1.1377335074018198,0.0143347606689938,14.384940299370546,0.010077574368863,2.051027659668594,0.014879331,5.949153289077378
2119591206965104768,,,,0.6970406592985537,0.014975278627639,13.564120818369393,0.0105215711120741,1.1400339456230233,0.010744811,3.845576137473619
2119602202081351168,1410.0,,20.5593,1.3404451784255351,0.0141691218319997,12.846406408420696,0.0100031824831806,5.257974854251951,0.010722535,6.450800413187453
2119617320366308736,4470.0,,,0.8647577965593379,0.0150304342141111,14.710562522579462,0.0105228403744882,1.1301463968840015,0.016108707,4.974706356941951
2119646801021958272,4370.0,,,0.8205315785989356,0.0146509620066322,14.853295238534043,0.0102294697435872,0.8186049024622772,0.01723355,4.427069105906552
2119706690045629824,4170.0,,,0.8551246647155797,0.0400913304238521,13.257686214432429,0.0275613069974812,0.008850405052412,0.379455,3.2990403243818154
2119710538336363904,,,,1.4970900894359165,0.0190056344414655,16.251452958268615,0.0127356174028223,1.440743894973587,0.032834005,7.045324118759545
2119711156811669120,,,,1.012170538222572,0.0142343654985178,14.225844597476051,0.0100350059418818,2.1725527871963988,0.013374224,5.9120731602435885
2119746375543622016,5620.0,,,1.4281430341303796,0.0178472889999984,15.819905059634069,0.011934157607363,1.6746579685792125,0.027512731,6.945283024660078
2119809116425132160,4470.0,,,1.0259410428291773,0.0165520339594288,14.625132823952107,0.0115396840343773,1.6240726662480065,0.01565966,5.674120763247716
2119814820141727232,,,,1.072375552729878,0.0144189628999894,14.76974032591737,0.0101099124906539,1.8016024246712343,0.016052408,6.042276831574224
2125699062780742016,,,,2.7931153331196388,0.0159241810805017,16.242104955039697,0.0100232941313162,10.82478834879175,0.037239674,11.413375026034334
2125705488052032640,4270.0,,,1.02605156534618,0.0148964812200213,14.43642560110929,0.010408388749328,1.6171825793098464,0.019602094,5.489232816774354
2125709405062046976,2820.0,,,0.7460463204916898,0.0154481023696724,14.092750233094293,0.01082191601939,1.0319223998154303,0.013722231,4.158387435733548
2125713940547834496,2690.0,,6.2037,0.9879810110616768,0.0142829607931865,11.782424289655358,0.0100138614087557,5.725097665265886,0.009170166,5.571824262372189
2125716891183392640,6030.0,,,0.8615783733497369,0.0154254291306019,13.315027600806156,0.0108225645414407,1.202389997330888,0.011936927,3.718097391554674
2125730982977974016,4900.0,,,1.1145397670261572,0.0151809719075547,15.13695445710324,0.0105674603760793,1.5093071530957425,0.019574353,6.026428056944708
2125731464014361088,,17.84,,1.362305772349983,0.0152954179872156,14.971328387128665,0.0106402809052093,2.281211876896229,0.01849407,6.758105547980158
2125751461382627840,,,13.1753,0.8296770316886785,0.014242358647309,10.097501069400405,0.010014577504634,8.83519984772565,0.011533827,4.828199188258559
2125758402049480704,3720.0,,,0.85162010482815,0.0154732044693483,14.60073186769833,0.0108208163965216,1.0021409994126416,0.01550997,4.600715038852369
2125760772871583744,,,,1.155976057837734,0.0147763059559511,14.327993876595574,0.0103789610542617,2.3533673206724672,0.014055936,6.183389529925471
2125773279815846656,,,,0.8323035099116463,0.0150676153059318,14.041517593995856,0.0105591456313221,1.08593894389443,0.014105872,4.222118231780957
2125777643502580864,7080.0,,,0.8838805265162053,0.0152105549215181,13.691383351262193,0.0106768785169824,1.0365487071265242,0.011968906,3.7679738172000583
2125785438864450048,4170.0,,,0.8122805853723525,0.0291613853789078,14.721082050263403,0.0199374056820881,0.6865553315311298,0.019893037,3.910797911341426
2125790322246812672,2690.0,,18.0218,1.3354206948965297,0.0158343141938633,15.05552183552872,0.0108997645923804,2.058236787416052,0.02106907,6.618856847610868
2125814129244571264,,,0.1217,0.7951259221349832,0.0150460523755458,12.685673490616226,0.0105799980112331,2.6880347594382146,0.010392356,4.831276907672001
2125831210335846016,,,,0.9066120681406068,0.0145751159112562,14.25687061225893,0.0102502190563318,1.6497563365880734,0.0134806195,5.350904229135441
2125850623586710400,,,,0.9630369979894264,0.0149177269703595,15.06073222918561,0.0104309921800745,1.1026958624802088,0.022660306,5.266939786256483
2125864573640675968,,,11.2924,1.463905409219417,0.0149382821694721,13.76771649461046,0.0104111019576885,4.3196553785382035,0.011934903,6.942958796403579
2125871960984455552,4370.0,,,1.188510696091523,0.0148210201006358,14.525291994712378,0.0103530445958379,2.2101065963040862,0.0164289,6.248057585347114
2125880825797124352,4170.0,,,0.8714552081026777,0.0145690639353974,13.3268900855763,0.0101934637572681,2.003601937258281,0.010373455,4.836399576921641
2125896459478159360,1580.0,,,0.6053181978349012,0.0144256092841909,12.69445127625118,0.0101657489945406,1.2976872579606085,0.011302862,3.261407513105043
2125913531966017408,2250.0,,,0.6492354667154407,0.0161634665100311,13.376242812829256,0.0112795186629862,0.7196369365310951,0.011237348,2.653765897764318
2125962155298608000,3980.0,,,0.889723179054842,0.014867235808963,14.7505381904946,0.010409200529911,1.102151726962804,0.018155923,4.96137337117046
2125972321478224896,6760.0,,,0.8442944153366556,0.0149144662282076,13.391585154238792,0.0104860757403488,1.201758510073898,0.010909246,3.787350212090164
2126057774150666368,4570.0,,,1.0334540777904777,0.0146563525076905,15.314795957086409,0.0102214582798526,1.248238885926503,0.02184996,5.7870945473850135
2126061214423631232,,,,0.6884178481593729,0.0145381752902835,12.515733856241514,0.010247948071488,1.6400732445979715,0.010129297,3.5884529458150105
2126073961886389888,4570.0,,,1.1087376454034796,0.0151156952772235,15.107218192550471,0.0105281188156991,1.586777479079172,0.018939318,6.101765516058016
2126078080761742336,,,,0.8731265558670127,0.0149557185933309,12.388771615760469,0.0105211469629117,2.2554624580230396,0.008912729,4.154579639555108
2126099078855696256,3090.0,,,0.71703894406209,0.0381781662311263,14.752246882481812,0.026023549853776,0.6058853820390253,0.018705375,3.6604998754406353
2126102411750601088,3240.0,,,0.9085026641650942,0.0148969183287742,13.748759754543,0.0104420608113918,1.917314282720004,0.013767224,5.161139357132951
2126110795526604928,4070.0000000000005,,,0.8303362443650365,0.0308554378733893,15.483862728339016,0.0210063451473998,0.641944761986678,0.027354702,4.509550376264318
2126163675162475136,2690.0,,,0.7722817675857938,0.015658387315441,13.752682002724436,0.010980050757522,1.4488512767915906,0.011883976,4.551568220137158
2126166733179219072,4900.0,,,0.9385212951185056,0.0165117752840385,15.15249524999637,0.0114321233655653,1.022902214572928,0.020394983,5.188418063727809
2126190991155243264,,,,0.6945207511260737,0.0174353965253272,13.761648513894606,0.0121278877133441,0.7854932787768149,0.012457009,3.236732443134196
2126191334752646016,3800.0,,,0.7716122009134957,0.0144123410760137,13.48803749060714,0.0101409302565534,1.2035549223263335,0.011241144,3.890326650961919
2126194667646233984,,,,1.185827037233343,0.0152158258283867,15.4588352379591,0.0105287628983703,1.4347064253555957,0.024543177,6.234531370487614
2126198756455621376,3090.0,,,0.7662114534453874,0.0368665352888271,14.533894233095426,0.0251590314577474,0.9181566350081224,0.016342545,4.352272016882264
2126214287057239680,,,,1.5726228673507223,0.0147245310421409,15.143689977335884,0.0101772519946682,2.5867405192249517,0.020393452,7.208174994944315
2126234215705936640,3980.0,,,0.7923495567154407,0.0192968522354061,14.922668812829256,0.0132687298465712,0.5868493724268715,0.020234471,3.783150912351053
2126237131982289280,,,,0.7118510092017687,0.0143668250221987,11.829583861889091,0.0101349573535364,1.8344910438258275,0.010660413,3.145553478455886
2126237857838346368,4070.0000000000005,,,0.7952455853891134,0.0233119005477692,14.202615469665885,0.0160376238632097,0.7295698772658349,0.017257309,3.5197390891320257
2126248505058677120,4900.0,,,1.093993105260506,0.0143028455718488,14.327599447822127,0.0100817152682671,1.9764880719673428,0.014066569,5.808761100454914
2126266823097360000,,,,1.073821465208165,0.0147519390035283,15.162163238133758,0.0102659769843602,1.347182280896952,0.019493701,5.804571666501229
2126336710805475712,,25.58,,1.883691369441954,0.0159774735947245,14.92956211377652,0.0111258554141446,4.1999872714411035,0.019279262,8.047619886485158
2126342380162345344,5370.0,,,0.8747741197964506,0.0149413019039993,14.127196631039707,0.0104823039934027,0.7889969180630441,0.014123566,3.615898872975931
2126343823271448832,3470.0,,,1.7253837488120185,0.0151217829160877,14.856805162742573,0.0105181046102335,3.241748032337862,0.02003613,7.4095500211687
2126360831342941696,2880.0,,,0.7592848527621887,0.019528383879216,14.474002121741808,0.0134904199709107,0.842668698266588,0.01774313,4.0942327774029454
2126373303927596160,3890.0,,,2.0223282952206674,0.0161593417042411,15.865658483605584,0.0107802745913731,3.007651654159825,0.029612366,8.257930878291608
2126415051008325376,,,,0.8257291699597256,0.0154991116365107,14.626360011375844,0.0106996885694542,1.0562640280699265,0.01703343,4.7397106905391695
2126418658780855296,,,,1.029218284876327,0.0151100303519499,14.700007853916276,0.0105638864238752,1.5495274827540513,0.016679667,5.650311247088677
2126432196518051200,4370.0,,,0.9878440997521598,0.0158204695653736,15.034119741415145,0.0109920375552353,1.1534295753755608,0.020800631,5.338001073868515
2126432677554353280,5250.0,,,0.8248030656125669,0.0145577432374904,13.6665737595843,0.0102472557531178,1.5214695213115104,0.01190097,4.577426189033755
2126436800722944000,,,,0.8168341146280215,0.0150310808597154,13.63677594319978,0.0105514797224361,1.3916453560835356,0.0121550085,4.347927346256277
2126454633427425664,4270.0,,,0.9683165600188424,0.0151102066646141,14.249847266476674,0.0105828961728762,1.5984313800399623,0.014932566,5.266572947565919
2126457313486865792,2510.0,,,0.7266975589764646,0.023054083655203,14.272465063516782,0.0158533747066512,0.8665237510820188,0.015308994,3.9483197131994423
2126508676995012352,4270.0,,,0.7155643607509322,0.0145238217308633,12.438685097173089,0.0102363133015948,1.6028232023880224,0.01052562,3.4640898287939805
2126509368492076928,3550.0,,,0.9081400357465782,0.0152140868488054,14.689537132600606,0.010621947949687,1.1923504140731491,0.0171396,5.07175674164062
2126518783059463168,3200.0,,,0.8485282116828303,0.015099246323388,14.414257300527249,0.0105883550154375,1.0646994949394173,0.017164435,4.543510404545385
2126537234238972544,4170.0,,,0.9748368823260692,0.0146641879272749,14.349603477615664,0.0102836116611284,1.458970743532919,0.015537414,5.168126838286714
2126556132093765888,4500.0,,,2.6504498,0.0150602889506107,14.969373,0.0100108839330302,24.974446990771973,0.020380996,11.95703583898873
2126561732730882432,,,,0.7798249467154407,0.0278150987011216,15.054451312829256,0.0190104722062458,0.6408878160458775,0.021424629,4.09956373689826
2126569051355142656,3400.0,,,0.7739010552421555,0.0146495764023434,13.364224677448089,0.0103041505518301,1.535468548131727,0.0095957145,4.297825997900821
2126576679217244160,,,,1.1232954827012822,0.0150109179968125,15.449727159446274,0.0103383548670711,1.2055565151448582,0.02507251,5.861805242989565
2126577881808038016,4470.0,,,0.9613469272057984,0.0145449905686308,14.979198496526331,0.0101659889651401,1.356528534718408,0.019366961,5.642527615933185
2126580149550929280,3720.0,,,0.8632913901891777,0.0338121547154662,14.702653592395306,0.0230846003148069,0.9188451550309066,0.017842297,4.517536825701175
2126597054542193536,3160.0,,,0.7995083611713973,0.0148958136828175,13.954441248242691,0.0104646347637832,1.06575146589399,0.01308638,4.084460124188761
2126601108991279872,5840.0,,,0.8826491646810107,0.0147640856691422,12.448111267998348,0.0103903699890884,2.7567932329911895,0.00967502,4.651714175932172
2126604991642285312,3090.0,,,0.8072527359012396,0.014497981784757,14.404789526455394,0.0101819292934354,1.2103533699748563,0.014311281,4.816149889353493
2126615024685005568,3720.0,,,0.728264755974094,0.0143984558338255,13.45192930732097,0.0101493214839151,1.1403293559950556,0.0109242,3.735730385393456
2126632994828732032,2630.0,,,0.6402366273981889,0.0142814123349814,12.82219679810453,0.0100751711168129,1.458189528225282,0.010465525,3.640621235356809
2126633166627436928,9300.0,,,1.021183874025274,0.0488108616060372,14.549681709941746,0.0332991988650825,0.4649932212498445,0.2138494,3.357021396316034
2126648422351703168,,,,0.8876626850652004,0.0147379182293859,14.842264537085818,0.0103067912213641,1.0005992293878705,0.019110711,4.840020524789953
2126660856277325696,,,,0.9409672135445604,0.0144491011839246,12.789869751057283,0.010190675651714,1.3170004136344615,0.012189697,3.3897783744826064
2126749714860677632,2240.0,,,0.6315067989957199,0.014760515896057,13.6178071297279,0.0103823100507259,0.7755876831404639,0.01076982,3.0613015072934253
2126801563705846528,2510.0,,,0.8086772830672666,0.0142578612053409,13.2884982872641,0.0100490710411109,1.4564672657136488,0.009884739,4.110413853726415
2126806992544494720,2880.0,,,0.7450123825818356,0.0144137600533381,13.783074634278616,0.010162239802723,1.029059081283138,0.011389926,3.846523733005469
2126820324123177472,3890.0,25.58,,1.9649868752875208,0.0147623253096747,15.125418461505696,0.01001272206195,4.889585082025433,0.019391017,8.569766101298375
2126835717285958912,4470.0,,,1.183732726780261,0.0149198478050962,14.985164916294496,0.0102284691871848,1.70233633007134,0.019278295,6.142069694284666
2126865575897687168,2950.0,,,0.7063436751666127,0.025884973330213,13.915618251347356,0.0163358186689727,0.8899844110269416,0.012873835,3.660223006107824
2126870351901388672,3470.0,14.79,14.66,1.827275635585327,0.0144458931573444,14.577422691227175,0.0100853366676393,4.698190716203917,0.015990864,7.937286926552111
2126870661139070080,4070.0000000000005,,,0.8447818086813103,0.0144269757504272,14.653026017456549,0.0101205693760036,1.2198053287058588,0.015592055,5.081499277208765
2126878048483137152,3390.0,,,0.9649020571071384,0.0147649697419334,14.673196832439546,0.0102093234866627,1.4701025876991924,0.016821645,5.50715496381563
2126903680847794048,,,,1.1082736377553175,0.0145321157186335,15.369957649367906,0.0101567450882567,1.3084515392924736,0.02201203,5.953948462573253
2126912305142208384,7500.0,,,0.9191684897507144,0.0143582065420525,13.879062548555238,0.0101202260583134,1.5885708123892,0.0119609665,4.883073929850884
2126918008858627712,,,,0.6460831772906531,0.0142322375365375,10.447203429158172,0.0100529282157527,4.33958213487722,0.0117695,3.632947519206809
2126970579257130112,4570.0,,,0.9220048014133828,0.014291185734778,13.720667907058496,0.0100719412747706,2.190425944629672,0.011356991,5.4205185542395675
2126979031752904192,2820.0,,,0.8078522309099758,0.0186938261413903,14.01778709512826,0.0129705074837614,0.9616940162229904,0.013437541,3.933690383802461
2126997654731597440,,,,0.7892398229807089,0.0145928053469191,14.606304089834817,0.0102405397749386,1.1229016936478604,0.01786532,4.852400501854591
2127001056345369984,,,,0.8481900561531461,0.0143259414796339,13.555608690883371,0.0100956966364644,1.6216101305311428,0.011702842,4.609061899216474
2127007584695708416,,,,0.6447191754329166,0.0146391370345291,13.268274574616395,0.0103023840469723,1.1539468853608024,0.011050474,3.5712364067180644
2127008611187043456,4900.0,,,0.7759657938489188,0.0144703800487187,12.152149827231955,0.0101999649547737,2.610389959627714,0.0106206,4.2359838055714665
2127019915540964224,3980.0,,,0.8252190717471457,0.014492685469771,13.501011384282078,0.0102064037960579,1.3240709571419749,0.010768742,4.109107626519327
2127020229079881856,3090.0,,10.9955,0.8738646075375276,0.0145376038292833,13.032578901445786,0.0101659837496926,2.577264225512629,0.009799548,5.086057939191981
2127063316192062464,,,,0.7567347853723525,0.0274923288763721,14.890235050263405,0.018765955018158,0.5552648584128774,0.020466773,3.6299519972370273
2127065652653876992,4170.0,,,0.8831103228892487,0.0147391822494906,14.440333132832004,0.0102765678110945,1.321478051076982,0.03635128,5.020172455661749
2127115783511206016,1780.0,,,1.4142237081504028,0.015401686732854,13.301450064481037,0.0102736424015055,3.5961813683046957,0.13756081,6.136610212677221
2127132821641254272,8710.0,,,0.918457137259842,0.0265240276160045,12.21931494672643,0.0108509977754469,1.4162314595443437,0.11499033,3.0830352869068456
2127133753654360192,,,,0.91534185984334,0.0149477170219387,15.85893254556028,0.0102103741079812,0.7212914177495695,0.028695725,5.150159996406364
2127136605512921600,5010.0,,,0.8805138817281821,0.0157704263995072,15.250698514148995,0.0109103382219759,0.7891023851732797,0.021190764,4.738287123736882
2127139491730929536,4680.0,,,0.9735645798122898,0.0144971456708057,14.72960054462929,0.0101846229715766,1.3678150340925097,0.016666122,5.403139741987589
2127179245948119424,,,,1.074747947408683,0.0143602428510517,14.087380211635477,0.0101110075632773,2.322084960542247,0.012505019,5.917795531716866
2127181926007695744,,,,1.1275352446146725,0.014618445212921,15.224634107266288,0.0100965918921356,1.409437182204869,0.021394331,5.968779029506299
2127190000546917632,2820.0,,,0.6916848259108789,0.0161450929114534,13.33100061545686,0.011298816663481,0.9309164636745422,0.009913894,3.1731077687967844
2127259505997243648,2880.0,,,0.7283810487018239,0.0143865925229335,11.48730257863375,0.0101490008423824,3.2664156324356735,0.0110580595,4.0570932566308695
2127307888808670976,4570.0,,,0.990784268855413,0.017148978656527,15.746274329120874,0.0116686449169113,0.960496721240488,0.025788588,5.6545702016706585
2127340290041707520,4680.0,,18.8121,1.1343072790948956,0.016911099338251,13.93288344505054,0.0100948337402579,2.0997715628256595,0.027715681,5.536474558205775
2127355923723254272,4270.0,,,0.7712345738450935,0.0153702059825704,13.863263163350554,0.0107730778187621,0.8395089880011355,0.011751153,3.485982807350154
2127359737653864832,4470.0,,,0.8168335410309929,0.0145324348552512,14.087863712405458,0.0102233619346477,1.463299996699181,0.012608005,4.917544246005313
2127382793038824832,4680.0,,,0.9244705201502854,0.0272565117396304,15.642166449730206,0.018685298361099,0.4992338431141764,0.12466085,4.277211973745471
2127390970655877888,,,,0.6480958789011086,0.014654537524802,13.123646533154904,0.010321179329281,1.1103421989188178,0.018204665,3.346700389380292
2127396880530950272,2820.0,,,0.7590680355080001,0.0146644744481231,13.50527743345233,0.0103211488633628,1.0954085361786206,0.010916649,3.7031912479860214
2127398083121764736,,,,0.930365210752185,0.0145058530385973,14.71541285589219,0.0101908035745983,1.2847317018200848,0.01812354,5.258994814191105
2127402790405934464,,,,0.7260917222670004,0.0144715934178665,12.526485120263107,0.0102020516590839,1.695999699695751,0.009183863,3.675605568272698
2127412273694062848,3550.0,,,0.7603376306715441,0.0494868353836032,15.044416881282926,0.0336582105579284,0.5687356503528115,0.020982511,3.824860823494449
2127422890853328128,3390.0,,,0.6919277006656609,0.014394064531409,13.191101320303163,0.0101529081950306,1.210580712519274,0.009442641,3.6025864654627835
2127431274629643008,4570.0,,,1.1922746837029112,0.0147220071597309,15.238854977340427,0.0101537917204389,1.608986951677772,0.022119507,6.278348287097183
2127435363438637952,,,,1.2849705008845052,0.0147388956071589,15.205945266096547,0.0101689831786078,1.8114005112581275,0.021273369,6.496084934422411
2127452543307810432,4790.0,,,1.0536011208662746,0.0147176202533473,15.124365292163416,0.0102010699810158,1.2310093139916416,0.019966278,5.58369496570862
2127461236320786688,3720.0,29.18,,1.5195353429343224,0.0147684567384215,15.427045352482276,0.0101592690114482,2.1506958568802843,0.022853835,7.091379601936065
2127463224886292224,,24.37,18.9876,1.690734827299837,0.0145392035014797,14.660892764502591,0.0101252361327857,3.7528695272838632,0.016248815,7.533001041527077
2127518891962700672,4570.0,,,0.8897670052113653,0.0146594960239758,14.693558223999435,0.0102585340105358,1.0649110954155685,0.016828483,4.833279181422622
2127625956907154048,4570.0,,,0.9507006019116908,0.014596257675621,14.902268254741704,0.0102242842752456,1.1293473280550637,0.017928008,5.171162430903943
2127688938307214592,2450.0,,,0.8769653187069752,0.0145609510641663,14.932036444454727,0.0101997248255946,1.0717944585483328,0.01701946,5.073351926767154
2127698215436676864,4270.0,,,0.9578089269754392,0.0160619674699464,15.464334411098358,0.0109413667889009,0.7490621860530127,0.02295671,4.838544731417281
2127712955764258048,4570.0,,,1.0197221979809514,0.0202438701719447,14.619952857886128,0.0151447354372618,1.939253041086359,0.48665825,5.55161594174402
2127717182012104960,4270.0,,,0.8101307443650365,0.0278330863550041,15.247083728339016,0.0190007574862682,0.7165318230384145,0.021518819,4.524518072152338
2127721958016074368,4680.0,,,1.1201781739661394,0.0176085871969476,15.75381597883604,0.0120877615862654,1.0180422379011624,0.02542742,5.778016381046006
2127728520725956224,3160.0,,,0.7406257915109742,0.0212378856564226,14.903765482886582,0.0145581074593202,0.6016392043441875,0.022217128,3.813724416560289
2127749342727327616,3720.0,,20.2258,0.9388388464983392,0.0143701177268797,13.28349579689392,0.0101305087699561,2.4411557254692324,0.009917376,5.221416312451828
2127755733639236992,5010.0,,,1.011219188981341,0.022923255832511,15.837110629555154,0.0154989236704663,0.8453946168114391,0.035624858,5.477803703607384
2127766969273092864,3800.0,,,0.746311669664228,0.0283731254230709,15.014342559358536,0.0193766350942094,0.6921686861705875,0.021267824,4.209960158218262
2127771917075703424,,,,0.7982815108281691,0.0144742816370822,13.680281121170522,0.0101682905001356,1.283680132347316,0.012181519,4.222201194178195
2127777307254217472,2630.0,,10.4343,1.2880201315092403,0.0143439160355205,12.397098673997071,0.0100152475689053,6.606076779662129,0.009870069,6.496925742602539
2127781228564883456,4170.0,,,0.9362157067183704,0.0216061804584654,15.850773986200467,0.0146026710345803,0.894929125345651,0.03138508,5.579235408274561
2127788822067165824,3630.0,18.34,,1.5318523797710688,0.0146022970118021,15.345197340531172,0.0101170874418939,2.375877944367273,0.023539681,7.222258947817174
2127790368255394048,,,,0.7655977942211913,0.0144985675642107,13.86354017041288,0.0101884814788088,1.1735522204856588,0.012817534,4.210341717287259
2127798442794047104,,,,0.9199923529097452,0.0144502549984114,14.232954044106028,0.0101467173423749,1.699725362828503,0.0151609015,5.379261944365517
2127798958189867392,,,,0.7400325947569713,0.0256657514400635,13.098081103058718,0.0177766717902785,1.0997312133982011,0.24316989,3.5505596796695524
2127802188005355648,4070.0000000000005,,,0.8538805439046693,0.0149673193360354,14.958643709396572,0.0103827754647307,0.9927917584768688,0.01871876,4.931903145995081
2127803321876716928,,,,0.8222947022915174,0.0145371471170741,14.4214463394867,0.0102174141720384,1.3004755724506674,0.015196126,4.989526710502108
2127811705651952000,1660.0,,,0.951727929533,0.0144365278814551,13.915223860875392,0.0101711840662226,1.9158668209675855,0.011092999,5.326809139478456
2127812564645370880,4570.0,,,0.9374685426795356,0.018952280668279,15.424779720881729,0.0130885840060588,0.9110121651409424,0.022709904,5.219082751191683
2127815657021840128,3090.0,,,0.7162018571500673,0.0146426183477582,12.719482778574823,0.0103097852293399,1.1659483120158471,0.010189901,3.0526119322258385
2127828988601389440,4680.0,,,1.115683882881062,0.0146162432332949,15.293096742114184,0.0102204795570998,1.2667584834133256,0.019940784,5.812249739397718
2127832768171557632,4370.0,,,0.8811592733544102,0.0149307125466953,14.786760801638328,0.0104552021187672,0.7656196050188141,0.027456988,4.223658889012803
2127836719542510848,4170.0,,,0.7624906615109741,0.0442219611381556,14.640286482886582,0.0301224653448335,0.6778935688974181,0.01679024,3.803252842043792
2127851116271982848,,,,0.8562534340304313,0.0144600766525143,12.672708027966127,0.0101930089925571,1.433173510483721,0.009734199,3.456714902300522
2127863623217139328,3980.0,,,0.8461712010802168,0.0170723984075606,14.84027326758424,0.0117983637469224,0.8628353089334848,0.01857263,4.531942325822822
2127904992341848960,3240.0,18.86,19.4428,1.8814118114977427,0.0144641322618507,14.447422633829827,0.0100061089076207,5.357768482414637,0.0153695075,8.0917789873601
2127914132032810112,4070.0000000000005,,,0.8877136553196853,0.0146032791806028,14.665054767668842,0.0102011889811544,1.185222086282619,0.0159788,5.03277147894493
2127941413665428992,4570.0,,,0.7881771116597174,0.0143327084396801,13.898470675301494,0.0101039499679065,1.10731602548735,0.012727391,4.114211223503132
2127941757262806656,7000.0,,,0.8567496782744856,0.0141600983634848,11.638556383604284,0.0100028164601834,5.105422961935395,0.010981642,5.1789528180991855
2127953233416258432,4470.0,,,1.0018231309800103,0.0147771349877541,14.400723030371012,0.0103609384757745,1.6603906900723953,0.0173243,5.501311768129142
2127956360152391168,,,,1.131913506243749,0.0158547330328652,13.151882713138784,0.0111052578352306,0.9976398701007284,0.010239057,3.1494472747724007
2127964572129949056,2950.0,,,0.7346761067154407,0.0311542450980094,14.454309812829257,0.02129570356716,0.7803955141614114,0.0148524875,3.914044226983634
2128008479575522432,4170.0,,,0.8543719011328752,0.0154363301498539,15.297764772624308,0.0106502597370071,0.806188663105665,0.02295172,4.8236407023946555
2128013019361703936,,,,0.6408862453723525,0.0232422611413156,14.931773050263406,0.0159659938268674,0.6260765020250495,0.019990949,3.9188229994441777
2128039304560957952,4790.0,,,1.110435054348749,0.0144564005998559,13.75523859414325,0.0101745539712783,2.6869516542692944,0.011858901,5.900432111008662
2128047069862606208,4270.0,,,1.0173215994183,0.0149402699216172,15.324377814869344,0.0103076181048893,1.0766413430930764,0.021794152,5.481828402957783
2128067720065692672,,,,0.7185698479121153,0.0163648285438801,13.84210395584179,0.0114375252305534,0.8714763190377246,0.011889666,3.5495665308671907
2128069334973424000,,,,0.7070800217865986,0.0146924031006186,10.91307481886108,0.0103514495105329,2.3183306450275856,0.020471657,2.7409944606586123
2128079230577866880,,,,0.6751468613532143,0.0145079148094516,13.369283486096093,0.0102116928927811,1.2423583175534745,0.010650374,3.8417204593874086
2128098197152438144,,,9.5311,1.108381564271204,0.0161619684445841,13.606238593728763,0.0112897342937759,2.117568643774129,0.03877409,5.235974379955243
2128150217796747520,,,,1.2621201045216146,0.0150646768121931,15.130257830429912,0.0103711027883826,1.7659226027601271,0.018928122,6.361629249761695
2128151660905893504,,,,0.766671284215974,0.0152474685175423,12.801839541516715,0.0107063609807109,1.963309450174459,0.0107743,4.264916090542288
2128155371757730816,,,,0.8566721530219483,0.039145250639414,15.463959965773164,0.0266159910412783,0.5496780868778668,0.02604244,4.1891065225837725
2128155818434335616,4790.0,,,0.7230815253723526,0.0291683128545549,14.981093050263404,0.0199379402971548,0.4901374911355902,0.019768395,3.4595253482137043
2128157158464165504,,,,0.8074515700643594,0.0149266255631467,14.212677816563632,0.0104470839095278,1.2677673040191395,0.014005112,4.730834016787943
2128167225867000576,8000.0,,,0.7513300530652445,0.0408647079227956,14.724189544959994,0.027903825467012,0.5291947092433973,0.16373394,3.658473615676602
2128215909315876352,5800.0,,,0.9462204,0.0141524821599449,9.398465,0.0100010876775357,14.69908476007158,0.010054018,5.234503202199843
2128230615282091904,7760.0,,,0.7667960379159944,0.0149688963817198,12.98194049940852,0.0105706727045257,1.6293606693500844,0.088287145,4.060558740543851
2128242611132484736,3550.0,,,0.7073585977988144,0.0142868150629005,12.302722275940107,0.0100839827170857,2.1483556676633575,0.009441328,3.9618795627160743
2128268380936413568,2630.0,,,0.5736070898827933,0.0150330968816317,13.043185279219186,0.0105713729236096,0.9401923357048356,0.009527023,2.9097119235149815
2128273225659492608,11000.0,,,0.8536044126460125,0.0145322471910492,14.227024054764415,0.0102007372397691,1.289628169361318,0.0141422,4.778409837420508
2128297208757012992,4070.0000000000005,,,0.8486600734237338,0.0186293209913328,15.304160525814348,0.0127641218165182,0.9593737866404808,0.023112243,5.203551819229611
2128298617506651904,2040.0,,,0.666635983114646,0.0145756897163202,13.043859404545898,0.0102718700548687,1.2968514203346269,0.010081156,3.6157347275841456
2128318305636573824,,,,1.126642775571591,0.0153524255439385,15.586460073186403,0.0105773348248476,1.1903118372391188,0.026101327,5.950264144269914
2128369501647063808,4790.0,,,1.1069089040587543,0.0159702256695748,15.61688550678537,0.0108872090595166,1.1019827344581494,0.024455162,5.822198994941926
2128469007448159232,,,,1.6271325199586628,0.0148310686198348,15.89830629890408,0.0102329465326016,1.7403110551395813,0.028873855,7.1089503761089965
2128478044059903872,2880.0,,,0.7164154245964383,0.0146530773970917,12.490565993962688,0.0103242447240858,2.0379360524269448,0.009565122,4.035089025230464
2128481789271221632,4270.0,,,1.2730647337780965,0.0147792930133036,14.99712832288358,0.0101120646217435,1.9809391065842512,0.019132404,6.4828581995348245
2128504397979254528,,,,0.9742891487116048,0.0157009005910827,15.312049792817083,0.0108711522816235,1.0197590913743428,0.023373427,5.34553667255666
2128514431022374144,5500.0,,,0.832567468988419,0.0145739387345324,13.73787516070669,0.0102530538458346,0.9955132520220414,0.0127584385,3.730272566740972
2128517003703948032,,,,0.8872555403490607,0.0146070324092956,12.189281838971931,0.0102939152174531,3.5338913378890067,0.008776384,4.930402114935919
2128518348032523392,,,,0.6959072443650365,0.0210731467727835,14.869805728339015,0.0145282639620496,0.6739258876045896,0.02051916,4.021710666183202
2128525460498487424,3470.0,,,0.7156853015109742,0.0425979360477414,14.675410482886582,0.0290176001503968,0.6615368844693853,0.019113565,3.779408344043498
2128525769736134016,,,,0.9198123955833052,0.0143493501326001,14.31798300294244,0.0100809737205056,1.4919137167037226,0.015473476,5.185559801474554
2128724678262662144,,,,0.8193108840883627,0.0143260619607963,13.14139392989278,0.01010147308505,1.8151083358465825,0.009304278,4.438220607194108
2128776252229952000,3630.0,,,0.7802648326731554,0.0155080859558334,14.400387175494236,0.0108410565289642,1.018750839014383,0.014791578,4.436218903889085
2128776801985730048,3090.0,,,0.7457223959627691,0.01483853717848,13.590659404635897,0.0104262802366155,1.1672474566007969,0.01150092,3.9266219791958576
2128811951996688768,,18.09,,1.5756622911898102,0.0154367683546818,15.8144009122246,0.0104554179066293,2.0704654515690417,0.03583493,7.386782892369031
2128818411627270528,,,,0.9745936675362704,0.0165700126387004,15.710774000450648,0.011405181775668,0.9590952522665588,0.025719825,5.621068099423901
2128835110460415616,,,,1.2276605621525174,0.0150143268358876,14.72014542164246,0.0105055467005067,2.164687418135656,0.018087588,6.399021553822896
2128835935094128512,,19.25,,2.1191846100863736,0.0199563219437225,15.686002647356297,0.0142259185462585,3.9484833699145976,0.46834585,8.636192422566179
2128836308750694016,3890.0,,,0.7972327779984335,0.0161091959880623,14.649490659904998,0.0112237163713031,1.042672542716843,0.019758785,4.735931233578574
2128840912955018368,36.0,,2.5687,1.1105147415595609,0.0203055086696879,12.795969974553252,0.0110819021758075,3.79820226817435,0.011156202,5.693466877011941
2128893144058813056,5130.0,,,0.9396831923622389,0.0187050791009664,15.464554343520112,0.0127334022478456,0.8940287695803063,0.025492864,5.211780497884966
2128901871432519936,4200.0,,,1.1267907147973697,0.0149457381466962,12.120540390980931,0.0105145230115855,1.1815364239998227,0.009741443,2.4848572758576903
2128902558627267200,,,,0.8980745168211133,0.0155693266873739,15.265267827534766,0.0108443973482702,0.9342419770472306,0.02262592,5.10441673277071
2128907162832189056,,,,0.7747825033577204,0.0213855642371791,15.682309406414628,0.0145534932066983,0.5292699273025281,0.026793525,4.29321239034471
2128911251641171200,,,,0.9451167288028997,0.0146504434838173,14.45713293759198,0.0101870031633162,1.6086100010179814,0.015545641,5.486342695010757
2128925579652377472,,,,0.7304834382622467,0.0145261970577448,12.856593326607536,0.0102162918843461,1.691335502671504,0.014264414,3.99935324948847
2128927297638946176,3890.0,,,0.7864316533577204,0.0193009930794429,15.308153406414627,0.0132173129262201,0.5352997441740439,0.024186315,3.965379377551168
2128939873302216320,,,,1.3502267835793025,0.0147860110137913,13.669767492358522,0.0103998734737073,3.899526165291697,0.011902954,6.624479461688464
2128941660008727168,3020.0,,,0.6835342843650365,0.0318643380045009,15.414837728339016,0.0217315200295155,0.413855669020111,0.023128875,3.524984940341188
2128970419109836160,3240.0,,,1.2877857405321615,0.0145182953293725,13.888944198982747,0.0102077575407736,3.310226968945625,0.012361817,6.487075601897082
2129014330855767040,8320.0,,,0.8240921485455156,0.026828886173562,13.871422730998574,0.0184012752196676,0.742378989802375,0.012045858,3.2226936706586446
2129025841368107136,4470.0,,,1.0148959596536828,0.014527528957718,14.641580703309335,0.0101857299546368,1.6733383570093467,0.016340971,5.762082045540817
2129064874031303936,2750.0,,,0.702346301544849,0.0151749637832609,13.851147208520304,0.0106582159976216,1.1131739789623951,0.012799355,4.08252389981474
2129084935820532608,,,,1.333701012893211,0.0141658994069494,12.84601228250059,0.0100023680359871,5.864199311029761,0.011247616,6.686177863865932
2129099474286578048,3550.0,,,0.7706705752289319,0.0213128907511778,14.833954485267862,0.0146728613031021,0.8526754437976907,0.019551832,4.485026136564363
2129103700534539136,,,,0.7435710633841364,0.0145082638172025,13.510038656198748,0.010226879125286,1.4391911188969413,0.010501419,4.302915716985545
2129141083930129536,,,,0.8794827322970932,0.0208935525095708,14.420001616664422,0.0144233541704301,0.9867391785373174,0.044932928,4.392026866375742
2129158435598210816,4170.0,,,0.7963483606715441,0.021136290421764,15.070285881282924,0.0144753948657145,0.6217675872388602,0.020243742,4.021096757992229
2129158710476149376,3800.0,,,0.770599819664228,0.0361868754880474,15.265469559358538,0.0246203477132343,0.5506813347480337,0.022362955,3.969104027556659
2129161734133025408,,,,1.102753798278602,0.0152038370361872,15.591952988721106,0.0104030162462665,1.2872793387776222,0.02400127,6.141013911119714
2129162283888866688,2400.0,,,0.6787708772714395,0.0146345782457224,13.285820623649313,0.0103072357019261,1.3426831949077276,0.009494226,3.926745465686375
2129164173675031936,3890.0,,,0.9406847125000252,0.0145294749259651,13.8969673603693,0.0102347735379368,1.9715344561044712,0.011627085,5.371024573144611
2129192692257862912,4470.0,,,1.1550249325057995,0.0154233075296445,15.60176773062246,0.0105938397597891,1.1601900400904843,0.024874017,5.93109028313275
2129193070214982016,,,,0.9611807321692408,0.0144556349589073,14.917540001553345,0.0101258288322727,1.4254324242450611,0.01810813,5.6806579580346614
2129215369685086080,4370.0,,,0.8843952004454279,0.0146822527043065,13.049145750729886,0.0103448413388893,1.4684620029690605,0.00935348,3.881950448037509
2129234336259850240,,,,0.8371039884998499,0.0207446796497585,14.813634814349593,0.0142940113655727,0.9075678183640604,0.01783581,4.596657199971768
2129241586165440768,4570.0,,,1.1142862682218049,0.0147318631803485,14.918664266409207,0.01025220707864,1.7719513733725305,0.019821957,6.158916806584433
2129250313538148736,4570.0,,,0.9801385821908102,0.0155811196623624,15.232698656776147,0.0107607853014711,1.0645356514245616,0.02360736,5.3598453441951115
2129254333627658112,4370.0,,,0.9402807125458228,0.0149195416946483,14.79722404818076,0.0104413716662216,1.43693562553883,0.018394738,5.589683359808188
2129256395211984000,,,,0.6181617721579683,0.0144624324635235,10.333986870781205,0.010202086917143,3.012182210793099,0.0113640325,2.727293679419816
2129273849959814656,,,,0.9115264810780276,0.0181726352754777,15.223660800412986,0.0125240430999522,0.9428202203712812,0.02047221,5.086064951798292
2129295049918456960,3390.0,,,0.7800170727376039,0.0145399209543192,14.020246993680312,0.010241414773529,1.2863835159713777,0.012979857,4.571447413875395
2129295427874937856,,,,1.0166100320022355,0.0151602220118204,15.09132025072582,0.0105837378782531,1.2282420408144392,0.019515645,5.533016454115057
2129311576952316544,1820.0,,,0.638798513612688,0.0147855946797625,11.961886603245548,0.0104083251292813,1.8360848134035928,0.010029311,3.281874790215941
2129330577887487744,1950.0,,,1.3571504008543966,0.0146678213940807,14.354479292915542,0.010220541884022,2.9200044260786644,0.07196881,6.675172418710632
2129357580341124608,1700.0,,,0.6345857605627307,0.0146632047932228,11.99415677589345,0.0103255758387044,1.6547466436897598,0.009948804,3.0923671362015224
2129369095153280000,6170.0,,,0.7903027352351638,0.0144220951296118,12.30601216876645,0.010162687446972,2.503891080889174,0.010030317,4.297373524423168
2129398988126072960,3630.0,,,1.2165957058997896,0.0153156267538638,15.328324520714126,0.0105355781734257,1.2689996305014493,0.031010088,5.86649954911652
2129407784218783488,,,,0.8156362955496352,0.0146144685553726,11.903167041861169,0.010298841855029,1.8721689009195952,0.009591605,3.2648979222083483
2129417198787412608,,,,0.9380185301886912,0.0150427135702146,14.698208959367742,0.0105178514468864,1.2823964691088003,0.016505294,5.2342788255480475
2129464546506876928,4070.0000000000005,,,0.7266410818356401,0.0146441115127023,12.132205632126682,0.0103183067348497,2.5070975523838697,0.028239388,4.122098852836153
2129467364005869184,2820.0,,,0.6851937141115128,0.0149718411400383,13.237556315820784,0.0105302526630157,0.978807442491336,0.009801753,3.187416100542455
2129492824571882240,,,,1.115421477078866,0.0159524703555973,15.55977885257924,0.0109491144277261,1.1916967254637756,0.02584842,5.938748348786312
2129495057954829952,4270.0,,,0.7503408875933909,0.0144901403767503,11.761527002690524,0.0102172537943777,2.990074558818568,0.010378037,4.1394713105100465
2129500383713365248,3890.0,,,0.825723939184059,0.0148901074575337,14.204637528731771,0.0104399368683258,1.1711209724319076,0.013499628,4.551702174678653
2129503235571760128,3470.0,,,0.8352150629651139,0.0154650230040733,14.605577043533836,0.0107801784631237,1.1083591415058975,0.015818901,4.829851621649103
2129503716608032256,,,,0.877450615601423,0.0171759196402651,15.464484057771244,0.0118706804799667,0.8190031402377989,0.04700771,5.012130314334419
2129509381668153984,,,,0.9172201704409604,0.0150669896384468,14.688528385321836,0.0105266483986731,1.2459130830308758,0.016849503,5.169200427364935
2129512821938786176,4700.0,,,0.7563292899570302,0.0147671932437382,12.786453325365851,0.0103959279033358,1.2466046054345468,0.010298824,3.268773122934544
2129527974583414400,3160.0,,,0.7524702916750421,0.0149507287977401,13.199756596928832,0.0105145572163594,1.5002812237880132,0.009300068,4.079454322031767
2129531822874416640,5010.0,,,0.9944246711303664,0.0146999610596391,14.290627887219998,0.0103037495662832,1.7574867063725914,0.015159373,5.519119325682269
2129550445852902656,6840.0,,,0.8010675749348349,0.014149596243662,9.937407541219333,0.0100022000836652,6.945127951748856,0.009993962,4.145556431894075
2129558760909448064,2630.0,,,0.7630444846700966,0.0147732540184402,13.320996675314058,0.0103847338980648,1.5267993223115652,0.01058863,4.243111987775729
2129576559253685632,2750.0,,,1.23079257190582,0.0169087871948847,15.637394098144531,0.0109014768677771,1.241198092862316,0.024651347,6.095636858336299
2129578826996503040,,,,1.913960773413314,0.0151691440426692,15.580056767852554,0.0101877001475925,2.979300505344574,0.024676483,7.950603610296939
2129654040463673600,,,,0.9291955205036582,0.0353761733075234,15.477838160962197,0.0241295001890925,0.6748621521240814,0.02232165,4.6137191367615
2129671220332872192,,,,0.8388672400055006,0.014984203458837,15.16284233913884,0.010433857848493,0.7645661125923063,0.02076845,4.57601263090085
2129686991453013248,,34.46,,1.86247144689809,0.0146132612626577,15.626653218166084,0.0100579579175043,2.996036041127029,0.025029294,8.012051228091174
2129698261447024128,,,,0.9266080651490556,0.0176398538857632,14.628844630999044,0.0124911917732614,-0.0117352506785921,0.29898477,3.5650765741611643
2129703552846891136,3470.0,,,0.7761797552215323,0.0146437070389617,13.25017062607697,0.0103029393537871,1.8611100582093356,0.010844004,4.599158996808159
2129716192930293888,,,,1.1644865172124073,0.0159376640842338,15.400679527555909,0.0109976834038344,0.9801034581599596,0.024042571,5.372224518092315
2129725749238044928,4570.0,,,0.9391904820146322,0.0226676461607728,14.423344643848775,0.0155917270438896,0.677714738815014,0.01576777,3.578408938575116
2129746468160336768,,,,0.8411914335242684,0.0262131923345524,13.67049739213232,0.0180338792811698,1.1660010787060573,0.16595757,3.9146877678368313
2129753580626548736,6170.0,,,0.8383872258291571,0.0143781902137728,13.769152728521078,0.0101231321931985,1.2715513434458616,0.0122029595,4.290054718882461
2129753610686818176,3160.0,,,0.803772449664228,0.0292385333393389,15.318218559358536,0.0199377847002395,0.5266366886088854,0.023214953,3.9204410689134104
2129754847637288192,6310.0,,,0.7984967506564299,0.0144078308691775,13.145760711907805,0.0101593633698637,1.331047516964102,0.010603098,3.765828513128376
2129755573491351040,4270.0,,,0.9546105279775856,0.0147475561158281,14.08625613867873,0.0102228522269351,1.750236160799341,0.0133624235,5.301472524623904
2129755779649780224,4790.0,,,0.9203743476303512,0.0153710702178495,14.878997710678806,0.0106448859033706,1.094669520406342,0.01863743,5.07562804699851
2129758940745727488,4790.0,,,1.1051927792672311,0.0146375767523958,14.448115588236911,0.0101655879586902,2.0200770532436163,0.015100202,5.973305372078045
2129771615189858816,4570.0,,,0.8779949615109741,0.0216370825929679,15.54958948288658,0.014563052801668,0.4253561029410407,0.0343737,3.691634190377542
2129776636010852224,4070.0000000000005,,,0.883560696370888,0.0155197360306265,15.061643212679492,0.0108021570521014,0.9321321473268652,0.018224755,4.911754320837803
2129811201907123840,4070.0000000000005,,,0.8455846850608854,0.03043386441394,15.146305001653849,0.0209223709492484,1.3086399828159758,0.28299412,4.9701542965762915
2129820582115829504,4070.0000000000005,,,0.7941526615109742,0.0262935302247907,15.029930482886584,0.0180077961841067,0.6554155538345796,0.020502763,4.1163472456536
2129833810615727488,,,,0.7758041926965193,0.015321862261215,13.747585307839111,0.0107499805014721,1.109333391804832,0.011743783,3.9704755529024336
2129838139942109440,5010.0,,,0.7791034179011708,0.0151163476404889,13.95215315260054,0.0106089495201993,0.9557762611809072,0.01229408,3.845380041995387
2129847554510913536,4270.0,,,0.848436819664228,0.0203601878909183,15.109320559358537,0.0139700769078341,0.600839015765921,0.020505227,4.014196739594812
2129858412187969024,3800.0,,,0.8415851639400735,0.0144561666878363,15.016165936679704,0.0100923152086506,0.742621725395905,0.019402979,4.367491527303942
2129861435845006208,4370.0,,,1.2886731329284489,0.0145039845897572,15.096291180824569,0.0101303891153976,1.858961238248388,0.021309186,6.440719301506531
2129877825440176512,3720.0,,,0.789488431778084,0.0144202889534417,14.598497114849655,0.0101289487357698,0.790856430321897,0.015369608,4.0908415995646426
2129894833511828864,2450.0,,,0.8279688967269476,0.0142506363060011,13.11055606711274,0.0102611619671953,3.144777411738169,0.18193635,5.45968151369958
2129928884010551936,3720.0,36.17,,2.116338196600819,0.0152512300648072,15.564381779946842,0.0100876572446175,3.8188465015524247,0.025178751,8.476259136372525
2129931456691176576,,,,0.7277705355095637,0.0144143253701374,12.04801365403643,0.0101702410603837,1.878500303731804,0.00868553,3.4168024110069517
2129931942027348608,,,,0.681673519664228,0.0278453964971532,14.671059559358536,0.0190721077874712,0.6933538929997507,0.016939932,3.876577407371189
2129939398090453504,4790.0,,,1.2184223773265022,0.0143802678333495,14.605085750146756,0.0100930067948374,2.324423889667532,0.014279841,6.437227258471939
2129942765344872320,5370.0,,,2.3493908204036353,0.0149692338720449,14.201106355686363,0.0100117998600479,9.635291414513356,0.014490286,9.119791716360387
2130024026126714880,2290.0,,21.4773,1.0727754200278656,0.0143554307968944,13.2296739227651,0.0101479107701509,3.045325229128462,0.051230792,5.648385798575196
2130026255211751808,2880.0,,,0.67081533301245,0.0144233208712954,12.094689603745334,0.0101721058728245,2.097984433477921,0.0096488865,3.704161615171852
2130033097097486336,2820.0,,,0.8783733479847022,0.0142795695793562,12.671357663994987,0.0100760775521295,2.584646411001565,0.009812503,4.73213289993542
2130040450081573376,4470.0,,,1.0102347134779406,0.0151693797601916,15.44487654390822,0.010511096638313,1.079593492121976,0.021855121,5.619362484989331
2130115281293911552,4570.0,,,0.8823771259983164,0.017662750637922,15.131175563856347,0.0122094431763027,0.9616934242841174,0.020269288,5.028209525223234
2130124219123552256,,,,1.2074059530110786,0.0159903280795585,15.726592489892836,0.0109142245425955,1.2695442867361664,0.026757242,6.253409993930566
2130124528361197952,3720.0,,,0.833577095971632,0.020926668161645,15.023234923781157,0.0144194046243494,0.6926644811111637,0.019564224,4.221243288734044
2130131297229656832,3980.0,,,0.7850322457909269,0.0142814678188017,12.654703683363296,0.0100789979991817,1.7077761994873253,0.0095023755,3.8181088973371367
2130136176312202624,4680.0,,,1.085240857058675,0.0150230746712221,15.00131680125737,0.0105059358793113,1.5885054314608806,0.017208062,6.006343182589642
2130168405747219072,4680.0,,,1.06916614398951,0.0144382917819667,14.45778480268214,0.0101482076101975,1.9866132968454993,0.01528992,5.94707708696202
2130211080541825024,3550.0,,,0.7791571383479208,0.0158932799097318,13.514698809822058,0.0111320447222891,0.8949134626016808,0.01099533,3.2795446183520234
2130236678547566976,4370.0,,,0.7470241320146322,0.0254420826421313,15.140889643848777,0.0174355208210354,0.4625842925929381,0.020731322,3.502481937249822
2130243550494676480,6760.0,,,0.9400303258432796,0.0144029461495921,14.070111050267183,0.0101052780630201,1.5569445986800914,0.013085744,5.032422698481438
2130247467504662016,,,,0.8828891976545473,0.020821133169441,15.351339144308566,0.0143075940786087,0.8765851463092208,0.024804449,5.0596694647465235
2130250731680096384,,,,0.8806725114530864,0.0162523555847204,15.766949287884952,0.0110639130500521,0.7651501881818743,0.02952618,5.182591483754033
2130255885640736768,,,,0.7584436451826468,0.014381397619516,13.896743747576531,0.0101243905873676,1.2466754726956712,0.012195865,4.375712769052136
2130269320298515712,4570.0,,,0.8256840015109742,0.0213071728852707,15.43218248288658,0.0145603512555323,0.4676120935457108,0.026959961,3.788674472427139
2130282789316404736,4270.0,,,0.7996713599131939,0.0147361382996054,14.542672521650143,0.010333338958842,0.9858161915832148,0.016341599,4.509659505739439
2130309796070517888,4070.0000000000005,,,0.8630535258069157,0.015032078907443,15.047387949543962,0.0104892888027213,0.8401882477200403,0.019108836,4.667073233022828
2130315224909221120,,,,0.9281771965385622,0.0147469658361336,15.763208647866648,0.010143242420421,0.7522502379453598,0.025417391,5.149048394750492
2130318420364920192,4370.0,,,0.8854443887234358,0.0144150910148072,15.206904924946226,0.0100851430324103,1.1445492582483396,0.020161746,5.496055355239568
2130321925058256384,3390.0,,,0.7781528033577203,0.0212101870371169,15.126955406414629,0.0145514833843421,0.7385107070431758,0.020863608,4.443075717624808
2130322955850385280,3550.0,,,0.9356848694018498,0.0142555034497043,13.93507827132702,0.0100512726006822,1.9681670554233637,0.011398603,5.401601199751621
2130326460543631360,4370.0,,19.639,0.9608801435396136,0.0147970166140814,13.712716305696745,0.0101196757012269,2.250662158282851,0.011619474,5.476701482178456
2130363259822710272,,,,0.9156480613763208,0.0144674577325152,15.113070027181395,0.0101090739275237,1.0744643255551216,0.021950655,5.274032592364037
2130368310704421120,4270.0,,,0.7447722978193629,0.0143400347681589,12.778633245640382,0.0101182300958935,2.165710106853532,0.011638759,4.459017584842766
2130376453962481024,3020.0,,,0.7436363786464036,0.0144404450955542,13.616259792377754,0.0101721501717463,1.131169117033595,0.0114297,3.888143426049124
2130377106797534336,,,,1.3069357726554924,0.0147562516269466,15.436828893039186,0.0101846459872956,1.6740381154702504,0.02277204,6.555150436738678
2130383394629702400,4680.0,,,0.9232628988541364,0.0152248502842344,15.037456919360569,0.0106142665313395,0.8162066290060879,0.019779686,4.594959811073153
2130389785541178752,4570.0,,10.6668,0.984231189606019,0.0144762504538735,13.082200014767915,0.0101416707595544,3.1604701281644347,0.009998085,5.5803446365369975
2130393938771375104,3550.0,,,0.6117855865082126,0.014434978909105,12.947743014321984,0.0101634753264499,1.267363985755526,0.013241969,3.461202435714462
2130397585201614080,1480.0,,,0.97118382827104,0.0144690715129827,13.40901976926356,0.0101932373682849,2.553637171281953,0.01046141,5.4418100763758535
2130405041264941184,,,,0.8869749184451808,0.0147156442058794,15.124238876012706,0.0102728091054292,1.01311649050171,0.020239655,5.152333813092952
2130405075624683136,,,,1.1155378188196987,0.0150176450500235,15.48009981004538,0.0101423003148689,1.3806186729628105,0.023541661,6.187724626652939
2130405728459739520,4570.0,19.25,,1.970422302625705,0.0163376813419944,16.1994995587692,0.0101533216044568,2.9861524193206637,0.034516893,8.573229450425469
2130427821771278976,4570.0,,,0.9844911355667414,0.0149886025620802,15.542820946155349,0.0103562846347427,0.9277589509386596,0.025906315,5.379291460939406
2130434384481265408,3890.0,,,0.8352482510805087,0.0144005308584276,14.439504834267606,0.0100983431800223,1.253137078338994,0.01587212,4.936670647094157
2130443730330509312,,,,0.7145671780090237,0.0142433562268669,12.91594742733443,0.0100550112354238,1.7732627095935216,0.013688375,4.154702134350401
2130460394803778816,,,,1.0421807643822103,0.0145591422587443,15.024873332681754,0.0101208736436895,1.3167038254269,0.020912057,5.618099657303151
2130473176626619136,,,,-0.4273077366422796,0.0196947065649552,15.589581406414627,0.0132375708702894,0.5571919193550866,0.03719594,4.2979724088943065
2130544262626885120,4790.0,,,0.9214530820146324,0.0290794749891522,15.740646643848777,0.0197849384260433,0.6720245880730006,0.027459694,4.888825527829157
2130550520397270016,4900.0,,,1.077600731869685,0.0144794810327591,14.96750263933458,0.0101440370290292,1.4532910453036687,0.017080504,5.778616526808923
2130552994298492288,3980.0,31.49,,1.6398946474153058,0.0150785623902822,15.909504534650544,0.0100579766255752,2.0955628550686405,0.0272231,7.5167800390914
2130625287187139072,,,,0.7565963505620142,0.014858033736922,14.225518859306124,0.0104167676013288,0.8574869617991431,0.013659822,3.898643209780797
2130628757521503104,4270.0,,,1.452418383337735,0.015105887232519,15.785550071800175,0.0101091577212332,1.6697330432420534,0.028432539,6.903395420499775
2130632159136095104,,,,0.1755460037458455,0.0255412559978856,10.368492254783224,0.0100782154737925,2.048265106187413,0.034409367,1.9234455391601468
2130633430445267584,4900.0,,11.7682,1.1405164614983598,0.0144794624479353,13.57726971361309,0.0100819650816396,3.0856201913680494,0.011888556,6.024876440654063
2130634667395736704,,,,0.946356567982037,0.0144345377450325,14.545041143917258,0.0101348397508492,1.4100576297290934,0.016670939,5.295620967217728
2130637038217686784,3630.0,,,0.7829054756707035,0.0145285350955384,13.99015491250408,0.0102042037358182,1.171196106744253,0.0142757045,4.334449587573989
2130652843697474816,1260.0,,,0.6232986172617772,0.0147326767958923,13.146434973049738,0.010373944246698,0.9352213505908828,0.009956115,3.0050532495064495
2130661880308812800,,,,0.7789881003434815,0.0142963281785507,12.709542578380162,0.0100917471973722,2.376906531910528,0.012228924,4.5876604045035005
2130676478898097792,4680.0,,,1.0087386684390245,0.0142507516916389,12.39166257384598,0.0100602565153565,1.8235014821228823,0.0086587295,3.6972591998231135
2130683904901068800,,,,1.142076979353827,0.0143198314463946,13.977642594697748,0.0100506509792161,2.886608668057629,0.0132627655,6.280952457736573
2130684695176129536,4900.0,,,1.3202068912738465,0.0150604353675902,15.8161188852665,0.0101209987015969,1.4313836912647178,0.028657744,6.597266576102511
2130695518492411904,4270.0,,,0.886231138009445,0.0142265368366528,12.820703098521676,0.010039155613761,2.471053117713642,0.011145323,4.784729518695329
2130762107666059136,4270.0,,,0.8877696579639464,0.015285504626,15.474371733011026,0.0104881885982293,0.8331250836820419,0.023612792,5.067806415758412
2130770766319922560,3800.0,,,0.8256827905731094,0.0143599870629008,13.782263735743784,0.0101080884196517,1.6506785079428383,0.012668859,4.8694719920809
2130777191591084032,4270.0,,,0.8342860146113753,0.0182717071214779,15.3402370656135,0.0125019855487174,0.8762403885615849,0.022690771,5.0477044989719335
2130782895307640192,4470.0,,,0.8905171676313114,0.0147599700827157,15.203357945571682,0.0103305663954088,0.753726758793102,0.0197701,4.592235534897268
2130815021663398144,4790.0,,,0.930472626575362,0.0145474657941556,14.828338773699665,0.0101965683857306,1.2763339600058308,0.016387193,5.3567170420520505
2130825020347168512,4370.0,,,1.0421768920300392,0.0147808452876538,15.294216408018643,0.0101937187871008,1.1067039346556402,0.021893872,5.512773967336198
2130857627739052928,4900.0,,,1.056664403541531,0.0154673249340933,15.911175363182249,0.0103152012171759,1.0002751200250508,0.026420237,5.9019753941304955
2130861785267379456,2950.0,21.96,,1.8063131269463637,0.0147347772513845,15.35594504034063,0.0101237903039552,3.2294984382190313,0.050274275,7.905969962659224
2130866904868424320,3240.0,,,1.238233645092671,0.0148672001924025,15.530362712053552,0.0102241948117055,1.39121161777145,0.023875432,6.248290461761558
2130882023153533184,4570.0,,,1.245659683872998,0.0144083886335327,15.234517155631467,0.0100549461010194,1.7824461053373777,0.022555793,6.483577034325579
2130889204338693504,,,,0.7492890566743096,0.014470486915261,14.192332374857216,0.0101640212737778,1.1106073644951011,0.013983899,4.414433521328837
2130910988412248192,,,,0.9829624613159283,0.014656111838074,14.76043441326457,0.0102455829041591,1.226528160703398,0.01740697,5.205053448224016
2130911435088877056,4370.0,,,0.9974981676435368,0.0143323760448952,13.814660069420702,0.0101058564027128,2.0716172673694517,0.024160383,5.397341318697578
2130920471701096576,5250.0,,,0.8071457136225554,0.014277394863361,12.70561154006827,0.0100767397616252,2.232604343822341,0.010773344,4.4504686459370735
2130932428889277824,3890.0,,3.6748,1.7521068082271325,0.0147000323803756,15.528211234603408,0.0100747108321811,2.5293936228037297,0.025395965,7.544381547671573
2130951464184187392,4370.0,,,0.8573118985285326,0.0144460368502932,14.632185477818432,0.0101271216727276,1.074428029690185,0.016280724,4.79088076019679
2130959744881558272,5300.0,,,0.6957324633577203,0.0210835241220011,14.128659406414627,0.0145503081848387,0.6987179014488256,0.013605309,3.3518159244301025
2130963696251416960,,,,0.9160021700168332,0.015143665166291,15.618614337465573,0.0104358737145368,0.8377985685417819,0.025179062,5.229343941367686
2130968334816264576,1660.0,,,0.516628719664228,0.0290558061178284,13.585953559358536,0.0199065651490121,0.7161356659842967,0.011274379,2.8588487311015154
2130969262529165184,4680.0,,,0.8979116204318233,0.0148584219825641,15.436363775255954,0.0102437218965037,0.8147270240837908,0.02243724,4.99897185218342
2130969503047357952,3630.0,,,0.8485373067721846,0.015149256407155,15.079334187998192,0.0105925362914387,0.9218463358813198,0.019921292,4.904434525559211
2130976787311412352,4270.0,,,0.8926532083161327,0.0149549895369783,15.281881212497405,0.0103972205688576,0.958555781469938,0.024678065,5.188635941563252
2130979570450326912,1510.0,,18.1225,1.0487822429388989,0.0143229277952869,13.69395556919804,0.0100661694494678,2.5859298480631607,0.0122019695,5.75580284038786
2130980910480096384,5500.0,,,0.8065722747139029,0.0143274450890349,13.777622830869902,0.0100799665331711,1.099195540059366,0.012242471,3.986914230047242
2130982113070876160,,,,1.0157235489329195,0.0144232199860728,14.764034460310103,0.0101145706953192,1.5332611854558378,0.017241394,5.690270820083342
2130991596358782464,4270.0,,17.174,0.9805187630797196,0.0145072835208674,13.980734769902902,0.0100615460624823,2.0554610674256666,0.011963069,5.546155155224032
2131048324286015104,4270.0,,,1.133143668375284,0.0147886121761314,15.573302966944553,0.010201853477782,1.347700169966212,0.022849398,6.215404976048539
2131059594280288128,,,,0.8316683115109742,0.0198720136195115,15.160912482886582,0.0135671273965098,0.6904165622985522,0.021887908,4.3284984813476886
2131059628640021120,3800.0,28.19,,1.8551030038823864,0.0142588950772655,14.13884209942664,0.0100053932356787,6.167281077472196,0.013083514,8.088734724283302
2131059972237410560,,30.63,,1.925896187307115,0.0142236204203215,13.912027147179938,0.0100124753560222,5.111881534404777,0.022533536,7.455798866365881
2131114947819394816,,,,1.158104804006682,0.0153683399301471,15.783196780535768,0.0103751226495194,1.197392992264176,0.027422134,6.180825710637457
2131136491375075328,4270.0,,,0.836022390333805,0.0150889950888001,14.749172255988794,0.0105640572827536,0.8509130478149186,0.017554522,4.395209098823679
2131151094264000640,4570.0,,,1.0460709158587913,0.0152048185511036,15.428554176785925,0.0105365031960185,1.1525498758776025,0.022360737,5.7373784915566866
2131169545443676032,4370.0,,,1.1237218075562283,0.0147324716434189,13.228732200876184,0.0103712877527516,0.9176987552450668,0.009541292,3.0352804872892207
2131173187575866496,2750.0,,,0.6758628873173367,0.014682619861751,12.689862327247887,0.0103423715564095,1.280293134192945,0.010125475,3.22531205094068
2131178238457347712,4680.0,,,0.9610525752986284,0.014894060427157,15.282859368137087,0.0103655577458297,1.0677266839749038,0.023542993,5.41185253935177
2131181055955983232,7760.0,,,1.205259717193747,0.0142904797927138,13.270582866261178,0.0100740466884531,3.976088958250748,0.010093211,6.267906492125684
2131184938606509952,2880.0,,,0.7823428075540464,0.0142999445286398,11.072194093365963,0.0100922728992654,3.6092601754069102,0.012267477,3.8598320928340097
2131213903865285760,1580.0,,,0.5771086892982504,0.0144838337619044,12.647214009167843,0.0102123761610806,1.1141810580735476,0.011634271,2.8803761710905533
2131216137248338304,8420.0,,,0.8247163347136137,0.0143167060820035,12.793953199876611,0.0101019056510936,2.5172690374676847,0.015686596,4.798646516232216
2131228815991876736,4070.0000000000005,,,0.8615482227481279,0.0151448965004822,15.415241235225842,0.0103994752069768,0.8465371126812724,0.02307625,5.056078760661199
2131232114526859520,3800.0,33.98,,1.675022927160056,0.0151321966096323,15.76362108602732,0.0101515942655661,2.335825992961372,0.03201857,7.606717614108457
2131238230560301440,3890.0,,,1.3670877094582936,0.014624991527205,15.006617542282308,0.0101545389166603,2.28077321422926,0.028550508,6.796669509880326
2131252627290713472,3090.0,,,0.6899836574946736,0.0143984828698144,12.388456813470452,0.0101372513144574,2.019147054004141,0.010354595,3.91306332739199
2131287021388901504,,,,1.051599081601721,0.0143623297110187,14.098739742575685,0.0101230131276324,2.391520491851224,0.013130083,5.989645280847665
2131294885469721984,4370.0,,,0.918917127732583,0.0150918683362259,15.539946341358371,0.0103664395488625,0.8654508979049149,0.023705909,5.218057462030577
2131314401800665344,,,,0.8006103844744675,0.0142139025546707,11.280527277216356,0.0100092241563989,4.673249888088011,0.01162274,4.627434437403691
2131318426189833728,4470.0,,,0.8237683566467904,0.0352580078459582,14.350460503472926,0.0240704320056299,0.7707228692731312,0.015258409,3.78860183604335
2131432706679279104,3020.0,,21.6678,1.2015457370611915,0.0143978786152817,13.371929189204067,0.0100944126675069,3.849234756822816,0.011199485,6.298634588073353
2131494313689868416,6430.0,,,0.8214924055813004,0.0142901182164344,11.627712136086313,0.0100863584123695,2.448337472883471,0.0115535585,3.571004112836839
2131495378841740800,4900.0,,,1.1120800197592606,0.0143772875724291,13.174236896343965,0.0101304783008695,0.8155912230939107,0.010232415,2.7414098475035935
2131496856310537984,7940.0,,,0.8482737046580683,0.0145147177864535,13.915090439649433,0.0102159467567102,1.0172789080143867,0.013298309,3.949534101145769
2131505514964760832,3980.0,,,0.7332748683913467,0.0236756321992797,13.756991831866278,0.0165395516729974,0.4473382346717945,0.27274948,3.3532120018213725
2131523450748131456,4270.0,,,0.8919990053936312,0.0151164683229926,14.150274334275,0.0105968463168119,1.0831748806484178,0.091909856,4.311668143001187
2131523553827356544,3800.0,15.74,,1.5958430216235342,0.0144429717584648,14.835571285861908,0.0100820498023398,3.2566290442551575,0.018719204,7.396848365747342
2131530769372738560,4470.0,,,0.8777455062517971,0.0147359158149049,14.05025246206457,0.0103343289470878,0.9258610318777504,0.013438195,3.884428006473275
2131541867567734528,4170.0,,,1.083811803744864,0.0156091147818891,15.671147705459315,0.0106980010703639,0.9851885634698856,0.028101088,5.638183495438204
2131587531660567296,,,6.3902,0.9152151916140392,0.0143951377209438,12.367103147248129,0.0100923603509334,3.772906470326165,0.009931233,5.250441951515906
2131593269736776576,3020.0,,,0.7267744207554871,0.0644390405574635,14.588942241443291,0.0438179509895167,0.5340106395939149,0.016783252,3.223225317904639
2131593785132997632,6680.0,,,0.6987709111059994,0.0141629743556509,8.707451928844149,0.0100027046146162,11.23465180793612,0.012578515,3.960225672620087
2131621272922307968,4070.0000000000005,,,0.8379583356726664,0.0156433355411058,14.616555834251171,0.0109203622723288,0.8214984945294675,0.016541261,4.190761693237995
2131625808407771520,4900.0,,,1.056477180224065,0.0142510374096166,14.043792927110864,0.0100418958700966,2.4036863527122216,0.012981847,5.945831662548461
2131628282308860288,7080.0,,,0.8064166174610791,0.0141946661251154,12.43763723698981,0.0100239799655184,1.9578131983604072,0.01000652,3.897575556638776
2131635154256753408,4270.0,,,1.4948738276597644,0.0147646286466625,15.773128181897224,0.0100350994325676,1.854986647295005,0.02727164,7.113910023281395
2131643641112197888,4470.0,,10.5156,1.0398177347826272,0.0144484865048318,13.769242785335331,0.0100473568520735,2.4183797689567483,0.011280083,5.689196506664723
2131677584235170048,5620.0,,,0.7991336016563959,0.0142965114414166,12.13000839074309,0.0100582695494729,2.8923293080192356,0.022312487,4.4368503558487085
2131690988831633792,,,,0.7609993142633102,0.0150683665983669,13.413126808604726,0.0105931915719194,1.63105828127566,0.010735021,4.475881298869911
2131701365472538112,4170.0,,18.0344,0.8761508160539196,0.0142078988880823,13.301772980960152,0.0100235580254076,2.1279355427756066,0.010245619,4.944073958716837
2131709921047710336,5900.0,,,0.8917540121212946,0.0150437174520442,13.503136206038018,0.0105740558120155,1.1108378410519892,0.011222873,3.7360085807976375
2131725447350716032,,,19.3104,2.1414518,0.0142445673840483,13.054226,0.0100074645154514,15.112259957197791,0.009295918,8.951196062542232
2131729780976557952,4900.0,,,0.8719522747766018,0.0149706285368142,14.039320831352878,0.0104882599200914,1.5596234493094911,0.012598256,5.002279562576886
2131736137528127744,1780.0,,,0.8402021230418368,0.0142294433241967,13.371230648862008,0.0100370273386107,2.1754474935362955,0.0099629555,5.05863622802204
2131737340118958336,,,,0.8738153829458103,0.0158502157940795,14.943151057734248,0.0109554354672431,0.9257154482019816,0.018865462,4.790223340653979
2131748472674257280,3160.0,,,0.7139324172735171,0.0145107267498383,14.402656196679915,0.0101881504326795,0.9296194786828132,0.015313661,4.2359775288111745
2131748747552136960,,,,0.8226506010741874,0.0144315176723153,14.147289539824538,0.0101445399196323,1.4648173147143868,0.012965149,4.973305326770991
2131799084568477056,1900.0,,,1.7384593785875997,0.0145221234564497,15.111902641175826,0.0100779111796541,3.741636392226912,0.021040168,7.978734374420725
2131804165512770176,4470.0,,,1.032476444508872,0.0153680790024441,15.692303171713077,0.0104017864631721,0.954861774485425,0.027154513,5.58793026099803
2131804479047342336,4570.0,,,0.9573588711599595,0.0144848364692685,14.857477840860067,0.0101043216803205,1.2612238969129617,0.019949643,5.356366683378338
2131804925724122240,,,,1.0226394048973126,0.0241976097617767,14.339667096038692,0.0171478433191531,1.282355496443323,0.60396004,5.2724340993738945
2131815577243101696,4370.0,,,0.97134945375701,0.0149529049240927,15.218530882746444,0.0103860706163866,1.066887707285669,0.019753743,5.357502560121418
2131817707546856320,,26.12,,1.96988551621284,0.0144107255088232,14.880005359060366,0.0100181909992519,4.61122180604511,0.017342435,8.198300828846941
2131859244171951616,2690.0,,,0.6474490534366631,0.0143308759261884,12.2281504885267,0.0101053663035795,1.753585792531013,0.010068535,3.4483130806811033
2131860859079970176,4270.0,,,1.008446898603194,0.0146596738511378,15.404837473360582,0.0101392135530167,1.109904046827896,0.021617455,5.647866591150374
2131867357368794624,,,,0.8818982862190108,0.0144176802421515,14.233239478127842,0.010139641863942,1.407428872810161,0.01827143,4.973166467282917
2131884640317332608,3890.0,,,1.2540159575407968,0.0143113997573471,14.754351396851543,0.0100491993881941,1.934049406656028,0.015849104,6.182429609222572
2131896494426821760,4370.0,,,0.9278816165250802,0.0149927616751522,15.293347796702877,0.0103426601500771,1.110044083600514,0.0227103,5.507200420562498
2131901682747346432,4170.0,,,0.8909347618883258,0.0146715535176522,14.423050942057843,0.010295679965964,1.2724122572406256,0.014220783,4.943287757766367
2131910341401451264,3980.0,,,0.8543507897107118,0.0232875641642084,14.533510898624096,0.0161468546495278,0.8784957540877253,0.25305462,4.3428713462238075
2131911750150748160,,,,0.9814252667896384,0.0146521786237963,15.034732809920156,0.0102180275025592,1.3432369895157803,0.02061848,5.665510820605759
2131920370147385472,3890.0,,,0.7893660395629343,0.0149787413650821,14.570277967349044,0.0104950169894795,0.8744481217356889,0.015989479,4.2757246272153555
2131922985785232640,,,,0.7661249491195137,0.0145759571750167,13.56216844517021,0.0102534931808191,1.4072542588882957,0.010466755,4.303002568809063
2131965454422070784,4470.0,,,0.9693973998088662,0.0143646624924822,13.706442896971415,0.0100811605885359,1.8174958427111072,0.02974139,5.008252634837186
2131968065762170624,5620.0,,,1.137645198185142,0.0151555194128404,15.270724332852486,0.0105173932829048,1.5894719576924743,0.021321109,6.28021669799406
2131968890395913344,4470.0,,,1.1596955490348315,0.0151463758980704,15.54373093120698,0.0102981994289093,1.339838348936049,0.023139684,6.18272471366674
2132001463427986688,4170.0,,,0.7831228251196165,0.0146925711886287,14.775205747746677,0.0102497723311898,0.806172125136177,0.016318426,4.30617767846787
2132007888699166848,3890.0,,,1.0042081752372944,0.0150059818086537,15.252395608867372,0.0103294488371749,1.2807941675913912,0.020839002,5.787227739474089
2132009744125068416,3890.0,,,0.8206523533577204,0.0247105118072037,15.246741406414628,0.0169084208479226,0.4418015317023646,0.022585059,3.530680805217699
2132028912560212096,3980.0,,,1.3070921753773377,0.0145199244525032,14.466968349570749,0.0100782482620562,2.904249325006697,0.015049873,6.7808158279752355
2132069598789224960,4680.0,,,0.9428937888860324,0.0146733843239029,14.613887720898498,0.0102621027850686,1.3747447010045533,0.01575201,5.307310140454726
2132069633148965888,,,,2.2055505344337467,0.0164973559164072,15.952663688785051,0.0118974837111051,4.585843146020581,0.5562098,9.188677552658088
2132078120004385152,,,,1.0279172369238871,0.0143285719756709,14.063773547779531,0.0100816372216743,2.006305489515151,0.0128692575,5.574733727193436
2132086400701217792,7470.0,,,0.9288772253675018,0.01426497290609,12.490319471077385,0.0100684224332025,2.944506143972395,0.009244178,4.835726716935975
2132114850564827008,4270.0,,,0.8269924614975698,0.014771085392969,13.694856170270176,0.0103720281481038,1.3566067206509722,0.01185772,4.3557994995251725
2132127666747169024,4680.0,,,1.0994940639736028,0.0148563816262759,15.183152709140854,0.0102501805818608,1.3559604010373076,0.023082599,5.849444252875852
2132144056342471168,,37.71,,1.8721615218951349,0.0153975844165471,15.240378361441312,0.0100757587081361,3.1467050035753426,0.02327533,7.7344527997865
2132152474478407040,2140.0,,10.0292,1.428364945548286,0.0143411047131339,14.23061020178595,0.0100715844265517,3.4795038883957936,0.014022347,6.94093496734048
2132152916856093952,4500.0,,,0.8008677736407016,0.0142747274599828,12.13923459523611,0.0100759967756132,2.02320174666521,0.010335396,3.66871766152822
2132155017099178624,10600.0,,,0.8347037040623433,0.0141603992351079,10.919003970472613,0.0100032650009662,5.391485144202464,0.010303641,4.577842663795746
2132156632006693504,3890.0,,,0.7932266388988626,0.0145996745573515,13.747442343320104,0.010269207302352,1.4212186151297013,0.011945877,4.513814919586846
2132161785967577728,3310.0,35.19,,1.6380842306196035,0.0145898777910107,15.102386394573523,0.0100693092600776,2.984798451529891,0.020276437,7.4738485854702175
2132177282208543872,4270.0,,,0.8536597545896061,0.0146404104875178,14.660785293876994,0.0102405634430403,1.0833702317522478,0.016505029,4.836604775520906
2132178725317511936,2570.0,,,0.6626909611394421,0.0142834104137611,11.296815043920146,0.0100856733116845,1.870071935283528,0.011179752,2.657399616641996
2132193431285570304,,,,0.7359546817655187,0.0144841903724466,13.696972306690055,0.0102038613147404,1.1945041404585757,0.011246047,4.085941236384512
2132214871762396160,4370.0,,,0.8746572685382161,0.0144103760973345,13.719567495100854,0.0101357884894938,1.8576124696310712,0.011103799,5.065792350664584
2132215421518219392,,,,0.7467515620124405,0.0143270301698346,12.205804640745315,0.0101104183553285,2.9851577259694904,0.010601948,4.580806521745313
2132220334960823552,,,,0.8392784993022813,0.0151214568902155,15.172745961306294,0.010474804651834,0.8212651359282234,0.020085474,4.736517892889797
2132314858600815488,5500.0,,,1.0804528077865574,0.0156949475346059,15.882257633519597,0.0105698228134112,0.8511026147109083,0.027489034,5.539588150958377
2132325200882204544,5500.0,,,0.7995361636110853,0.0143194803228969,12.860735133024566,0.0100996553031035,2.1799246806651564,0.009911588,4.551571365761543
2132326747070439296,,16.19,15.0255,1.9394948926092752,0.0142556493770765,14.183274988544111,0.0100064357069759,6.426685763180957,0.013060194,8.223638967034905
2132614922197436928,,,,0.8059344724984365,0.0151259216179548,14.410352175160453,0.0105760204716249,0.7774480572373641,0.014395527,3.868108679723157
2132623993168462464,6000.0,,,0.8841664539354407,0.0149498660567639,14.752508668317342,0.0104844905144965,1.1707134051292107,0.015865754,5.086805003562111
2132628489996257920,210.0,,5.4214,0.9030688650302674,0.0142919419625917,11.534650365881069,0.010015283750288,5.156671307955717,0.009605819,5.096793685634683
2132652065075227648,3890.0,,9.2824,1.2272163560979257,0.0148190894735308,14.710434383925575,0.0101690933200627,2.1649814593158805,0.016507573,6.389719743691845
2132657390834750976,4680.0,,,0.9216787878734488,0.0150690203577836,14.273355061942254,0.0105675196194171,1.6421655547773049,0.013815042,5.34900214755922
2132666633603904256,2000.0,,10.4035,0.967620532656094,0.0145888519218324,13.700268462870843,0.0101937840059045,2.2775872147714393,0.010845264,5.48589161661992
2132678625152847232,4470.0,,,0.9933743980494396,0.0146983019139456,14.454039136951591,0.0102817429781931,1.4742752337421403,0.016703537,5.2934710399120455
2132681339572129536,4270.0,,,0.9644722880053224,0.0147441479238669,14.706552835923,0.0103102336390922,1.302233132221032,0.017024828,5.28009708642689
2132686356093801472,3160.0,,,0.7013138801106341,0.0145540449357175,12.747796191639928,0.010255623620484,1.5347908179026568,0.012309153,3.6780275845353145
2132699137916968576,3200.0,,,1.2515796230643572,0.015701194740629,15.845354975297283,0.0106856955350242,1.2586610535727216,0.028882492,6.338780712957044
2132709613336959744,3630.0,,,0.71905625075749,0.0143649972284868,11.826621957016124,0.0101347895774719,2.1620781547057852,0.010248869,3.5013127400256643
2132768956905956352,212.0,,9.92,1.226001900888955,0.0142527628950541,12.225692132206746,0.010008990304725,6.539263116035169,0.00796181,6.303222512953404
2132808608042844160,3310.0,,,0.732183884713864,0.0146180186966957,14.00350406208048,0.010266325749159,0.7681746120827472,0.011803594,3.44324812288205
2132842177507335424,,,,1.0745227117979672,0.0157504740147006,15.850572646509915,0.010553932069847,1.0433256547328718,0.029994825,5.933553533131716
2132885161540029952,3800.0,,,0.6749844072273312,0.0142426755292079,10.35647455484834,0.0100588673117149,3.9829861637911024,0.015238658,3.355909252004105
2132939037609090816,3470.0,,,0.7439018443650365,0.0212322005498631,14.823833728339018,0.014586990389108,0.5163127531271146,0.017780306,3.401436202357452
2132984426823383168,3550.0,,,0.8367620789417805,0.0146571164631305,14.330246784588534,0.0102808195651667,1.315664993815783,0.013960229,4.9284448050837195
2133021810218800384,,,,0.936318820795296,0.0154271770014716,14.954699972657355,0.0105540016997237,1.232964687358715,0.019305078,5.410167267657425
2133022669212268800,4470.0,,,0.844726048114462,0.0149708087636481,14.447608140102446,0.0104993391354238,1.093972819298277,0.015693547,4.636301356431375
2133035966431029376,4570.0,,,0.9092314003048912,0.0161241552475656,15.178929729783436,0.0111660839532239,1.0219752376266975,0.02269425,5.232078829436656
2133044040969963776,4470.0,,,0.8749310043650365,0.0279327455251125,15.425750728339017,0.0190014021952803,0.4348636863419822,0.022850113,3.610608125658128
2133056376115838080,4570.0,,,0.7911336067154408,0.033614318975501,15.071821812829256,0.0228968116162405,0.540435481715056,0.021374514,3.7330003936407614
2133080462292772096,,,,0.7526478115109742,0.0370400055150949,14.732592482886584,0.0252603031401176,0.6357764967892243,0.016651072,3.7642698165533393
2133086887563878912,,28.78,,1.6541295343372169,0.0146321155353007,15.444047347680543,0.0101051861422628,2.4276296906418504,0.02393304,7.368189080270555
2133108190601426176,4070.0000000000005,,,0.8274586402911577,0.0147531428655129,13.825541018861315,0.0103709288340679,1.4740834877298354,0.010832617,4.666224355206701
2133124511477266176,,,,0.8917712231240227,0.0154777382844113,14.395315752650978,0.0107906608637703,0.9356847240036564,0.015152755,4.249843099879941
2133127363335546112,5750.0,,,0.7719219185740643,0.0150605222266006,13.27919614313544,0.0105756670397616,1.386297675382585,0.010314539,3.989693538256155
2133132276778226176,4170.0,,,0.8718310019404963,0.0166163452684123,14.585611446225307,0.0115771576748685,1.1530839952250354,0.016041156,4.902556207616234
2133138942567823744,3470.0,,,0.7511913733337664,0.015153883760891,13.273469212736906,0.0106362026200475,1.2800011294804283,0.009398829,3.809534328739293
2133140076439141376,4790.0,,,0.8919746387700678,0.0156256474548054,14.881475356391242,0.0108206992160063,1.0346743840634356,0.019803492,4.951315953417945
2133150418720312832,3800.0,,,0.8057413286175439,0.0159175213291149,15.133798804550224,0.0108668774374215,0.7490211171997471,0.022278076,4.49874547365696
2133173542823321344,4900.0,,,0.972617740821884,0.014886531194211,14.417409546606455,0.0104428294572513,1.5698252946065654,0.015177401,5.39752398207105
2133178765503484160,3390.0,,,0.7215069518538095,0.014990121774914,13.204789431144446,0.0105340698722453,1.027272540497176,0.009939934,3.2648897819530287
2133196151531241216,4365.0,,,1.0981349483335126,0.0160124831603038,12.91612012284538,0.0112093219250898,1.1657921283893238,0.013063729,3.2420589589303592
2133215461704521088,4790.0,,,1.1032601185206412,0.0149451765688536,15.102335092524903,0.010379002314921,1.4528891447245589,0.017580835,5.910475253825831
2133242846415831936,5890.0,,,0.808546929650512,0.0149180546884492,14.071166963666476,0.0104724404439151,1.318750761597109,0.0124660535,4.673175384252913
2133249099888182912,5010.0,,,1.1406523210447754,0.0156267992230955,15.166802824949947,0.0108973143329851,1.4844406726872712,0.019673437,6.024156683242165
2133250405558238976,4270.0,,,0.8421272454661443,0.0149729672759404,15.072355863130236,0.0103898890445898,0.8410968074368459,0.018257383,4.689312952604745
2133259510888931456,2630.0,,,1.592733316844531,0.0154505813696711,15.948742753729624,0.0101556234094967,1.8268293779847464,0.027927216,7.263291296444466
2133263737136893696,1450.0,,,0.8493532900133135,0.0143487096889871,13.038876546780882,0.0101191627470165,2.266402412042486,0.008698144,4.813044760894991
2133285383772329344,2690.0,,,0.7137407041341818,0.0155575837574535,13.925935705960942,0.0109084247587039,1.003217286689224,0.014091197,3.937214616314376
2133309160710350336,4470.0,,,0.8861927929643919,0.0155405837370139,13.26299931125643,0.0108979900492882,1.2274572467942169,0.014453264,3.7029425971003143
2133344104564365184,,35.68,0.6066,1.9319308032275333,0.0148342143538439,15.714243253623549,0.0100520597629663,3.7614086562693303,0.025358912,8.58646393593694
2133344791759137152,3390.0,,,0.8885025267722331,0.0142073714608694,12.396137170032183,0.0100316042406549,3.331432839314311,0.008536742,5.008969300821086
2133351698066484096,,,,1.4164491835859816,0.0142671268929891,14.218622551451183,0.0100369606356654,3.446916990036122,0.014467019,6.905066686384709
2133352385261516928,,,,1.2043257760752435,0.0165066825184063,15.53340399424544,0.0108367471290332,1.2194035993614896,0.024050998,5.961593771488824
2133364308090816768,4070.0000000000005,,,0.883109306525927,0.0339198818815511,13.533280727963575,0.0232421781832992,0.9585434503956672,0.17309473,3.6525014893623577
2133366369675069568,,,,0.8489052443650364,0.014743307083923,15.621265728339017,0.0100814601789449,0.4634711221515903,0.026695123,3.945903963694338
2133369840008452224,6890.0,,,1.273023418074511,0.0142427837816266,13.439742412253729,0.0100287806132658,3.8246356660452623,0.0111216325,6.352857885477569
2133394407221680256,4370.0,,,1.1943041243127983,0.0151540168836684,15.806946040152052,0.0104567997118307,1.0877165388173715,0.027819054,5.9959988289085615
2133404474624835840,5010.0,,,0.7838850851355909,0.0150672865315465,13.364226302111334,0.0105902759119984,1.2757002683126468,0.010936331,3.893745777245812
2133457388621345024,,,,1.0844024664241458,0.0146876961130132,14.951358461280028,0.0102379917979101,1.4639102343346448,0.016825862,5.781403362630165
2133476080319167104,3980.0,,,0.886806969664228,0.0192619531683335,14.953342559358536,0.0132354370991133,0.5183513383493642,0.019836642,3.5224095700030755
2133476355197071616,,,0.5375,1.6664799959595356,0.0142012735412864,11.738639347728991,0.0100030373991097,13.306621280144324,0.028396517,7.360339557535241
2133584309198180736,6920.0,,,0.8261817022349813,0.0145492422482311,13.026940552938015,0.0102445547522974,1.1310556765495308,0.009854565,3.2992391177292077
2133589776693414016,,11.85,11.9859,1.6472734182125326,0.0145472888237478,15.030968982977454,0.0100387537625921,3.15538978624653,0.019152028,7.527210120559508
2133599775377340672,,,,0.7308288857163664,0.0145437448606255,13.31360144656226,0.0102342876249582,1.160487825854849,0.009335365,3.638395437806164
2133609705341815680,3020.0,,,0.7051424503867297,0.014424395415238,12.976156410060844,0.0101698550679608,1.6379710276386972,0.01041762,4.046876140063009
2133611659549905024,2690.0,,,0.7039290199870736,0.0143039725959507,12.115150031888138,0.0100932931977406,2.182216578615671,0.017156057,3.81368432739996
2133767931937168512,5890.0,,,0.8778768320146322,0.0288814875385749,14.719633643848775,0.0196563941448564,0.6042368142049371,0.06889961,3.5858445542071564
2133946843094378752,,,0.2177,0.9292206958782604,0.0144899577499219,13.242429799147573,0.0100697904022844,2.5941996955745945,0.009980177,5.313936403551633
2134719834131370496,3470.0,,,0.7792790601239936,0.0154121417819278,12.717417211956008,0.0108270819336858,1.9348226564924664,0.14576755,4.142658853710156
2134725915805229952,4370.0,,,0.9739210538794268,0.0155943723347019,15.99973701794399,0.0105073416839176,0.6749365198847834,0.067995384,5.1764358656770195
2134726877877965568,4370.0,,,0.7911269367154407,0.0275681368489291,14.520185812829256,0.0188878142355001,0.6714092042562377,0.016491624,3.6531601204470494
2134730897967299968,,,,0.7973540899607805,0.0152139537900348,14.072230523435971,0.0106704512493832,0.935058521965128,0.012409552,3.9289610485725746
2134766460297292032,4680.0,,,1.0133424820146322,0.021307238979352,15.175623643848777,0.0145764788208334,0.4715356482019899,0.021334725,3.5427765854670277
2134776218463088896,4170.0,,,0.8478535218941472,0.0154416238454188,14.841108287444268,0.0106441042712323,0.9470386345897563,0.01653956,4.722281955312528
2134798444914611712,4900.0,,,0.7803597260646552,0.0144604247307276,12.622523676598096,0.0101919454143857,1.489647529481547,0.010421931,3.4893112881361983
2134804977563800064,3090.0,,,0.6786791443650365,0.0289242651055143,14.383230728339017,0.0197949364644515,0.6747983799375818,0.015962718,3.5301120007645945
2134808963293894912,4470.0,,,0.8997545580607009,0.0149200075335026,15.052587349660758,0.0104398872874629,1.253180430118653,0.019808043,5.527161340486808
2134833427427670016,3630.0,,,0.7768378196642279,0.0341904487861439,14.285199559358537,0.0233604397053824,0.6041015318605144,0.013934254,3.1932245670314696
2134837069559538176,4370.0,,,1.0707298884900536,0.0144310119555063,14.055594436364776,0.0101628012918144,2.4356260224399993,0.013847581,5.988013939565516
2134842189160723072,,,,0.575564150109057,0.0165694124712422,13.220330784469844,0.0115663884332452,1.0122714599385376,0.014003325,3.2462494845891268
2134847343121798528,,,13.1415,0.8910013375143135,0.0146331372567278,11.80699985907698,0.0102236783222048,4.436743617782303,0.01423821,5.042601274421168
2134850847813263360,3700.0,,,0.8620893576909543,0.0146803627525496,13.649180358784898,0.0103286648881706,1.3441537074470014,0.013939491,4.285048326747294
2134886100904948608,1580.0,,,0.8102464883099335,0.0147561844169295,13.175805856843915,0.0103769508096788,1.6644395198552064,0.034004007,4.274132258935364
2134893660047959040,3240.0,,,0.7257826150815735,0.0147666303299178,13.050987458594095,0.0103928309930933,1.4746312136119548,0.009723033,3.8954421306167166
2134894690840101376,5010.0,,,0.8624103606715441,0.0304844978112067,14.173123881282924,0.0208577096116063,0.4712745105989346,0.08022734,2.883481869871394
2134907747540447232,3550.0,,,1.2816687574987904,0.0153581395739241,15.876151328732556,0.0103203426496781,1.2995340324796596,0.031861972,6.444184525408131
2134931077802625792,,,,0.9404343944103386,0.0198084129426239,15.294844875035732,0.0136197640144645,1.1043326275962542,0.024307035,5.511280548102745
2134932314753757312,1480.0,,,0.7737508973562702,0.0142744126677664,12.948427690106772,0.0100735873902005,2.3923836044139604,0.011965354,4.840396647625861
2134933208106983168,,,,0.9322865584573088,0.0143426569701094,14.278898689546772,0.0100801527420005,1.4586111063995453,0.014652203,5.098056853274869
2134934273258874240,3470.0,,,0.7437930820146321,0.0407158192907494,15.187123643848777,0.0277200151108258,0.4932905462459994,0.024283258,3.6683940152878782
2134935544568504832,,,,0.8219657597235157,0.0158015988245646,14.924829245089231,0.0110092715262163,0.9134068795038924,0.016886082,4.726792251684833
2134950078738454016,3240.0,,,0.9377811247435168,0.0143750249438286,13.72843906349306,0.0101132401571229,2.0634616776056234,0.011937237,5.301298417215092
2134956572729225728,,,,0.7981386228534333,0.0145554963873573,13.599854999107407,0.0102437012928295,1.238871116996146,0.012443947,4.068338148999823
2134972275129562752,,,,1.3669117668305193,0.0147545100950135,15.81163803735903,0.0101397360031452,1.4541342847292875,0.028934913,6.616198164961306
2135002576119495936,2040.0,,,0.6501571224898963,0.0144813729501933,12.04587121666956,0.0102123458912725,1.8913078660622713,0.011349738,3.432267891590054
2135008387213331456,4470.0,,,0.9323404933069084,0.0151813911510608,15.260521308351455,0.0104263428447664,0.8394474554653374,0.023975091,4.881303271989456
2135019107451751168,,,,0.7868976147983401,0.0148802491664765,13.34205736275034,0.0104639249180054,1.1655111391399595,0.010110337,3.669717837113021
2135025601442520192,,,,0.8908285727422648,0.0155590481337807,15.585092476255804,0.0106766082641457,0.805089461114892,0.023817291,5.0984544415466
2135044568018500096,2340.0,,,0.6589614988269673,0.0150774512392908,13.15323190260164,0.010595284252846,1.1733209668852749,0.0098526385,3.497456689821977
2135051371246744960,,,,0.9029119129976754,0.0146538012230778,14.587798416356334,0.0103037137871771,1.2479713527626028,0.0151202185,5.065631014848444
2135052298959703296,,,,1.6074910492766228,0.014816844996083,15.54050920890861,0.0101936929077434,2.798033030957567,0.023414722,7.77222296456736
2135071712211140608,3550.0,,,0.7256218443650365,0.0455031728992558,14.236894728339015,0.0309952390739126,0.6946647137356505,0.014416624,3.4509270597237496
2135104903719129984,,,,0.9434883965956096,0.0144582380132853,13.405677846425997,0.0101729194591278,2.2651424682251458,0.00985211,5.182660235936943
2135105625273603456,,,,0.876212378395254,0.0154494684194457,14.533694345578342,0.0107861666306643,0.8974643660687677,0.014996643,4.2986017698250105
2135124213891990912,4680.0,,,1.1988382856839592,0.0150256439849731,15.288832570713424,0.0102816219568808,1.4834172923627968,0.022282286,6.137928343801619
2135175478621290624,3800.0,,,0.8516067367645881,0.0149963997897481,15.138809108492156,0.0104237613467027,0.7727979095690678,0.020702194,4.573370751676775
2135179533070399232,,,,0.6999492824264504,0.0142964439627422,11.760417798630677,0.0100871881395179,2.9709892893412424,0.010290783,4.123690281639163
2135184068555793024,3720.0,,,0.8255932374436464,0.0146421998911434,14.817584597198636,0.0102493407669067,0.8686878391152519,0.017120494,4.514270574231627
2135203000771400320,,,,0.7485595520146322,0.031806102371175,15.008155143848777,0.0217229867002704,0.6838297794705853,0.018296441,4.176766499887606
2135220283720198528,4170.0,17.96,,1.8343063311508576,0.0149743248414937,15.838228929244616,0.010094887723475,2.771246489236563,0.028544314,8.04669221353529
2135221108353855744,,,,0.9210277403413376,0.0209239018709183,15.052324505397856,0.0144058077796045,1.1187532162177305,0.023194117,5.290883268600563
2135223204298512128,,23.05,,1.6843516346019227,0.0145955332870881,15.361538551333943,0.0100869948375392,3.151481705730247,0.023735289,7.846959759056365
2135237601028549888,,,,1.1048163467845873,0.0145246730224773,14.719682920370555,0.0101244300039497,1.5534162209662097,0.015777394,5.673256787783647
2135239112857020032,5130.0,,,0.9966216345480978,0.0144722272614399,14.762075582223847,0.0101232780939347,1.4306838441832206,0.01658768,5.530290906329158
2135251791600414336,3980.0,,,0.7921395196642279,0.0212406735068283,15.367235559358535,0.0145675415565104,0.5325872449205732,0.02436116,3.9933723796696903
2135275362382289280,300.0,,,0.8669496092628719,0.015077533907816,14.61193905716321,0.0105259816443666,1.2706911282944608,0.01647661,5.130621956436238
2135280378903961984,3240.0,,,0.7811427162022776,0.0190635745860627,14.814332809645514,0.0131554246018584,0.7566891885659286,0.018190257,4.216848184059433
2135292507890372224,,,,1.0404311414911085,0.014801129356153,14.667349194035072,0.0103619298185627,1.6636033879477454,0.0156319,5.7690173716128434
2135301338343246848,2140.0,,,0.7291132192884255,0.0144726669400616,13.160588086485635,0.0101991558904397,1.870621156995916,0.0095155295,4.519619744901789
2135301441422463360,4270.0,36.17,,2.134338219219786,0.0154115474338577,15.83857959071286,0.0101918575240153,3.3816455896626523,0.02708875,8.481861625306221
2135305805109041152,,,,0.7555839307877764,0.0170450024347408,14.845502268502557,0.0117300075617148,0.7935780858637352,0.044699557,4.336748860506802
2135314184585149696,3800.0,,,0.7172376016987241,0.0144761873989357,11.880060034625409,0.0102079370490935,2.590801726632865,0.007787468,3.9466785625283674
2135354424139022592,4570.0,,,1.0543616066848307,0.0207160698642813,15.642190915434217,0.01425189009316,1.040261813807378,0.040664546,5.723298114232769
2135356142125982464,4470.0,,,1.0049225410959193,0.0181833063651473,15.471089970035546,0.01247044765261,1.1478112001681176,0.026167955,5.771027651195258
2135377135926967424,3720.0,,,0.7928241022297248,0.0230793458724457,14.055446221281484,0.0158932296568566,0.8834086443576956,0.030928597,3.7738334409628553
2135378231142791808,,,,0.7638423009414596,0.0148931665687444,14.67811324513998,0.0104163947715042,0.9713615746887276,0.017119493,4.618089393517009
2135398473324811392,4270.0,,,0.8797344616134855,0.01433913820051,14.184700396883876,0.010074074788138,1.2571909891915225,0.013398663,4.680828651583624
2135427576021495168,,,,1.104857158777122,0.0146342441273864,14.411572689528208,0.0102795950992365,2.2687831175971227,0.0148753,6.187299680352728
2135506706499750656,2950.0,,,0.744667951155795,0.0146132746568293,14.686084331384798,0.0102037326984049,0.8326975978453136,0.017432157,4.284867027444127
2135507084456876928,,,,1.0363111693311036,0.0148784189959847,15.261284842620435,0.0102910891065403,1.2009103588721433,0.02154431,5.6542516093501245
2135507634212719104,5620.0,,,0.9632517291455848,0.0147029817708171,14.232809629772074,0.0103318969749044,1.4532868606073777,0.014060122,5.045535231158471
2135550652604184192,4470.0,,,0.9551291737885116,0.1253278814881919,14.889880871717036,0.0850980586833475,0.544258693389098,0.01782463,3.587988659032561
2135550755683407232,,,,0.82615995,0.0142010585086494,6.0734186,0.0100038569265149,47.353134095842755,0.01712145,4.450378062251571
2135590578620605568,,,,0.6718383898191366,0.0142506550377222,11.631914769581837,0.0100324182761862,2.123601497944545,0.01548145,3.268265806434272
2135594392551675520,2570.0,,,0.7029402852994697,0.0143426537513429,11.995472520971626,0.010117389196886,1.294471249981614,0.009619961,2.5530049030208257
2135595045386787200,,,,0.8801062665555123,0.0148812152457122,15.229486052814282,0.0102903796268336,0.751068186317782,0.021286217,4.622190579987988
2135604425595213440,,,,0.6328703414166686,0.0148570348467322,12.890561333844436,0.0104568591100479,1.0129694262791495,0.0126304,2.921916723029213
2135692661402242176,,,,1.1688154790272658,0.0151078001722229,15.330246578577512,0.0104098041532671,1.2037898996991323,0.028490163,5.746867028566317
2136027771930903808,2150.0,,,0.6541314,0.0143825766598913,5.597351,0.010015029907047,39.346473050187974,0.027984034,3.5719086662941812
2136191736602006016,7400.0,,,0.8315276582690004,0.0158128113043175,13.1824717934001,0.0110794565600181,1.2126018841500965,0.009358741,3.6002222914997546
2136206476929730688,,,,0.6864898067154407,0.0314636854817667,15.113777812829255,0.0214775718474217,0.5778772130819705,0.020372681,3.9211885146136023
2136207095405014912,,,,1.016678956491056,0.0208107679518825,15.69288991494296,0.0141558854063577,1.0102446766875843,0.02504882,5.707321515798775
2136210874976312192,3020.0,,,0.7292826092199588,0.0161034042632572,14.483940091948057,0.0112377326900412,0.7702747576841878,0.016785685,3.922363852434191
2136216647412563840,4470.0,,,1.3866431835696282,0.0170963015088319,15.659751945608804,0.011437919652419,1.7287329994678076,0.024206195,6.841606990885413
2136815881249993600,1900.0,,,0.8044699074830832,0.0141898581669296,9.700132049162598,0.0100038239129304,9.236857308439369,0.010726186,4.527662886446535
2139082524468869248,750.0,,,0.6349944590026073,0.0143120853474655,11.895322163179316,0.010096255154639,2.1029006343327707,0.008892655,3.509376964198829
2139225048663855872,4370.0,,,0.7991246853723526,0.0213095925812,14.786673050263406,0.0146425571415913,0.6871125459908386,0.017886538,3.9831354232589486
2139286655674983936,3720.0,,,1.3436052166088948,0.0144249372243778,14.405301731729825,0.0101275752542426,2.7416471022498428,0.052059468,6.590641100863921
2139300262131379584,4100.0,,,0.8342372962080168,0.0142401881149112,12.56609618219885,0.0100527500423162,2.9278941823425177,0.010493142,4.897900495563281
2139306790481711232,3890.0,,,0.8690287086656256,0.0149251198404611,14.127782543528276,0.0104674963919196,1.2469626277193877,0.013001088,4.606737684346028
2139316308129355520,4170.0,,,0.9362197462292337,0.0157601072621509,14.481365562893137,0.0110126847684779,1.4654765846207245,0.014245644,5.3072657990817955
2141754578242371584,,,,0.6831296667732948,0.0142287596772708,11.505922217225494,0.0100391318787113,2.2099327820074746,0.010375191,3.228693664760785
2143746515354698496,,,,0.726249700540506,0.0146882242191476,13.56304044292121,0.0103310010112901,1.252582140601484,0.019118343,4.044031185876603
2143749504651818368,3550.0,,,0.7957216703092153,0.014226541017311,13.047753020518089,0.0100389383172397,2.0499135571035567,0.009501443,4.603269568348706
2143758128946411904,,,,1.3623182456452974,0.014633311988997,15.3918067721892,0.0100599620796134,1.9021113652449928,0.022625297,6.78860649634546
2144184945615891712,10500.0,,,0.8571468689504546,0.0141524751106679,9.467197042377505,0.0100023165479047,7.961643004572164,0.010116351,3.9720971933744966
2146576589564898688,7930.0,,,1.2118263,0.0171643518449567,16.942257,0.0100269340962998,40.41924035403938,0.050550234,14.97628668787868
2149564787289902848,,,,1.1108847,0.0144327590965595,5.725761,0.0100136391662084,20.150974443450256,0.029316034,2.247285443528126
2151078741786155008,8100.0,,,0.8358461276673982,0.0141620917225584,9.017889023074035,0.0100026138578445,8.59721965394995,0.010699928,3.68935017419526
2154807121292791040,,,,1.1857086010293791,0.0143733699221047,8.485717039254673,0.0101432017099992,1.898971919858876,0.01468375,-0.1182968365770822
2154880616774131840,6200.0,,,2.4610577,0.0142973945578042,7.854393,0.0100191085345856,283.86007601843886,0.021992655,10.119896501035129
2155540255030594560,,,,2.5443125,0.0142081089372188,11.237576,0.0100066714457404,44.58179688816528,0.015725039,9.48348167834274
2158781336134901760,,,19.0143,1.3417196,0.0141677650356509,10.62289,0.010002005406448,17.093602820555958,0.010087304,6.786934104509452
2159653734187847168,,,,0.93735075,0.0141978670151902,8.459288,0.0100019949563443,21.779566729404053,0.017230444,5.149378629274919
2160951157908163968,,,,1.0706215,0.0141733997265879,8.712836,0.0100015910565221,26.26055124723588,0.012364204,5.809383172363132
2168280502430898944,3000.0,104.5,,3.1794595,0.0144451580184196,13.68916,0.0100165750641301,43.48887576752965,0.016030055,11.880932692874708
217334764042444288,4800.0,,,1.0743937,0.0141555969073138,8.534335,0.0100027046757545,30.746840936160115,0.04866933,5.973165094897935
2185044477033336064,6300.0,,,1.1559328259254331,0.0160424663425221,11.797192129431396,0.0112251722159086,1.7953773268784483,0.008194911,3.0663909784842307
2188318517720321664,,142.9,0.2213,3.3413080000000015,0.0143062718017315,12.352267,0.0100142531629611,104.45188926068144,0.026091075,12.446858422276224
2188601779406152448,,,20.3053,1.0830869202719358,0.0171235002082101,13.41340082565268,0.0118955964644155,2.791179367524073,0.011535792,5.644315205010711
2188906825165621120,290.0,,,0.3446520581727726,0.0141616672896624,7.988617315686,0.0100069781060174,6.7044857748746,0.0186343,2.11944770729486
2189711770761074816,,,,2.5777642065855115,0.0145111648692509,14.379271904348592,0.0100183172064526,13.623672246719735,0.014783832,10.050658622426452
2198848918548722304,,,2.8734,0.6823701660568625,0.0141649194776869,8.35929354580839,0.0100030772724813,12.100618396837229,0.016150992,3.773926072285656
2199658670194983040,,,,2.304243,0.0142188306095102,12.422336,0.0100100002090388,23.54451686414418,0.015106243,9.28166582617684
2200501793758177152,6900.0,0.981,,2.7348549999999996,0.0143159771778698,11.656708,0.0100123984401795,46.96511068701411,0.02070844,10.015525748741767
2201556328489610752,,,,0.8609333,0.0141487592260664,8.427377,0.01000100694118,15.526248337443947,0.012965773,4.382544278861726
2207199228316679808,10100.0,,,1.3792662742375352,0.0186436787469115,9.175607116642652,0.0127889077553738,2.134484876288836,0.011839693,0.8210459088328932
2210596444367488384,,,,0.3132501327890639,0.0160297428490074,8.8410171322532,0.0112269910055102,4.3852977202704295,0.014138379,2.051099782143007
2216420110788943744,5000.0,35.65,,1.799062000000001,0.0141706710255382,10.838576,0.0100027527988283,24.947718937461364,0.010338412,7.823650493067557
2220012421430629632,,1.007,,2.6376039999999996,0.0142385276896359,12.201571,0.0100128116356781,48.64613447745198,0.014635871,10.636675902045408
2221164434736927360,10700.0,,,0.9563413569085768,0.0142288930899102,11.719455197968202,0.0100393311418962,4.9535632632751785,0.010465299,5.193976842788823
2222540228723911168,,48.51,,2.8086220000000015,0.0141876045003766,11.75311,0.0100093804825414,62.57762934189691,0.021314627,10.735058759684849
2224458777730383616,2390.0,,,0.8420068180956088,0.0186338213427078,11.921109786386042,0.0128474048216194,1.455704967645522,0.010321572,2.739440907372705
2226107083103120640,4820.0,,,0.6069934968226463,0.0149280156868334,10.659535242719294,0.0105058103543636,4.067086255629433,0.009755902,3.70515470322907
2230429435107258752,,,,0.9867439,0.0141664316051478,9.395268,0.0100010814356134,16.930239189727565,0.01193729,5.538891342745545
223158499179138432,,24.8,,2.4592384999999997,0.0141933420159372,12.186321,0.0100056446745408,28.518630209929984,0.0183894,9.461755329110536
2232494455385669760,,,,1.029643994585042,0.014153538855383,10.62466564050266,0.0100032178766557,10.440193196449732,0.009588546,5.718732447625493
2233231540491361408,,,,0.9281759,0.0141577191511191,9.48766,0.0100009894127061,15.16819904595044,0.011140805,5.392400661326448
2233920659406441856,,,,1.5954351341926507,0.0141871518083874,13.700322847404363,0.0100043963503122,5.444926386670517,0.011462956,7.380069318208038
2239296103032464768,,,,0.6975678005483033,0.0141657114079522,9.397377917270244,0.0100013509406586,8.792559826103343,0.01108875,4.117955752715739
2239684947894267392,4900.0,,,1.2210813413896515,0.015776799899131,11.8293225076427,0.0110581202345359,1.879391505820722,0.010097825,3.1979703695597763
2241587416547315584,2700.0,,,0.7395277578548834,0.0145393329806712,10.460147350478216,0.0102571380512625,3.236006149222381,0.0113008795,3.010848481809564
2241743203599727744,7300.0,,,0.8796440967298768,0.0141653467777894,11.66877557849848,0.0100081311648919,3.831246272047489,0.010014641,4.58527726747427
2242756094328104576,,,,2.8950996,0.0144101133198989,14.616055,0.0100077095986185,26.92786517892837,0.015777089,11.766650166951203
2244830490514284928,,,20.6688,1.222746869089164,0.0142095617062754,12.462448339010534,0.010010239691374,5.347487006732458,0.010205239,6.103430614612829
2245652826430109184,6500.0,,,0.9812813089348872,0.0141598661949228,10.449871770580208,0.0100028257004826,8.735446942089863,0.013237023,5.156145595370109
2248126315275354496,8700.0,,,0.914176,0.0141492112545783,8.782845,0.0100015772345706,18.713092316302983,0.013323966,5.143477157710453
224870885460646016,,,,0.7447357,0.0141615041689385,7.117993,0.0100015277376264,19.3611140658357,0.030648055,3.553407726688473
2251459209896210816,6600.0,,,1.3953020110154688,0.0142054789791129,11.363659606758365,0.0100037203357003,12.133810653515432,0.012314765,6.784421636208409
2253774094189458432,800.0,,,1.805172424747906,0.0141829249688315,13.16559215793244,0.0100020449613126,10.085507089092792,0.009451072,8.183981330590576
2254929887069708160,7600.0,,,0.8731408324778832,0.0143530002786386,12.179168956840314,0.0101325218758164,1.952284091468651,0.008713214,3.632405534344482
2259354802894412928,1410.0,,,0.6503651561501572,0.0141536670120101,10.286621945042311,0.0100055741124598,4.484979162792973,0.012337449,3.542909362751576
2262322556576778752,3200.0,,,0.7418580545342719,0.0148803019459563,12.635546745974674,0.0104664872050454,1.81718660979712,0.010297696,3.931899530210842
2263568371970517120,6700.0,,,1.7419417401599029,0.0737041467358378,15.266475560257057,0.0500562788072214,2.645897405863814,0.023466218,7.379974678979233
2264839957167921024,,,,2.8596106,0.0143604583521615,13.598235,0.0100224002866137,32.8240477751916,0.014032902,11.17924198898342
2265154211335825152,,,,2.697712,0.014334741894662,13.739003,0.010021222779041,24.203349141198583,0.014720247,10.658424186021549
2265406171296997888,1400.0,,16.5196,0.9316823273194476,0.014315743654826,11.206744955920204,0.0100137911587241,6.810213102647679,0.011167746,5.372433330140197
2265446887586501120,1700.0,,,1.4084861440659646,0.0145451090415937,5.900767083942,0.0100121351225572,4.1640565951963,0.028283915,-1.001960505927782
2266490873877571712,,,11.811,1.1960788125945063,0.0142842600960812,11.13618990735367,0.010010852306842,10.997435984068131,0.013096148,6.343085060519753
2268101727131230464,,,,1.0138319147186734,0.0141713976979574,10.85481190438991,0.0100020730151454,9.048267698892522,0.011072473,5.637804422476215
2268372099615724288,1000.0,,,2.031516,0.0142414828250092,12.086019,0.0100065708375905,23.86430630832549,0.013329766,8.974514312858826
2270404997834401664,7800.0,,,2.1775119085621477,0.0144279080872491,14.294835216115098,0.0100086637155743,8.54410245691076,0.016313225,8.95129399118011
2274696151198328960,3800.0,,,0.9320376684804964,0.014157205891469,10.642424790632232,0.0100030659456602,7.991731263753308,0.008841883,5.156462355571959
2275130045974715904,2700.0,,,0.6819339765159536,0.0141615161900802,9.19363123109222,0.0100052136102557,7.1790817386235775,0.010210799,3.47369983385531
2281778105594488192,5700.0,,,1.2568743,0.0255058114322522,2.9429574,0.0100854943133047,72.53830709892496,0.14698927,2.246297668713929
2283857930619750144,,,,0.8315822715460702,0.0141847253915913,11.679851907626755,0.0100146108424012,4.216082306074294,0.011067621,4.802492358976405
228532602782156288,,,,0.77645874,0.0141570859575834,7.5266523,0.0100017113893308,14.81909416879885,0.027500851,3.381061879241708
2288221003213039488,1200.0,,,1.043581,0.0141597250516632,9.690018,0.0100016131822489,15.15818281479578,0.010344094,5.593162490192366
2289304297045379456,,162.7,,3.662385500000001,0.0145708813583456,13.380432,0.0100269566248956,94.11720403613872,0.019581584,13.248822009349327
2289567870599358080,7400.0,,,1.000758390879847,0.0141539703788804,10.463620130760772,0.0100026979036072,11.674683527735704,0.01257269,5.800180173201964
2294170838587572736,4800.0,,17.3425,1.2856460435328532,0.0142563355388174,11.801274710284314,0.010012800835021,8.440962184834982,0.011333345,6.433629926978371
2296342614570999552,4500.0,,,0.777236455492015,0.0147273082647836,11.345701030952055,0.0103744763275691,2.929719068041987,0.012229674,3.676534118024587
2296566567050436864,,,7.4973,0.7651992167469956,0.0142627262674018,9.977080370492445,0.0100213549570426,8.195427084453913,0.011147589,4.545161451258904
2299101254886404608,2000.0,,,0.6623697263121111,0.0144124075772856,11.102565445182217,0.0101681098906963,3.617608255208882,0.012942971,3.893571188623662
2299246592282070400,400.0,,,0.5770380266493083,0.0196163201526947,11.160053110475312,0.0135489307236448,2.3866948213656727,0.010873259,3.0488509388958125
2299942278201276288,6000.0,,,1.0415583,0.0141619525854864,7.2939115,0.0100010387379091,51.176821144995465,0.018420473,5.83923433916579
2300641567596591488,4700.0,,,1.056076,0.0141664479621529,8.141795,0.0100019271781828,35.377498395845485,0.015947675,5.885392725802393
2303332931542914048,1180.0,,,0.7641565299080397,0.014175478404811,10.457458427741994,0.0100143409057262,4.334993081188962,0.01324906,3.641416481493699
2303587361109316224,,,,0.8440153238225067,0.0141549014935625,9.977588227350989,0.0100029757696501,8.902563964059883,0.012630919,4.725155847611459
2307504062045842688,2000.0,,,0.9481342884140738,0.0141564138730506,9.60519856091696,0.010001989185537,12.36268686596484,0.016602186,5.065410655715711
2308834780352875904,,,,1.0401350322081906,0.0144292547298512,12.03340819663986,0.0101816074286706,4.674313578252477,0.022600828,5.3824802715660525
2312679845530628096,,,13.8636,0.8818044350553804,0.0142098487157112,9.61878562203074,0.0100080940475554,11.130426627067436,0.017534066,4.850745951378336
2315343240650059520,550.0,,15.9258,1.8959494,0.0141736667857108,11.820354,0.0100108450076506,19.034098514985384,0.023914928,8.218163617651625
2318295979126499200,6000.0,36.0,,1.4796779999999998,0.0141756945956981,11.15755,0.0100041264802801,15.922568865895824,0.030844795,7.167385279458568
2323985539482908416,6780.0,,7.8278,0.8233271657230489,0.0144440437229981,11.386094012240886,0.0101164843128431,4.2792063404097505,0.020399962,4.5431000821101755
2327000400367097984,9500.0,,,0.7913429698029174,0.0145089205209961,13.64710420543463,0.0101148943668237,1.3957169505260094,0.016576206,4.3752044098716265
2329387852426700800,4500.0,,,2.9302235,0.0152291742930853,14.724859,0.0100244395394683,26.173552196160543,0.032652486,11.814337883373687
2333676738050041728,5300.0,,19.2332,1.9803829,0.014198317042848,10.915721,0.010010982455588,42.088935343344176,0.03240835,9.036720125486
2340155679036275200,4120.0,,,0.7740996706577089,0.0141607073434358,8.097042034985309,0.0100023948421674,10.609762927172724,0.027907183,3.2269814085072763
2340919358581488768,8470.0,,,0.7818369997003032,0.0146182811909491,12.149131340347552,0.0102968319745595,2.1795130996264676,0.018841444,3.846392792839911
2343647384368388608,3813.0,,,0.84299564,0.0141520205445539,7.624324,0.0100022189694411,29.345430489290436,0.032242514,4.961933632712249
2345033662373296768,,,,0.7216710305443489,0.0141499508390458,9.430076943993926,0.0100043298937114,8.825856033803236,0.022471623,4.158440909029489
2345744256120965504,,,,1.1079593,0.0142297827331026,5.656901,0.0100055438844939,18.170646854833542,0.04217959,1.9536965186484343
2351405057377686272,6000.0,,,1.2657423,0.0141511669176908,9.805267,0.0100016803690437,19.3484883120814,0.019766677,6.238863964188509
2353440974955205632,,,,2.1276255,0.0143220228652808,12.776904,0.0100120930208319,15.41699369702008,0.01900616,8.717417505149912
2358022227591374336,,143.197,,3.4199324,0.0143468647999377,12.697248,0.0100201958572951,102.2983983166132,0.035804268,12.746576759381092
2358524597030794112,3800.0,69.29,,3.197069000000001,0.0143147518911039,10.436525,0.0100190805630267,269.1108396503894,0.03366602,12.586107836018895
2359978293137038720,,,,0.7502254120170846,0.0158005012962868,10.82612672525782,0.0147148240706709,3.5005679520761173,0.7095347,3.750461598270414
2362099457224379136,1760.0,,,0.6533849373585037,0.0141646159457676,8.060861900328957,0.0100065214473014,8.483926147507198,0.022603018,2.7053912286694253
2371032916186181760,5000.0,130.878,,3.0309834999999996,0.0142262197087923,12.653936,0.0100188638898352,66.84450972085789,0.047871757,11.778838702004876
2376225982619175424,,,,1.180051444959364,0.0143023946664689,7.753926539643918,0.0100970587389751,5.018955045920697,0.027082743,1.2593769533712758
237640407346340736,3650.0,,,0.7326124424286382,0.0148810469107922,9.669440611080375,0.0104778472027028,5.6434964899168305,0.017170293,3.426308265807668
2382836143445759488,,,,0.7979021,0.0141543980145201,7.907955,0.0100034500172323,16.161800934688646,0.032025974,3.949681966522859
2385171398768647552,3200.0,,,0.9347610175487449,0.0144417646654674,11.956903177350991,0.010130568538248,5.03961924917113,0.013026957,5.469565355459006
2388463203438164096,4900.0,,,1.0594534521721772,0.0141734594882007,7.919774373762344,0.0100047336823159,10.510374890720614,0.032401647,3.0293038979914293
239050153051494272,6400.0,,,1.892697878409855,0.0149266408599148,13.86054658538832,0.0104121377118795,6.62977871416487,0.019389171,7.969281516102496
2391838429257482496,4586.0,,,0.7663841,0.014161588566117,7.607249,0.0100049035199247,21.33980114222837,0.023614174,4.253286518470236
2398227794405981568,3500.0,,,0.8752865349394805,0.0160702454786692,14.161715809605932,0.0111659205339797,1.3306866074439692,0.018272506,4.776307970183508
2405081733281425280,4300.0,,12.8609,1.0849561213254384,0.0141732590954944,10.489749372217362,0.0100034521429601,12.507312015952332,0.01501694,5.975531130796826
2407507535105410944,8700.0,,,0.8598114987440406,0.0145932147094921,11.136865918811257,0.0102598992324356,3.536941807435556,0.024353795,3.877665638446535
241035596174886016,75.0,3.232,3.0443,0.8534224652324519,0.0186043611370383,10.753286117599044,0.0112007201616045,6.767123160366107,0.018151825,4.9052422733468966
2413596935442139520,2800.0,,,0.989191024510014,0.0146589421338993,12.01081771946344,0.0102437139087835,4.973530389715033,0.0149955265,5.493754828957515
2415410962124813056,4770.0,,,0.8751843587676421,0.0143099173414065,12.507172946023411,0.0100965563977438,1.709979555998663,0.021175062,3.6735837197785663
2416782701664155008,,,,0.7591575607326639,0.0144542799118009,10.981702282731408,0.010194896610957,3.9909082355761,0.024708994,3.983862696598843
2418732758551062272,3100.0,,,0.7613921995562334,0.0142279348324137,11.823493147820503,0.0100416786425495,2.354826104286693,0.016136205,3.684689849200554
2424406513428936832,,,21.8323,0.9219979715060788,0.0148839593789392,12.854542624257377,0.0104263035231913,2.7913430140435143,0.019920802,5.080210528238046
2424621502311961344,1930.0,,,0.6937869281093781,0.0146572948486689,12.03720907808305,0.0103265715801419,1.8850204501003829,0.025280671,3.417551882379408
2428162410789155328,,,,1.6902676,0.0141902674133455,9.316666,0.0100048724706906,49.5113860031547,0.01777166,7.790147135533662
2429415922764859392,,,,1.182014846325956,0.0143679513940918,5.7146073090827585,0.0100226014449527,9.045444712285308,0.04313753,0.498812071712198
2430036837596487424,,,,1.4608531929956905,0.014761337554963,8.69902135877385,0.0103867682475529,1.3023794283029004,0.027337257,-0.7254150567002444
2430102808294101760,,,,0.8331771,0.0142031205855436,6.307263,0.0100032808442725,42.76623232887228,0.029850889,4.463069415933422
2433621314222365312,,,,0.989643932634004,0.0145049290031579,12.605136007864962,0.0102105529836726,3.3417921970601125,0.019171018,5.222825539870669
2435647095676990592,,,,0.8139429983241736,0.0146965484787511,11.546450559510346,0.0103481554168153,3.845085177757935,0.018773513,4.4692521839346995
2435650050614494336,,,,0.918902061021042,0.0159084106280167,13.297760893330755,0.011141460903563,2.2153072911305434,0.014124573,5.026199885318226
2437684039751295744,,,21.5831,1.96954049484587,0.0143471724332206,13.14023594511717,0.0100109702697515,10.686334206289889,0.015186987,8.284570688028923
2438623297559630592,,,,0.8584281337218489,0.0150474877548366,12.330012465633263,0.0105869206127536,2.800947902088682,0.013682824,4.568408972132914
2439222638771000448,,,,2.8574630042116165,0.0173613347045465,16.112840244607664,0.0100456663281815,8.965101050057509,0.0582847,10.880341440176156
2439238852271933568,,,,0.819304789905157,0.0148233656634918,12.632283867639634,0.0104266073659347,2.5566542714559986,0.020140972,4.671342456878278
2439325924144650368,,,,0.9490903551960582,0.014876068047366,12.285197042856392,0.010460414139615,1.9597267222006207,0.015157081,3.742791178873333
2439890557725244800,,,,1.64142146525846,0.0147435371479641,14.536665147915071,0.0102532401322167,3.417350309550101,0.028539684,7.20381077975847
2440578577126302336,,,,0.8105302,0.0141674661002036,7.533826,0.0100022399055472,23.83114099696286,0.023837755,4.419458746584257
2441013811932929280,,,,0.6181872350451121,0.0148455255353751,9.803396824577709,0.0104524500057459,3.753892786323595,0.025245048,2.674255886666197
2441630500517079808,,,,3.6749277,0.0142387734043285,11.773832,0.0100224074984495,206.3732852057332,0.04744553,13.34703131563644
2446440348493043968,7000.0,,,0.8175208916182282,0.0141540325263852,9.52728923047647,0.0100050679096051,9.424535093902984,0.021385137,4.400275453536583
2452378776434477184,,,,1.0512211,0.0182904068498795,3.3003998,0.0100599948785457,273.84125311859964,0.17013045,5.487454253542553
2453680078509741056,3900.0,,,1.0837591835972027,0.014316264796972,12.171298194329763,0.010106254653978,5.312479043148825,0.01801824,5.798204541050689
24570756281835392,,,,1.0944683882411577,0.0142017009401407,7.389096804654415,0.0100239555797977,8.489283990456412,0.026445273,2.035544498142003
2462426800883134336,,,,0.98058224,0.0141963568257823,6.2218833,0.0100012222433944,29.823080784613563,0.024518276,3.594239603185099
2471334872292963456,,,,1.6432037,0.0141731086281562,11.215379,0.0100084465614752,16.83549020083752,0.030682458,7.346075386369986
2473055951588089088,,,,1.739438,0.0141696449972053,9.38436,0.010005145405456,47.4172166619637,0.017570898,7.764044058641552
2482820714353923072,,,,0.7338209,0.0141893038292699,7.3656344,0.010005403380476,25.947124369647483,0.028655913,4.43605752562524
2498140931418172416,,,,2.6798067,0.0145994671430254,14.372364,0.0100210608125584,20.414638129881553,0.031905808,10.922786500610128
2498515516990171392,3440.0,,,0.6672569776996918,0.0149135337084941,11.623509097905709,0.0104818498633959,2.487644885175443,0.015805405,3.601661047225953
2500064286492779264,,,,1.1564266947732085,0.0144168782711329,5.093160234566735,0.0100274273104169,12.20348796153236,0.09623004,0.5254814301806086
2501948402746099456,7500.0,,,1.4944267,0.0141965233684052,9.03783,0.0100033519803473,41.85580364133286,0.020829968,7.146666438743816
2505825177666430592,,,,0.80547,0.01417377925539,7.2714486,0.0100027197149719,25.66411415069027,0.029886683,4.318219115927543
2507901914613201024,,,,0.7427605550538059,0.0147926097577297,10.535873611228698,0.0104266633941857,2.850647457299523,0.026486851,2.8122234563163335
2511794495013074048,,,,0.7556186,0.0142943253232646,5.7363853,0.010017311145549,31.485718001564855,0.05664607,3.2274147688305703
2512326349403275520,1816.0,,,0.6895297891931444,0.014247218070541,9.408075427780608,0.0101153732509658,5.322333464930456,0.08260456,3.0383149869369337
2512413932376364288,2500.0,,13.572,0.7820047635198476,0.0145148937843929,12.732442492438643,0.0102241553158959,2.3505424895611764,0.019159894,4.592331200676261
2514360548993901312,5600.0,,,1.141605942357988,0.0141853276955068,11.319278514093106,0.0100152566306482,8.239800336917808,0.021321347,5.899255626149097
2517585931994600448,,,4.1385,0.8024764,0.0146954655949591,8.05505,0.0100470139215052,20.820082032072392,0.033651892,4.647968180582875
252366608956186240,1400.0,19.0,,2.452010999999999,0.0141821543616607,12.28457,0.0100058845131216,26.596876033944568,0.019234827,9.408815046474505
2526925389919277056,,,,1.0708008,0.0141777050440376,9.223693,0.0100042824090388,18.32117911865658,0.024469318,5.538970755692629
2528453161326406016,,,,3.0409527,0.0154157217247691,15.662982,0.010018612040112,18.04489402430104,0.041238032,11.944600889779492
2533185974768028032,6500.0,,,0.7888121928806924,0.0145557551084225,12.844740197391928,0.010255887950429,1.8397412053944884,0.02218927,4.165887306715788
2534388703049641472,6100.0,,,0.902209997659748,0.0142130167080745,12.290984728216808,0.0100403187015543,3.859542038713384,0.01508795,5.22461768413269
2535107508776249856,,,,2.6731182120316483,0.0146420933173398,15.0003292702009,0.0100121686197922,12.271557762267552,0.040076286,10.446376773701566
2535901287452166400,6900.0,,,1.1002680181636515,0.0141844357011685,12.108401267145572,0.0100149464998189,5.937064053382886,0.019081833,5.976688742382281
2536443724641751808,,15.515,,1.6839462419693731,0.0143476478811657,13.047839430784103,0.0100168036376284,8.072067586316738,0.016254852,7.582067267275707
2536584771367726336,,,,0.7633283425427609,0.0144770598893883,12.212851222194285,0.010211817719567,2.521146885695012,0.017995624,4.220962491017035
2537319343919089024,,,,1.141325469567835,0.0141573314978237,7.784098581813612,0.0100062063826205,8.278680831621426,0.024499346,2.373484099683254
2537467988442521600,,,,1.2495040754819569,0.0141695874018705,10.745184921199186,0.010002520682473,13.11272808329874,0.018325437,6.334183190130512
2538051863476537984,,,,0.9598651612926672,0.0142113930065866,11.573954051573642,0.0100367721442915,5.651957516806956,0.018750917,5.334117482635614
2538824923230146560,,,,1.6221102930703113,0.0141725066716565,12.536106741482993,0.0100063560445844,9.320076180639951,0.016371112,7.382417094130414
2546413408888429696,,,,0.7159015220554853,0.0147478148799253,11.384488600004303,0.0103938053738024,3.615259157369836,0.03733014,4.174186221579221
2549087623029238400,,,,0.9057719847263704,0.014272457673183,12.92872070907774,0.010071837334732,2.754822687848683,0.019806905,5.133122139487595
2549096011101118080,,,,1.0747124932758363,0.0143605758255878,12.80102517093132,0.0101347414124822,4.07431265309037,0.017257372,5.85231210595963
2551651031310145024,,,,0.8017768064691256,0.0144788264268458,11.997512482092349,0.0102044599046294,2.541336003846919,0.017531844,4.01642041308245
2551946391916754176,,,,0.7976289198032535,0.0149331488153973,11.55941000635537,0.0105015166339305,3.2619174824221835,0.023166668,4.124119011290187
255397142179844224,8100.0,,,0.9186399795966752,0.0165439924877338,12.204090232449822,0.0115417639941348,2.8536642520261273,0.012002196,4.479445340690678
2554032474712538880,7800.0,,,0.98186016,0.0141537505189056,8.772422,0.0100011577969015,21.17137461533725,0.018696874,5.401058181827997
2556231154370582400,,,,1.3518466859960476,0.0141673241282171,12.0472119064186,0.0100075359411843,8.709087016758565,0.022602186,6.7464559664757715
2556248536102683008,,,,0.7623583549508534,0.0152408429757365,11.941179623138556,0.0107102972148016,2.636771579618539,0.021374207,4.045899141230107
2556428551067486720,,,,1.5819208189172498,0.0155817254412018,6.906820914590098,0.0109012240403982,2.0793683528169127,0.026211325,-1.5275100024438295
2556472119215785728,,,,0.8294459885961638,0.0163352670785931,12.587357170950057,0.0114277044861488,2.597520547096239,0.019530509,4.661207411960106
2557342829345854208,,,18.4719,2.065964543291646,0.0142634179777486,13.762280705707289,0.0100117965286139,8.116801485734578,0.018596154,8.309830821089955
2557541493057378048,,,,1.109889305674482,0.0141624421369841,7.585514715925342,0.010009092466329,7.485294983389154,0.025907664,1.9574646697401583
2559203924574351616,6500.0,,,1.040083680232201,0.0142558270011264,12.90601061429348,0.0100518863922713,3.603749108334154,0.017774438,5.692132841505163
2560311854337920000,,,,1.114172863473949,0.0141787640217823,7.589384591479288,0.0100207782124833,7.542549492533595,0.027909977,1.975913620556108
2562569564026683520,1170.0,,,0.6590282520809698,0.0151646535464215,10.87497361257115,0.0106614352639876,2.6195055890425496,0.023634853,2.9677838826159366
2564324345929277184,,,,2.081727,0.0141666672700626,10.203821,0.0100072100398707,55.29073347250359,0.02136127,8.917122282903662
2564621115285038208,,,,0.8467979902857291,0.0147515435040643,12.74591410313666,0.0103858744937127,2.5000443543666915,0.01466401,4.7357534780653
2564787622577189760,,,,0.8761546233589936,0.0161309870657863,13.39177831702239,0.0112768077075996,1.6171091886520947,0.018490275,4.43987288318505
256580182331399296,2600.0,,,0.9489475297743828,0.020794837412967,12.7328482188668,0.0143623923590804,2.9370610474746153,0.017453816,5.076070208587129
2576563907506735232,,,,0.930660406192621,0.0146570174423506,13.713787310982998,0.0103174224896274,1.6770473808190791,0.019627817,4.838514218268413
2576755978444329216,,,,0.822330762323383,0.0152274270694674,12.904476359329658,0.0106985544534413,2.3759478377695324,0.016972244,4.783467619075598
2577432178095422976,,,,1.284917573461892,0.0146950057465062,14.695764469398144,0.0102633220361875,2.150395305058215,0.02564517,6.360187987411791
2579495171146737280,,,,2.48486231568606,0.0149084469085955,14.792358027061264,0.010015210126961,9.762017954287764,0.034146506,9.737940401750878
2579620343673729408,,47.28,,2.138220228756402,0.0142415723551081,13.294448884960778,0.0100054352836413,14.471628605868782,0.015469381,9.096512216452862
2580505553613124992,,34.31,,2.042843403869315,0.0241534028657312,15.420135047585688,0.0163865457143751,3.7329789311800226,0.040881466,8.279320508497875
2580848395082660992,,,,0.9854505815550212,0.0183717390411212,13.680274922631746,0.0127534888680743,2.0613891226679413,0.019799389,5.2515555737613475
2581741400387500544,,,,0.8217465847333877,0.0165191593859457,11.781290745410756,0.0115433793966603,3.0940520254739305,0.01652667,4.2362524694585275
2581916673708201216,,,,1.174196328150102,0.0173164835990906,13.993381776538572,0.0120490898228384,2.491035694913033,0.020129994,5.974412725962646
2581918597853527424,,,,0.8904297142494175,0.0162488127606298,11.688761931822738,0.0113776986196613,4.320302634227818,0.023259187,4.8648579451839336
2582617711154563968,,,,0.9189371672011672,0.0165053760743074,11.907250033829833,0.011544194479753,4.121847793344734,0.017973354,4.983096220250472
2582898606311167872,,,,0.8922280097680956,0.0150235744485709,12.323146277910478,0.0105646861836352,3.234861522139253,0.0170203,4.8705092186162116
2584093844170270720,7100.0,,,0.7304919839489614,0.014154040013103,9.364971279989662,0.0100039148589326,10.076392416399448,0.018634459,4.381603990673613
2584622022068408576,,,19.4891,2.20119,0.014289073434646,11.216652,0.0100211932991384,35.255445262394716,0.02819187,8.952518482264573
2594479109451475456,5300.0,,,0.6978996305294176,0.0141505636327729,8.115785102633682,0.0100029168852563,12.45657884285678,0.028583195,3.5938741245999672
2594546351459477760,,16.68,,1.7684768192331377,0.0145213804071955,13.920999959745629,0.0101339514423408,5.7816907514131,0.019899346,7.731260938991313
2594869603582993792,12170.0,,,1.3571456671830373,0.014204687020149,12.062536442390838,0.0100334644035316,7.906791517407039,0.015211383,6.552351394482816
2595284016771502080,120.0,4.591,4.5454,3.3034809999999997,0.0143569099161785,11.550707,0.010052109674258,138.2534263262178,0.048167944,12.253720092615524
2595360574179855104,,,,1.064431527816251,0.0141691445266273,7.362491999871724,0.0100103835339862,9.0011958160581,0.031368077,2.1340574313209233
2596888100773300224,,19.33,,1.688788321175764,0.0142095442357913,12.267653346023437,0.0100065570294437,11.974387989167962,0.015003032,7.65892778855224
2596986648798061952,7550.0,,,0.873247171763895,0.0149790140318985,12.4355658726918,0.0105233710364659,2.09729305490555,0.016872387,4.046376320613691
2597119620985658496,7800.0,,,0.9575447595151324,0.0142870663755339,10.925846346628182,0.0100702119962224,7.188809320041119,0.01606934,5.208049917087813
2597400855444243840,,,,2.407281182946228,0.0200209200066509,16.042398130132142,0.0101664429393497,6.2278334917797515,0.049145687,10.011862757964188
2597903091739512320,,,,1.1312188430760992,0.0149035948944281,13.870944429508578,0.0104325554707568,3.214173140240659,0.024153367,6.403856712992136
2597973387468989568,10000.0,,,0.8953831613387141,0.0160236366265922,12.521778949966697,0.0111725528086499,2.09677675958778,0.016813314,4.12798872360286
2598309945401588224,,,,0.8345750518232484,0.0151077597493796,12.778165513773711,0.0105921860904248,2.4361904157121748,0.0188342,4.713043715780527
2599322178998513664,,,,0.9302959193943808,0.0171505969878267,11.95924631995682,0.0119581346840398,4.2947141935512345,0.020041991,5.125400556405422
2599451994385832448,,,,0.7892211948435313,0.0146885362139806,12.45735123864781,0.0103458546625538,2.5698265594303593,0.014545451,4.507634576249549
2599975224481836672,,,,1.101485532588667,0.0143564398155828,12.118971355478108,0.0101298147172622,5.514927533547637,0.019432425,5.824182055640367
2600942622915012608,,,,1.708082880871427,0.0173235589420554,15.884338450381492,0.0107169784250302,2.177107150324804,0.050435536,7.57193517129021
2601048588348190976,,,,1.4111550997534883,0.0149926447120042,13.371924030037537,0.0104901264144882,5.636643300611089,0.015229927,7.1272929408017305
2602237602799035008,,,,0.902758725493726,0.0148079509433688,12.239398018534018,0.0104240767020977,4.043980361612026,0.014530416,5.270168013452812
2602406721431348096,,,19.8182,1.4795465,0.0142391008074733,10.328116,0.0100141468861666,20.093657282632968,0.018871577,6.843617330811391
2603090003484152064,1000.0,88.33,,2.8092843999999992,0.0143925109912258,8.875059,0.0100297688261311,214.0885528743159,0.035619885,10.528053112039302
2603155390066307456,6800.0,,10.244,1.4103970181952992,0.0151532563141521,14.044553377617657,0.0104987842257006,3.818356951916532,0.02045626,6.950301313944555
2605161444735454464,3500.0,,,0.733039371856063,0.0150561223835601,11.282721671657225,0.0105782928964755,3.381109964564264,0.020248938,3.928998619717539
2608279114251674624,,,21.2923,2.3784923422037405,0.0155940617589375,15.159569602902549,0.0101616668859785,6.530495299969213,0.03170855,9.23259119017764
2608811445383136768,,,,1.0726343574241954,0.015813108685914,12.695997602924187,0.0110578044802423,4.216006681481408,0.017224351,5.819348459406177
2609222216055014144,,,,1.17085097486374,0.0163007207628243,10.517620748105305,0.0113906775367971,3.271525719472494,0.014828305,3.0946196326986595
2609566053956741888,,,,0.7500235154726366,0.0160942923556442,12.354716256338763,0.0112473511917858,2.6631997297307213,0.014873158,4.48345272592476
2612301329648852224,,,,1.0443632623517558,0.0149386580727163,12.372162238003718,0.0105046626956125,1.687408486911863,0.014865817,3.505160231274674
2612830229101544704,,,,1.3412975142301409,0.014199168532708,12.032609916773804,0.0100270458594789,8.907684014892713,0.014619201,6.780505000394633
2612881429407251328,,,,0.7878596323278291,0.0146802588105205,12.653233743599651,0.0103234777424213,1.975857777535824,0.017062819,4.129733951185804
2613413008919918976,,,,0.9273252899323357,0.0146451415839731,11.753194308611654,0.0103104951330885,3.744297265019163,0.020075377,4.617776959630916
2613822710144971776,,,,0.9566841079255388,0.0145388235033785,13.835864953228208,0.0102166899452537,2.0843464634953195,0.019764384,5.428844236975008
2613924969021549440,,,,1.234245085617998,0.0144519076613692,13.187442622645522,0.0101584777921384,4.857908645522092,0.016292443,6.62077384098982
2614121364991061888,,,,0.7698316987541088,0.014404619927328,11.929900658394654,0.0101633421434975,1.9999756175192416,0.033373445,3.443877966246669
2614734243939231232,,,,1.2152103674361427,0.0145273387013513,12.63543429299544,0.0101684794923482,5.920430072118929,0.012870975,6.496964025132428
2614926005638892032,,22.58,,2.1514189354543323,0.0154818437603824,15.01933241906409,0.0103228170745971,5.685794510994676,0.032618262,8.792131200289447
2615653023342995584,,,,2.3765469,0.0143756443734542,14.257562,0.0100151601307468,15.084710986798337,0.027662152,10.14976588066058
2616071555020488960,,,,0.7830441195332715,0.0171908003868555,11.6503701888178,0.0119920408381747,3.6796446473433098,0.014703144,4.478962357260977
2616766622463761024,,,,0.8279348798252,0.014212381967031,11.352764540634585,0.0100443845065428,5.288557608773897,0.019857844,4.968261717797811
2618260274650146048,,,,1.206951612728569,0.0149725284226762,12.796222830612203,0.0105269303734753,4.44421393624624,0.017757168,6.036897423175118
2619706544757416192,,,,0.908793,0.0142178109902245,6.3589854,0.0100018692394304,46.88918069408483,0.028253436,4.714357560414754
2621545958991110144,,,,1.1830486570599044,0.0158548489289658,13.68781068915318,0.0110000691882271,3.163548590165782,0.01850512,6.185153745026531
2621784209417087360,,,,0.7762434748717817,0.0154807344126207,12.491804516280476,0.0108520974757855,1.7334897520620884,0.016301455,3.69167391387618
2622296783699476864,,,,2.8937626,0.0151008543265418,14.651917,0.0100285591744687,15.931156577826316,0.03433441,10.663857855286835
2623505219992303104,,,,1.162878,0.0141705223214655,7.812847,0.010002269352637,46.36828137765348,0.023791505,6.144094834130692
2627117287488522240,,,,2.5417328,0.0143499702490633,9.237196,0.0100236697647161,113.4929415072131,0.029997606,9.512043936768013
2630155547353593216,3560.0,,,1.2712572,0.0157351210114491,3.924721,0.0100971760263022,22.127291568710096,0.1301702,0.6490287875099501
2631270761382148224,5630.0,,,0.8932563807554872,0.0662183486919234,13.687328241443293,0.045136228260044,0.0735926832252785,0.1407612,0.3861796476075891
2632278807386060288,,,22.6195,2.091494542226181,0.0143920573198941,13.926183643623382,0.0100481695433511,8.310515020224162,0.022487309,8.525299070499885
2632493590110613760,,,,0.9280660909378852,0.0148307984253082,13.105564916343804,0.0104257723827495,2.5467639265859745,0.020530108,5.13505498415258
2632880927441296640,1800.0,,21.4861,1.012292520908047,0.0149185922501768,12.402407874325544,0.0104797881098217,4.313849623478941,0.013195764,5.578571126574836
2634046753364013440,,,,1.44074819869951,0.0150448665814224,13.879248066038532,0.0104871922373206,3.90528637528947,0.019816795,6.837707607980976
2635476908753563008,,,,4.9018507,0.0405552085988118,15.622554,0.0100981177632444,80.29465612635748,0.07160574,15.145987654152288
2638410646295370880,,,,1.1945181,0.0141708933761679,8.282416,0.0100032411700509,34.73159944504335,0.02872849,5.986268747715708
2640121486388076032,2900.0,,9.737,2.2451075617764245,0.0152324425525232,14.954616899858593,0.0101410061615155,6.213122046998529,0.028178588,8.921416501643812
2641087471777046016,5500.0,,,0.7304081247225551,0.0155257882183027,11.959812211394906,0.0108886816198857,2.958375473322724,0.015136118,4.318747494547091
2642766361608754432,,,18.4784,1.5821697806037118,0.0143065110990743,13.213104940184817,0.0100672543206857,6.188503703967312,0.016870178,7.172372585656129
2643842302456085888,5465.0,,,1.5739202,0.014168328875556,9.840704,0.0100038391640419,33.76210211174635,0.016869696,7.482889695469027
2643952940813536768,6300.0,,7.8808,1.3827162,0.0142408230609088,10.718701,0.0100068378194856,16.16686393685726,0.01758546,6.761894723749087
2645727449501559680,,22.56,,1.777832915424259,0.0163462417271878,14.934197886851672,0.0112638270224837,3.5474943529533864,0.030522017,7.684969032200492
2645940376800212096,5500.0,,19.567,1.0766525,0.0141492113362964,9.936927,0.0100016120821174,16.004408715165496,0.024424372,5.95789367293415
2646280705713202816,200.0,,10.5771,1.7551451,0.0144528279968754,9.039198,0.0100255499069631,48.0017361232799,0.023589477,7.445288215976349
2648914040357320576,11900.0,,,0.8883376,0.0142680131612635,5.9967427,0.0100060789085735,49.822025496207466,0.026320018,4.483492697147101
2650902026099857920,,,,0.746953,0.014183739451031,7.649274,0.0100049278031603,18.230216574643293,0.106383786,3.957204057696554
2651117427299894656,,,,0.8348900512532735,0.0158656958038604,11.723688818738092,0.0111223894941298,3.813630411097832,0.013766555,4.630180822639037
2657135741633337088,5500.0,,,0.806623126018462,0.0158188988575953,12.54961058079556,0.0110680840358062,2.197622511032486,0.0177413,4.258454552268448
2657374606238804992,,,,1.0656058686521244,0.0145703034615386,11.790565238175608,0.0102627552629028,6.4778481501194385,0.016533863,5.847026924800884
2658974606111711488,,,,1.219346,0.0210552385592932,3.4492388,0.0101595528121345,24.234758360183935,0.29674932,0.3731500479770417
2666015878575546496,400.0,,16.858,1.0921560298073496,0.0145962316515956,11.939585635878933,0.0100975508184036,5.758697402811745,0.013378436,5.741664033758681
2667434008056899712,,,,1.1590718751442897,0.0143332427799543,8.065528801425774,0.0101192342969341,6.799767883159931,0.026961125,2.2277309316506795
2677447294810845824,9700.0,,16.2215,1.1143497416691313,0.0166303105666828,12.03683770502892,0.0115181831000778,5.8376106923784885,0.019667415,5.868589413677391
2692455319291894400,2000.0,,,2.4803886,0.0141840707869827,10.861241,0.0100069262185358,56.73715494728726,0.021731513,9.630629918389603
2700166125618717696,,,,1.0407388437463554,0.0141608779518691,10.480748012387105,0.0100070339482184,11.97472188076159,0.018443739,5.871535438981388
270260649602149760,,,,3.0054188,0.0147950216821657,15.305622,0.0100118793104506,15.531491112134056,0.03451165,11.261337708240204
2723557788822526720,,,,2.4598026,0.0142492972490117,10.90822,0.0100114261512995,62.92181781368041,0.022343399,9.902164964927715
2726339892542980864,4300.0,,,0.7722441522863746,0.0152946336349078,12.345521431728692,0.0107306931796967,1.9861681965733071,0.014856018,3.834949898420499
2736716262948031872,300.0,,,0.7831393063114039,0.0143173065964588,10.965542624163916,0.0101051174012331,4.584565257304802,0.013733097,4.270735832999652
2761142326076104192,4400.0,,,0.76487446,0.014175643375139,6.96189,0.0100021238255249,19.81725337068491,0.021733744,3.4473859431467435
2768048564768256512,7000.0,81.17,,2.603318,0.0142224266199535,11.399355,0.0100282954577377,82.21998438137908,0.032552015,10.974370409877231
2768172019308167296,,,,1.1006167231238149,0.0144589554731631,8.105551764030727,0.0102003756124985,5.237675564189012,0.034112625,1.7062657617910857
277493615044741376,7110.0,,,0.8235224535977521,0.0189904761463707,12.382350408689168,0.0131410412553373,1.938095788082567,0.03903179,3.8145549720373193
2775311010868306048,,,10.2013,0.875812938292167,0.0142454939902865,11.202342496228862,0.0100608144742806,5.892887062181815,0.022809356,5.053491127281907
2776823148594090752,2430.0,,,0.6398045902464887,0.0155380513927462,11.416600692504794,0.0108984691266591,1.6998981257127987,0.024401132,2.575870385328365
2780169409154216448,9700.0,,,0.8256931260928779,0.0160271197415957,12.323272949121744,0.0112188472346585,2.116086112080519,0.017794723,3.951324475565521
2783854903410922496,,,,1.4793758,0.014159311486633,9.393888,0.0100020870717694,31.27373989096664,0.03216879,6.869445483986345
2784120641627589760,100.0,,1.0385,2.526103000000001,0.0154086760001845,12.956993,0.0100594056443753,21.03530011208544,0.026021266,9.57216566081363
2785466581298775680,,,,2.5960932,0.0144246912488774,12.104721,0.0100216176444895,40.46193163439072,0.035940945,10.13971733217378
2790691147020786816,3100.0,,,0.6352246532532756,0.0151783124045055,10.602722452437856,0.0106703889392408,3.5569000908868973,0.017232243,3.358482064001432
2801366000472903040,,,,0.8910851628951685,0.0141450445056157,8.525454932504328,0.0100011338391345,12.338597633767684,0.019487582,3.981836317450035
2802397960855105920,,,,1.0181041,0.0142231719748058,5.6543193,0.0100080552558013,90.06237748583028,0.048158985,5.4271213950900075
2810597431380568448,,,,1.175343807706681,0.0147972609241857,5.582254128282255,0.0100223070481449,9.480111259359472,0.05652834,0.4698003904778645
2817634821194781824,10165.0,,,0.8085041,0.0141495031941744,8.753533,0.0100019259533765,15.49026319927057,0.015558229,4.704296011658251
2824770686019003904,,,1.0673,2.6609464,0.0147155180924516,9.043998,0.0100270016893732,159.71247003721854,0.03412789,10.060665978566409
2824958015312906240,,,,0.795764317692523,0.0141520040274965,7.894425105470704,0.0100020376422109,13.821940581850384,0.027776806,3.596234332551852
2831084391023184128,,,,0.7976454131228627,0.0296884399676702,11.348893572285563,0.0203395320418605,3.953676002195195,0.019700328,4.333477472138913
2832463659640297472,30.0,,,0.39385462,0.0149846002678265,5.910741,0.010058341750353,24.501954706516088,0.045453273,2.857640826161564
2835207319109249920,,,,0.82859325,0.0142633245794263,5.283212,0.0100212251575956,64.44195719179481,0.07709389,4.328514650499993
2837047214379099904,150.0,,0.738,2.6473722,0.0149951672216107,13.553574,0.010045347104651,17.346985944235893,0.032108523,9.7493775249218
2841043011433969152,500.0,,,1.5392499193826752,0.014165313207156,12.301537532428403,0.0100032627735084,8.628106214735501,0.013960018,6.980697977669383
2862328869351558272,4360.0,,,1.129496240768213,0.0141697133485251,7.271521442048717,0.0100011307374713,11.389722700774485,0.021024931,2.5545215084595414
2862548428079638912,3400.0,,2.3938,0.699383264249757,0.0160650627822486,11.431283554946871,0.0112500255705287,2.658680275642823,0.021756463,3.555231185683322
2868528637464028160,,,,0.7771424895714061,0.0152315859048352,11.852467463612202,0.0106935673472418,2.3576584144737316,0.019385027,3.716555970190166
2872039996566868480,9800.0,,,1.849696771875097,0.014241405454435,13.603106687916348,0.0100429890142465,7.4925441697834945,0.020227704,7.97729584716566
287622247440034688,,,,0.7452037227462334,0.0141517356011538,7.609679549435298,0.0100016665238495,14.106768171681455,0.021746337,3.356692756016705
2878641361300809856,310.0,,,0.7490857060264979,0.0199064209603285,12.571955195629316,0.0131780798047927,1.606015639544319,0.02184214,3.600186256705181
2878923523472328704,1690.0,,,0.7044764004695682,0.019304853020803,12.67801459435954,0.0133720564138128,1.5529248771585409,0.016854033,3.6342354816028006
2879455480942629248,,42.2945,,3.0106409999999997,0.0146200524882777,11.167953,0.0100450601629061,119.62007519811952,0.05627809,11.556948701832448
2881784280929695360,,,1.2187,0.6106018671085781,0.0194476145590498,10.434357503652947,0.0134844634466417,3.70831138949412,0.014410827,3.278642940157006
2881820324294985856,7000.0,,,2.0980278407516524,0.0142547653243652,13.818424476641775,0.0100346692320019,7.707712946022403,0.01703881,8.251753335560462
2885350546895266432,,,,0.931372617885972,0.0144061890845597,14.43347331189354,0.0100872127444585,1.3780020996332598,0.015135569,5.1264653159373275
2885863400349980288,,1.7135,1.7157,2.039917000000001,0.015279823882546,10.217176,0.0100782002030137,44.74035573900521,0.012843281,8.47088598881346
2891248292906892032,,,,1.0242090974513864,0.0143919970617083,12.889418845736428,0.0101478508805499,3.606282183661888,0.012842571,5.671503321241238
2893174259322992256,,,,0.9062686,0.0141500854248775,7.893656,0.0100013291373069,29.1470635676478,0.017152062,5.216696943074552
2894378838731535872,2070.0,,,0.5573897820146323,0.0210941786916221,13.100052143848776,0.0145751449392085,0.7422738253291566,0.010571002,2.448593606596482
289464440515102976,1200.0,,15.8638,0.9512915624436462,0.0151353431723234,11.773343927912922,0.0105878607223781,5.2041819422869455,0.019063037,5.354351052041148
2896745747966986240,,,,0.9352789,0.0141481969301047,8.781013,0.0100006413132112,16.031745673399417,0.010577332,4.8058511781660975
2898239468873596800,,,,0.7916875,0.0142123556656864,6.221316,0.0100024594328943,45.692030401815,0.016567014,4.520701511118904
2905983466705521792,8600.0,,21.9514,1.053813133087577,0.014388991044316,13.374063100256896,0.0100840394303793,2.793369351392292,0.011131991,5.605808522725054
2907577758566408960,9700.0,,,1.1759857410537031,0.0145789691680885,14.128173473828989,0.0102573829380399,2.3078657562195293,0.01283496,5.941014807241938
2908664557091200768,,,,1.2195377,0.0142114408109231,8.79872,0.0100051200247885,30.66811067430715,0.014111083,6.232190782644033
2910755484609597312,9750.0,,,1.039860630536949,0.0144169461706427,12.86127833509359,0.0101650490992631,3.463340472798696,0.01202254,5.5575081028862705
2911987212510959232,10400.0,,,1.3036776314137335,0.0190350891192866,14.305141213039796,0.0103656289510225,3.9077934898542495,0.1759164,7.163608643940085
2912264564319611136,1400.0,,,1.0445952326571686,0.014154125133434,11.245263911541178,0.0100042670777674,7.708339140454683,0.0154644195,5.68127363422442
2913482170369046656,3700.0,,,0.6539331884492292,0.0143765957202296,12.399827799386058,0.0101475522978315,2.050181838996896,0.011735777,3.9540434833416622
2919151080524391552,1340.0,,,0.6471027724880327,0.0145299142223353,12.53292685785244,0.0102469756705443,1.4233052219613065,0.010625589,3.2973476220370443
2919760965880144384,,,,0.85983324,0.0141540761561586,7.4613996,0.0100015035687429,26.76593805531063,0.021677667,4.5988109913874595
2924661867160818304,,,,0.6463096929486332,0.014441028139273,10.129657972969666,0.0101944063712143,5.024491650286569,0.012843755,3.634173798576736
2926039005480063616,1520.0,,,0.6312141607532128,0.0143092091071689,13.170998002988584,0.0101024057173457,1.293942700447222,0.011656371,3.725827064217663
2929750922377138816,3800.0,,,1.0314869851801125,0.0148156680933478,12.203402604859829,0.0104351901137007,4.519831052782409,0.010952936,5.479333524151823
2930141657016297216,3300.0,,,0.7318890211684324,0.0169975284225656,11.204585739956158,0.0118652536158044,3.1664173348531435,0.017940655,3.707401180303295
2937583121652951936,2100.0,,,0.9798955221557458,0.0143556278086533,13.253826570898024,0.0101278471151457,2.4242609132205555,0.011157941,5.1775691864717786
2939555954755196160,4300.0,,,1.2523794,0.0152047050700902,3.673236,0.0100280876218954,48.86494722564029,0.13230371,2.1183551395524924
2940856402123426176,,,,2.0742784,0.0141570772814681,7.3134713,0.0100022844774658,173.5929708323967,0.017049566,8.511104624382845
2942084865853011712,5400.0,,,0.6687409674525302,0.0150987229864361,11.549954678983164,0.0106248548143644,2.5997008811169207,0.02293529,3.624491996283613
294517800251711616,,,,1.725111,0.01417951354935,9.477474,0.0100030369433102,41.91368513398647,0.020880979,7.589267395150113
2951804033248308480,1610.0,,,1.1485000624611952,0.0142319716481273,5.843265910367755,0.0100053284051943,11.93983182148848,0.020841284,1.2292268398345545
2955981936912654592,3630.0,,,0.7666234921237183,0.0141545161246102,7.912048135316256,0.0100016591406608,11.17556592093882,0.018180376,3.153260992305343
295713106830535424,133.0,,1.0903,1.5686216,0.0177837110898911,10.291925,0.0102508627799112,26.523051403319112,0.018403804,7.409693351761458
2959177048983750016,,,,0.6391662651800408,0.0159145771208925,12.033359749460177,0.0111576640626951,2.096353092186636,0.009373968,3.641021412366406
2966316109264052096,,,,0.8863406,0.0141506346419037,7.3360686,0.0100010269872985,42.99484488775852,0.015513696,5.503538612004829
2966680597368750720,8100.0,,,2.0219055562420776,0.0142795362479062,14.34108682052058,0.0100161543209579,5.9326486360802715,0.018947652,8.206258319150587
297045096447719040,,,,0.7193427,0.0141631353582209,6.999839,0.0100021590412756,22.34261269483384,0.021759583,3.745569322000661
2972622770521857664,,,,0.76516247,0.0141465858074041,7.3467536,0.0100009824234893,26.097533801468796,0.016543854,4.429765332799461
2974906868489280768,53.0,,3.4005,1.129039971217587,0.0147649237853446,11.629299226611808,0.0100503585986038,6.627950607911219,0.015041716,5.737033224907796
2979590513145784192,,,,2.284771,0.0141540119869805,9.938216,0.0100026352094808,83.72106733704628,0.015969025,9.552331222733995
2980392087185289216,5000.0,,,0.7426669808444957,0.0155864834192077,12.409497303598808,0.0109361086970571,1.9803144394057248,0.011888495,3.89068792347072
2984391358868786816,7400.0,,,2.1175769809074945,0.0142774864972909,13.417013533743374,0.0100089622006378,11.072011782106758,0.013049633,8.637700117090922
2984582227215748864,10900.0,,,0.9705552865667594,0.0141481323378621,9.78329201968807,0.0100008083524368,13.356695447035696,0.011669718,5.411417124021034
2986593268342544768,1880.0,,,1.1544839266953135,0.0141508981782446,7.025912742282331,0.0100007865632264,9.518341939297182,0.018845784,1.9181438436355025
2986948238799721216,2720.0,,,1.0881297650899229,0.0141480894412403,7.725427217568884,0.0100014447097249,8.29410150328463,0.020218085,2.3183475734029724
2991284369063612928,,,,0.8869541268193799,0.0143407127945001,11.272963676417652,0.0101239495897991,5.160583401849161,0.015781043,4.838714465002399
2992025233741516928,2700.0,,,0.68026924,0.0141692835909037,7.159053,0.010002023330486,18.44436042029209,0.019203775,3.4885087002210877
2993561629444856960,11200.0,,,0.9816456,0.0141452868213174,9.282243,0.0100007632207218,14.728987337649489,0.015934374,5.1231624867210055
2993658970584498048,5200.0,,,1.1272802,0.0141468379909907,9.842557,0.0100006738784314,16.534822615310645,0.0143279955,5.934378814214565
2996776253547606656,1900.0,,,0.6411546360262061,0.0168141575603678,11.816609660834567,0.0117354485187688,2.2923038089137187,0.015972052,3.61838731077396
2997312063605005056,1400.0,,16.4422,1.9497011580190144,0.0149114452945804,14.427078950549642,0.0103962930896027,5.332039385108596,0.018554043,8.06174198411521
3001428566419966592,8400.0,,,0.8187332,0.0141784436332213,7.5437074,0.0100020829305363,18.925860035999772,0.019065894,3.929266014229607
3009908378049913216,,,,0.73616266,0.014809542641749,6.209527,0.0100448153696989,37.277872126511255,0.019471643,4.066804814895459
3010759262610139776,2200.0,,,0.7060880615175532,0.0150006948112137,11.302027057354357,0.0105527975732705,3.020633314721995,0.019716436,3.6990647269858954
3011005587574818432,2009.9999999999998,,,0.7056093,0.0141585614119972,7.8626676,0.0100019933837591,15.998795832084264,0.021173496,3.8822747797581822
3012677738601895168,6072.0,,,1.0179991297591515,0.014166509431713,8.045659819321964,0.0100028473647524,11.05375297675362,0.022434948,3.2627988216967942
3020494716521521152,4700.0,,,0.9425846213430882,0.0313536600261415,14.975226762565852,0.0213524618679958,0.5625299264843598,0.029968427,3.702982355905574
3022099969137163904,4400.0,,,1.698947,0.0141654558433755,9.110044,0.0100030643324585,49.27703037139682,0.018503986,7.573082180301803
3022644120017418496,3500.0,,,1.0035075457228224,0.0149648441203054,12.044151292192026,0.0104910234744994,4.6194291770935285,0.018512016,5.368612249510393
3026325426682637824,,,,0.9294298951638608,0.0152643991989654,12.89809128664476,0.0107131996865009,2.747579824992596,0.014753848,5.095154872333524
302956655074266112,,,7.5601,0.8163824,0.0141495104539786,8.217399,0.0100017661030086,19.95473520600743,0.041259553,4.718148270041423
3030262468592291072,,,,1.297547865550324,0.0166668262627731,9.549314034186938,0.0116415932875131,1.1000099484224817,0.014031752,-0.2557939283082966
3032656414642552192,1100.0,,,0.7725151355872728,0.014663163400114,11.30917963554082,0.0103266489532198,2.9916378520355984,0.01664845,3.6891691420793937
3034394776886475520,2700.0,,,0.6842073914826318,0.0166451391054981,12.295589745955922,0.0116290480042194,1.8241095726632577,0.014645801,3.5976307368013067
3037245604373149824,,,,0.86571455,0.0141537537819854,7.539187,0.0100023764673346,31.77464043727319,0.02095711,5.049420915778686
30398648945512960,11000.0,,,0.8587675,0.0141775850656224,8.600837,0.010001783780806,15.693174873396828,0.023202315,4.579303689284565
3046327742219111808,4700.0,,,0.7446353158073754,0.0157853657739356,12.333011886857188,0.0110416951038609,2.223136046316638,0.012507951,4.06920625459944
3046930579529070464,1700.0,,,0.7210629930978657,0.0149253173936011,12.095282260906092,0.010501227045954,2.422193023493014,0.017943338,4.016126252409332
3056551894686671616,,,,0.77148724,0.0141935042870638,7.579918,0.0100023175985489,20.31800576509927,0.02370854,4.119394192018619
3059948148669499008,,,,1.1834745,0.0141615243037638,8.716114,0.0100027891128714,30.100180829628073,0.020647477,6.108786659876597
306410392895767680,2550.0,,,0.7204009377680511,0.0155748991664393,10.00075625534865,0.0109294705680448,2.8096589699662315,0.017610084,2.2459206193050782
3068540350999693952,115.0,,0.6436,0.4107299,0.0147862730011024,6.9187336,0.0100485362355517,15.20872644933498,0.02105545,2.829676401483682
3070964117005132416,1200.0,,4.754,0.6548353246980887,0.0143028628409274,10.88786915468957,0.0100953642181316,4.005685541481281,0.019011129,3.9019865867486168
3073443760538892032,8000.0,,,0.76684,0.01415866557129,7.3260283,0.0100017473578109,19.289285931237945,0.027069662,3.7517471977689185
3078836109158636928,,,14.0727,1.011894426179581,0.0143499085156669,10.57882936817358,0.0100180092285623,9.995085038362104,0.014893563,5.577986435923714
3080104185367102592,1270.0,,,0.3081397134216605,0.0142274422681596,9.762949103485932,0.010053118128968,3.013199239605465,0.019167325,2.159961586571649
3083043390405346432,,,,0.85019684,0.0141593116300896,8.091827,0.0100021901637907,18.796015689475105,0.031198407,4.4622798632651115
3085216850017388672,6700.0,,,0.80867569901103,0.014331935337981,11.365905522323736,0.0101198512130783,2.7005532425243826,0.02196043,3.520642544926231
3087206553745290624,2029.9999999999998,,15.1992,1.4585266935190335,0.0142472633103716,11.273922125633216,0.0100180369449363,12.874242660536083,0.023369817,6.8221171347608855
3087964941891149952,6840.0,,,1.4506507838484335,0.0144836158639895,3.971805128223763,0.0100820799823898,12.554493116871662,0.11418241,-0.53201598263911
3090083696499829376,102.0,,3.3373,0.79672813,0.014419645551548,8.55769,0.0100212369668002,16.957832041379458,0.01680274,4.704368146911952
3094290054327367168,,296.2,,2.693244,0.0142131977259041,12.454006,0.0100116856968879,36.61883915816239,0.024273736,10.272846343154832
3094733088793018240,3500.0,,,0.7064861504512988,0.0144573175834999,12.258555926649093,0.0101754041482224,1.930465790750988,0.021286793,3.6924864385537486
3096441729861716224,,,,0.6697646009115394,0.0143568956941977,10.29413602777047,0.0101385955837224,4.833737564557499,0.014766899,3.715546166644394
3098404220680931968,1850.0,,,1.5982050912123278,0.0289438422290372,2.9996633333329945,0.0102204723590626,10.133057897316668,0.3141416,-1.9839400006350283
3101145195794755072,4200.0,,,0.7141301060684202,0.3557751396844027,14.994112160987855,0.2415018183359579,0.5432387385978904,0.037418734,3.604971381868753
3101382419728401408,,,,0.7172642,0.0142439292507475,6.1631103,0.0100040665695333,33.45313618696486,0.022295132,3.785205592197501
3101974231859723776,1635.0,,,0.7483160842938597,0.021201630322301,14.570466943602554,0.0145599187526004,0.8391645877873196,0.028999835,4.203196930430325
3105404467618982272,11000.0,,,1.2633473654175231,0.0172814268611931,15.085747032480452,0.0118192408987709,1.6919383690753942,0.029371696,6.215853127735922
3105507886130792448,,,,0.6663048015322212,0.027561288278075,13.248836881619669,0.0188867205339659,1.3426114915494622,0.016687661,3.8908512498247614
3107255598526406912,6300.0,,,0.8711361004047563,0.0479971016343375,15.018014499320469,0.0324303451418179,0.9171825887138828,0.03150511,4.821555234179911
3107267177757848576,1800.0,,,0.992073901078866,0.0142258266112165,11.514427323610716,0.0100243222859825,6.301301809898366,0.013850894,5.510798961347518
3107471240236703104,4100.0,,,0.9210680311817068,0.0258173085939991,15.469440692257546,0.0172626333415215,0.6445990713823837,0.08104171,4.416132090612557
3113201890547554432,1000.0,,,0.7117542995319499,0.0191218427739142,13.45675301837944,0.0132485402822343,1.4053707274878235,0.015738564,4.195885946134908
3120002649138831360,5000.0,,,0.8635277452341741,0.0220766307333106,13.236260648643494,0.0151312451679079,1.2321466808867236,0.018072695,3.6978916749219857
3120058170178779392,,,,0.9017388153947602,0.0737213326273902,14.507784505439384,0.0500491595462557,1.3199507228731575,0.027818222,5.103637198168936
3120122805143587328,,,,0.9330063572920406,0.0615583669449728,14.084049953034915,0.0418444420047517,1.16426400479844,0.021966679,4.41725899004512
3125611120515388800,6900.0,,,0.7366851919693959,0.0177529274976037,13.78451987473088,0.0123318591967085,1.1968033167416785,0.018794024,4.1735623656086425
3126717023056016256,1280.0,,,0.7377443469536119,0.0145657592319837,10.037413382436805,0.0102658348651294,5.417777064570069,0.02486925,3.707214781931732
3131777319158581376,,,,1.0036206,0.0141830081376682,7.7071633,0.0100023077471166,33.911005066794104,0.02242616,5.3585964874058
3142847477107193344,,,,0.3955749796203641,0.0143222029160459,9.874692872785635,0.0101014689928904,3.42497583716934,0.020301534,2.551280259446157
3145754895088191744,6600.0,,,0.88799286,0.0141485729325496,8.403595,0.0100014639466134,20.50303290146038,0.018980445,4.963134060484768
3151961363348862720,3370.0,,,0.6598682160120767,0.0144594150170461,11.660864964245832,0.0101994220237784,2.0869604913381337,0.04436442,3.2618351697886325
316706322857704960,8100.0,,,0.9461209991131908,0.0156551041426685,13.190409987409945,0.0109487854070459,2.289923186968668,0.01659399,4.993174531436077
3167323052618369408,,,,0.6228072721159498,0.0143171409170623,11.620852136003592,0.0100837211794073,2.4694069408034314,0.014783522,3.5827258462708382
3169225963647395712,1730.0,,,1.2637890806213483,0.0150730017022535,5.136956773874682,0.0100406279110747,11.364446566997604,0.07642153,0.4158316930187871
3169391577586325120,,,,0.6150151638285658,0.0160797587465359,12.191018187314135,0.011253884453969,1.445394155064673,0.014015782,2.9935128717398474
317350357498173312,,,,0.6210618,0.0142669067188515,6.237758,0.0100034288556484,26.241867010753925,0.037020244,3.333564386948674
3179036008830848,3000.0,126.2,,3.3437219999999996,0.0152674980875968,12.101368,0.0100646827650017,116.2767224339716,0.042744365,12.429014593682137
3179384931394690304,8300.0,,,0.8646507,0.0141627944015883,7.639983,0.010001757085286,25.51190463068714,0.020664526,4.673669694903638
3187115498866675456,,94.75,,3.032749000000001,0.014608032740556,10.649305,0.0100273024858855,186.0979147935913,0.027749853,11.997973118743497
3188395880157173120,,,,0.79171896,0.0142885906734858,5.6183434,0.010008619425059,38.27731081381663,0.039893072,3.5329688468574068
3188967248247014784,950.0,,,1.2198012911707028,0.0143852378535973,5.32164607078374,0.0100159335849891,8.728701662713899,0.052670456,0.0251759011359036
3189306030970782208,,,,1.987297,0.0142158540746448,11.722184,0.010007029060923,19.12006245313887,0.02011972,8.129400647220814
3205095125321700480,,,,0.39529133,0.0142569488827658,5.1411705,0.0100220820880501,33.471024482218205,0.07770842,2.7631483081055848
3205907595694244480,,,9.4989,0.77391624,0.0142046340079933,7.9140706,0.0100050140968956,20.159203414684303,0.028754521,4.43617768740386
3210444215030339584,710.0,,,2.3767157,0.0144251868964358,12.53426,0.010014793456675,22.81101916554697,0.01994579,9.325128344121472
3211188618762023424,,,,0.741661307896514,0.0155925401440389,10.791317222591646,0.0109444301776309,4.967857283399812,0.016007457,4.27219049474988
3214129537488896896,,,,0.88265705,0.01414495882448,8.813305,0.0100011122690978,17.92876144331086,0.019579327,5.081289578861991
3219847066672970368,,,,0.9132886,0.0142082844385349,5.7483845,0.0100071735608555,23.601367902224233,0.042150404,2.6116604438125854
3220926542276901888,9000.0,,,1.5617495,0.014183600916227,10.415685,0.0100047020743544,24.472423466246916,0.015962074,7.359182612845874
3222453935725951488,4000.0,,,0.8224176581440389,0.0151920237009796,12.313271371781228,0.0106770912447487,2.887729699547178,0.014746806,4.616137970926019
3229669755661140224,,,,0.8318944482950987,0.0150720628663165,12.440116612602502,0.0105954038398232,1.6673553005777495,0.013534107,3.5474656983705053
3231856379348299008,,,,0.6454847862865744,0.0149366491695164,9.845949710024472,0.0105158249849125,3.6584456563671286,0.018992543,2.6641834394183466
3233785128901216128,5700.0,,,0.7246279770811764,0.0141467214405375,9.104539554278569,0.0100015657688439,9.00287821689642,0.017215637,3.875942150542439
323386882492982144,4670.0,,,0.7601804649146486,0.0146769333025832,13.446934131519752,0.0103198692122362,1.487268118737993,0.020809313,4.313838700417316
3241295308714904960,8500.0,,,0.8030915,0.0141563132958887,7.165373,0.0100009839120795,21.869349771953928,0.020551028,3.8645324026293535
3245123980001812864,5290.0,,,1.1583719,0.0144908360377606,5.567367,0.0100099181685974,21.419653998171583,0.036870502,2.2216392841319506
324889227693298560,,,,0.9871226198255816,0.0152924402676815,12.173688869836282,0.0107223062397761,3.9939517215576976,0.013383809,5.182908127790499
3265335443260522112,,,,0.722445,0.0146254329115152,4.92225,0.0100675644835277,43.735671556849425,0.13252045,3.127747705428857
3279418602369232000,2880.0,,,0.6783319055154549,0.0198249749464604,12.220350048962938,0.0136963989432928,1.4949735300540004,0.01317812,3.093501588096471
3282351760091020672,,,,1.1140294843822818,0.0167308578255221,7.765813356846538,0.011663356987777,5.399163074244448,0.022503022,1.4261294047190258
3285426613077584384,650.0,,,0.55985546,0.0141816777088435,6.2678084,0.0100029522425579,23.14337139681868,0.02776059,3.089990639242604
328636019723252096,,,1.0515,0.3690672003179637,0.0143225079460057,8.077535167483955,0.0100661650702304,8.257774780109072,0.032659534,2.66058960986636
3288082758293022848,,,,2.7232838,0.0142027254606373,10.714013,0.0100076460654532,80.61354630288815,0.02359831,10.246085628229167
3291455819447952768,600.0,,,0.1215117767283336,0.0197966642868335,9.199234453435,0.0137038728519024,3.17273671541206,0.023876483,1.7104243931063454
3295354481521174656,,,,0.72200537,0.0141523637135973,7.001126,0.0100014329102731,17.150401656831065,0.020330679,3.17271079409574
3301771025223950336,2300.0,,,0.6311922,0.0141650608170021,6.792206,0.0100027599397816,22.166607823845688,0.02462211,3.520682632248896
3310124801036651008,,,,1.1646742632830196,0.0360351028723209,13.23118576448015,0.0244753651139868,3.494931654452797,0.023472905,5.947537698705746
3311804515502788352,730.0,1.89,1.8783,2.961349000000002,0.0157267353070794,14.355454,0.0100271349247125,22.416069280357764,0.03077869,11.109116534748528
3319126988068404096,,,,0.8130369,0.0141820790973507,6.6985183,0.0100025214334368,41.00906957860778,0.023985913,4.762898026472025
3326541506073371776,,,,0.8264616924969763,0.0147064384578638,13.55535793215524,0.0101486277799282,1.8056734231866327,0.016248815,4.8414974159086395
3327980255695313792,8400.0,,,0.9813709,0.0141625301131097,7.9235215,0.0100046516588102,28.680755692012955,0.022744123,5.211511275711295
3330907293088717824,3600.0,,,0.7857279259345868,0.0143600802174306,11.249408862862929,0.0101402439367247,3.647434049425286,0.020784963,4.0612779476489145
3332911492327546368,5650.0,,,0.96747494,0.0141530968338581,8.47384,0.0100012259607541,21.467628860610056,0.022425065,5.132637636739531
3340265717587057536,7100.0,,,1.9394036261264016,0.0142812254330934,13.640976474609516,0.0100399323803664,7.436234991655151,0.017994521,7.997607964662652
3342228616422593664,1000.0,,,0.6141124144194975,0.014412739025342,9.455310125731195,0.0101742619810901,3.6282712976107674,0.016266007,2.2537019416421415
3343402074506386176,3200.0,,,0.821799347818127,0.0157007489649923,12.233514255759085,0.0110019960494404,1.7095275919326616,0.014244041,3.3982726113612713
3353218995355814656,,,,2.2746040429238494,0.0145574365439596,14.618624032123286,0.0100291970630328,6.818340588687978,0.028239563,8.787496456981845
3359074685047632640,5000.0,,,1.9535992999999996,0.0141936414202971,8.878268,0.0100077135951207,100.06170447433648,0.020844575,8.879660490485524
3368214650329888512,,,8.8739,0.8675761,0.0145549879453701,8.092568,0.010029809701876,23.273632561292615,0.025877744,4.926783195930321
3380479015342121600,2160.0,,,0.72929716,0.0141999334185864,6.715178,0.0100045482672632,32.22325384347468,0.024155864,4.2563900085068465
3383298227579280640,3900.0,,14.7637,1.605279710533283,0.0148298302499814,13.00112132157569,0.0100436533394254,7.002556509029116,0.017442664,7.229041203289377
338382713564401920,2400.0,,,0.7656401145627959,0.0151469413148576,10.464471185302775,0.0106367597611976,3.015395592934553,0.02473894,2.864058483416912
3385777286999240576,,,,0.5687092174971118,0.0151612373880993,10.794612146259617,0.0106547648347204,3.2115429111580185,0.016531892,3.3272384985850376
3393939030531019520,3020.0,,,0.6690604078614977,0.033239361090712,10.97452512702838,0.0227209157157068,2.6776909599430727,0.022930551,3.1123456669607084
3394923127797114496,650.0,,,0.5629802556566509,0.0192516429555245,11.979200901000237,0.0132886929312825,1.4975375219169385,0.016342426,2.85313343832412
340028235795364864,,,,0.77686644,0.0142194203929774,7.1434135,0.0100027146737198,16.702273294093235,0.02789129,3.25679258321025
3402798414192387328,,,,0.85669374,0.014150223154163,7.487053,0.0100014402836374,31.645090135328857,0.024152724,4.988655965960453
3402980516507429888,1640.0,,,0.6968753265475964,0.0166947737231086,8.908847503985601,0.0116621976086689,4.495320103041242,0.019475494,2.1724729437312114
3405720400701167104,,,,0.9135519589096264,0.0326410358294263,12.33290445031403,0.0222651359509119,3.6617923875720617,0.015350302,5.15282563103713
3406132644545570432,,,16.8063,1.5743356425527832,0.0142488577941424,12.19643302899309,0.0100122486569706,10.248188400324375,0.015971709,7.249923844634585
3406687485600728192,1430.0,,,0.7714514056108676,0.0143752960416842,9.722220323794128,0.0101505709679962,7.738872649026534,0.017034678,4.165372650967731
3409148746676599168,3720.0,,13.2197,0.9006167447068733,0.0143123781483777,9.869616526013855,0.0100132263507434,11.205046158686365,0.016166238,5.116431177319974
3409711211681795584,,,,2.3010335,0.0142785754947777,9.004439,0.010013509517568,105.47083317135272,0.021029381,9.120065840899349
3413793491812093824,120.0,8.84,8.9504,1.7006190800837078,0.014273301616151,12.849807146939575,0.0100236669588376,9.427173468466997,0.01552223,7.721346782515255
3414370975935397888,,,,0.886872445565599,0.0230810823273109,11.49317119068101,0.0159083472989589,5.056181740236841,0.020468932,5.011178373256417
3417062653416093184,3.5,,22.3375,0.4105472319915205,0.0159421068369033,8.193517357436585,0.0109202022439929,6.450955420145248,0.0313807,2.243053084449814
3421680597955802624,4990.0,,,0.82223654,0.0141514401133872,7.4414806,0.0100017692866663,26.16766222007898,0.02375694,4.5302070135833805
3425691139632545152,1000.0,85.9,,2.1077805738305035,0.0142775734277867,13.735515901337209,0.0100126238498152,10.06630437298796,0.02167342,8.74961814723831
3429244825638569216,7600.0,,10.475,0.8105891881940736,0.0160530710763986,11.569545781804177,0.0111951553946134,2.8732608850315193,0.023402382,3.858249129310632
343449606741529728,,,,1.1489602141271875,0.0148498346972459,5.673235058707872,0.0100711091668514,8.640384283543057,0.03273953,0.3556463815373671
3435282862461427072,3050.0,,,0.7011953448524904,0.0151574133241914,11.403609774209722,0.0106003249614782,2.4677243800707616,0.016602512,3.3649135487377375
3438059369839738624,,,,0.6710646295626753,0.014385699593178,8.59118497294177,0.0100116885190524,7.467574404686458,0.021666136,2.9560188011893196
3439633221952197120,4000.0,,,0.7402565432864816,0.0163892873999008,10.57374138940202,0.011461235336817,2.6087517703384067,0.021647101,2.652502592278296
3445148131761842944,4400.0,,,0.818322897729157,0.0161507928353264,12.28171743609759,0.0112901283507236,2.814118334755686,0.01349961,4.524137431904133
3451908921382409472,,38.0,,2.4266710000000007,0.0142148436009078,11.829931,0.0100091044648599,32.44020573570479,0.021843024,9.384947854009138
3452333199728743936,4100.0,,,0.94284487,0.0141554483621219,8.239521,0.0100024142543313,27.267257028881993,0.026232282,5.41764400426791
3459372646830687104,8.0,,0.9774,4.270942,0.0724660952330668,17.388071,0.010164314147456,15.52157577044913,0.11630435,13.341212197646849
3460438662009633408,6100.0,22.7,20.1182,2.0232220000000005,0.0141697106338642,10.742868,0.0100044700240428,36.86174705877585,0.017597567,8.575767341499105
3462511310147530752,10840.0,,,0.8473333071225925,0.0151219276934321,14.257979922735412,0.0106055516766109,0.989063940155965,0.02356648,4.229764708066078
3464620139089832960,9400.0,,,0.8199375365290638,0.0164718335502239,12.009600503998625,0.0115164390389885,2.272281639998184,0.012973719,3.792427792304082
3465357945752055040,9000.0,,,0.870119872543555,0.0145915289131368,13.52753014149362,0.0102650457662096,1.721170519097242,0.014729576,4.708975467328168
3476605537386300032,4920.0,,,1.1546099469589342,0.0148538284085895,9.576863811502662,0.0104592376274585,4.624342221608221,0.01712172,2.902799508072036
3478160727866058368,,,,2.2076273,0.0141581939406915,8.896746,0.0100036064369099,110.20253646121284,0.020424576,9.107703201962478
348020482735930112,5000.0,,,0.72292423,0.0149174953317756,3.966133,0.0101877366320706,74.2279958066619,0.2082973,3.318359668076865
3483606402800185728,,,,1.230013325098504,0.0147664778150982,13.063179808239031,0.0103977232688628,4.345431622653014,0.014201101,6.251175670083644
3483636295773117440,,,,0.8857774859069343,0.0147869744322769,13.79504335406918,0.0103448322190945,1.6492937079079184,0.018080987,4.879039416694958
3487277912642549248,,,,1.1209895050214438,0.01423638972608,6.226999325815785,0.01003323864878,7.736355349378156,0.022826163,0.670165750685725
3492502001623237888,7200.0,,18.5067,1.103693094017967,0.0155984876675933,13.263924267264349,0.0108782569316939,3.0058082863524525,0.01777516,5.65441740791182
3492633633781166336,,,,1.2113953,0.0141551173672641,8.395065,0.0100016461276323,37.76568453556879,0.029088166,6.280386295580438
3494677900774838144,,,,1.1533742,0.0141524758016717,7.6321707,0.0100009077051688,49.17765748449504,0.023521055,6.091072526375626
3498553232585634816,4300.0,,,0.7279244593068614,0.0145750518121178,12.79481982213829,0.0102655774658363,1.2558816468959144,0.016799845,3.286963223593011
3507879565090229888,8960.0,,,0.898438,0.0147932727602639,4.5325284,0.0100383520570921,117.2080460991387,0.1455929,4.877157769454614
3509135344808097024,,,,1.5399283211815689,0.0170459060986788,12.485703724727015,0.0118825289403503,8.908670972594367,0.01567323,7.235752484482811
351537889154226816,,,,0.78132486,0.0141717685854955,7.4685683,0.0100024004164592,21.22154584293476,0.025101667,4.102873342445414
3515865416826633984,5000.0,,,0.9301109110924176,0.0143620402602199,11.953540653539752,0.0101382314764607,3.7511638482005103,0.016779594,4.825143859299995
3518374197418907648,,,,2.7133064,0.0142472162495835,13.542836,0.0100063174980065,19.206837165200728,0.020005295,9.961026481946462
35227046884571776,,18.46,16.1511,4.528502000000001,0.0146400348739432,12.263103,0.0100792423788689,260.99758868047275,0.09342672,14.346225310997191
3526198184723289472,140.0,,,4.4611034,0.0168874954152728,15.111426,0.0114317457689954,47.3493664934019,0.47309375,13.488462354272931
353030751066772480,,,,1.0704117,0.0141632641789741,9.419496,0.0100013528830015,18.77257892713592,0.015656015,5.787349354129715
3531594209836279168,,,,1.5326126936642863,0.0146159115417077,13.420050703150418,0.0101235650063946,5.171071320368437,0.015975226,6.98551411284677
3531943236058701824,1500.0,,14.3589,1.235368661140269,0.0146208004229323,12.667068724551264,0.0102908062941888,5.471273622168283,0.015885592,6.3578554078906375
3533836281547278848,1100.0,,,0.9309774687351696,0.0144637807111479,12.11698549651828,0.0102050873959459,4.152683671837226,0.01565614,5.208911114839399
3534621989981179520,,,,1.1102794655563628,0.0141557938936749,7.802172031777168,0.0100031242810283,8.864071102186372,0.023412496,2.5396203431346684
3537110837630877568,,,,0.8447907886512931,0.0141567199006128,10.203276789215185,0.0100065282115116,7.651008063818874,0.016383803,4.622192493444983
3537576785745979904,,,,1.018471888339192,0.0141453174143418,9.65817518183928,0.0100011453299847,13.782296474406884,0.013569482,5.355004676649473
3538141457982396928,4440.0,,,0.82913303,0.0141619983782096,7.8414516,0.0100021400928429,23.748946713308808,0.021636605,4.719931214088683
3538256769264276480,4300.0,,,0.8763910817547514,0.0159761991143336,13.68113018306174,0.0111665905600621,1.6139840176135472,0.020817911,4.723477653776772
3538925100535948416,,,,0.9948234567710112,0.0141458042702612,9.746614902548009,0.0100007319985497,11.9826558284815,0.017457925,5.139622051243316
3540018633568783488,,,,0.770219016453824,0.0146889933506014,11.871708623564327,0.0103500658459936,3.5269833524420844,0.016736947,4.609640925511933
354077348697687424,,,,1.9813232,0.0141736705360501,8.636086,0.0100045531269004,83.69690693439064,0.026224768,8.249549283350582
3545653561942122368,11000.0,,,2.4087892311660677,0.0165953303534968,15.926984568983118,0.0106801199141288,3.471296522452036,0.04191937,8.665867815389342
3545873945303316224,,,,0.6548501690625892,0.0147327749096208,11.75961774065468,0.0103763757970005,2.621990907716792,0.016288519,3.851489047644929
3552000252294347392,,,,1.9287128,0.0141825584687122,9.644162,0.0100056695555441,53.41266140538086,0.016442463,8.282539935609154
3558354604869150208,12970.0,,,0.9171058690910324,0.0145240181284505,12.01611041819086,0.0102362540712158,3.277305331457951,0.017117918,4.593066309325199
3562427951852172288,500.0,,,3.5322369999999985,0.0163684181545986,15.032986,0.0100430879888645,37.58774881374909,0.039214633,12.90831652933089
356348286886230272,,,1.4987,0.6360731551701558,0.0157033541202241,11.042196505397706,0.0110039245421897,3.536015310890448,0.020485217,3.7834270792102007
3567602184853029760,7540.0,,,0.7919712,0.0141536604250754,8.499962,0.0100018514012945,18.18230072647737,0.024537437,4.797543790877498
3571038605366263424,,,,2.889010029269361,0.0157961425801144,15.076793412090865,0.0100572494861287,12.43404821883012,0.033605687,10.54968307913675
3574907305749250432,1050.0,,,0.6154132,0.0141530716088944,7.0255637,0.0100012375288429,17.833565486871105,0.027288398,3.2824033887631545
3578046995560843520,,,,0.8192643315309218,0.015271942585296,11.220511291060284,0.0107299173332831,4.888788745430982,0.021565791,4.670257135190976
3578137842709899648,7300.0,,,0.8176403,0.0141491091522347,7.889569,0.0100026028489986,17.94561380302751,0.03785276,4.159404742251189
3578596339057980160,,,,1.6553514627729915,0.0149529136416825,14.30738079619344,0.0104854596741149,3.8389273678004905,0.022775428,7.226614028715646
3578638842054261248,3400.0,,,1.5405827,0.0141562653795176,11.183329,0.0100050734785384,15.554811300592808,0.025979195,7.1425554048622555
3578783977588991360,,,,0.8662297890611849,0.0150562173603391,12.47591199193529,0.010585426752394,3.646864119349361,0.0135729555,5.283345104680658
3579426053724051584,9800.0,,,0.8459395389304798,0.0148092959556913,12.433957985608108,0.0104297233483969,2.900656975472757,0.015951281,4.746473899917008
3579573358218514944,12.1,,,0.9054889847746002,0.0152841090690315,11.472602721034283,0.0107379335300993,2.7956471230122313,0.01735323,3.7007819831399207
3580920878437938688,5300.0,,9.0685,1.0542316298332828,0.0149405821225585,11.831822600335254,0.0104849615044955,6.5125439208500095,0.021235984,5.900696236535406
3581264372742210048,9600.0,,,1.0084567475642223,0.0152044093212515,12.02452729619412,0.0106772369648279,4.807315718921154,0.021347644,5.431263053371346
3581292685166588672,,,,0.8984427434113796,0.0141875752728068,7.408378764289536,0.0100114106928217,10.561174475266728,0.030965427,2.5266030479369315
3582057258065666816,,,,0.9114274134547672,0.0157509029953103,13.198423523403902,0.0110406806630126,2.53621219861938,0.017942341,5.222455333151538
3582098107498270208,,,,0.8882762014077171,0.0150574753870945,12.39790850051014,0.0105758694801474,1.9240554454317425,0.021017272,3.813719629771043
3582339626395387264,8500.0,,,1.156283713462181,0.0155217774508485,11.596490847994335,0.0108944515962861,1.656701550327989,0.021351697,2.697800033720899
3582392123779246336,,,,1.0859047795254535,0.0144916757760789,12.583001589698748,0.0102162023308494,4.4354364386000915,0.015737412,5.818958247087274
3582706794559052160,8200.0,,,1.1210698913728103,0.0143747674350797,13.922633387392608,0.0101079682595422,2.475767539477903,0.021231174,5.894557907102053
3583611726988838144,,,,1.3188895532739238,0.0144107863773011,12.631594050201274,0.0101678846796332,6.1845294505875,0.04832898,6.591880840020403
3583630934082556416,,,17.5081,1.0268891531047966,0.0142644055664985,10.789445210168727,0.0100315938107847,9.798151897329127,0.021497412,5.744675003052807
3583729340372873344,,,,2.466964165460955,0.0144135247551834,14.409648836679644,0.0100243272773005,10.138478308979444,0.024072422,9.44004302090771
3584074376569429248,8200.0,,,0.9449582,0.0141520755927626,7.788456,0.0100019849552772,29.3497819725564,0.029724827,5.126444131051377
3584368019189709952,,,,0.973375597765888,0.0146596770091243,14.63823634803217,0.0102667455112276,1.1847191781277295,0.024896307,5.002228478119207
359058441314838528,,,,0.7654429044391398,0.0164533989749564,11.551163132039903,0.0114912882700518,3.1826656333758514,0.020119427,4.061222014317167
3594183153334105216,3680.0,,,0.7269287,0.0141654545781836,6.445497,0.0100022744754033,18.25644496746603,0.039308533,2.7517980106199396
3594882751966012160,,,,1.014132196136721,0.0142470545274629,11.736628924822936,0.0100608452574114,6.7172060125268365,0.021112148,5.871737442335288
3595647565382917120,,21.69,,2.5803342912490144,0.0146463446606774,15.352946587882505,0.0100224791158112,9.104585711206738,0.03243192,10.15006372533526
3596003497911958528,,,,0.9297656738117852,0.0144229210638382,11.590760516967308,0.0101795343693919,5.137916320408144,0.03180701,5.149279151550802
3596250888028092160,,,,1.4973599416500123,0.014262157670016,12.92208196722,0.0100522419438889,6.764524631510798,0.019735357,7.072938032945785
3596333042162818304,8800.0,,,0.9578703665407482,0.0144726114917237,12.609530681357509,0.0102057731572212,3.4713302282307907,0.01532145,5.312282712712678
3596508242468505216,,15.47,,1.8350584711659548,0.0142164185003876,13.024437396488954,0.010018374173284,9.27519547282385,0.015302104,7.861103174924437
359678187913760384,2765.0,,,0.6589221995113835,0.0168089996381399,9.443058450567753,0.0117405793859421,4.406014592126476,0.018405216,2.660572234707585
3596876269626641664,,,19.5918,1.4432095126075917,0.0145075869531727,13.710722669606271,0.0102116826873247,4.402711597998563,0.01639913,6.928648395667755
3597570989175080576,,,,0.6809391956408273,0.0144764677748708,10.72247772375451,0.0102152509338908,3.8655734496799297,0.018791467,3.662182161272901
3597981377595128704,,,,0.8257497034126967,0.0144062879305752,11.605964438965175,0.0101657126108837,4.693593685450403,0.024576692,4.965470329725306
3598004677793811584,,,,0.8596601105586535,0.0143438081744552,12.507270894021252,0.0100917633742694,3.232455781262628,0.016671857,5.054410028245064
3598019899158204160,,,,1.147937880524695,0.0144909608315399,12.30299675601449,0.0102158806433299,1.1598160581431125,0.016527083,2.6343088438702864
3599651986730350464,,,,1.3209161860200418,0.0143924924857048,14.59782711372836,0.0101188425994581,2.579102495010812,0.028347345,6.654932219419884
3600851450836925312,,,,0.9471457113222368,0.0144070186392436,11.61984698807081,0.0101536410419019,5.8385298702488475,0.028154673,5.451534272760254
3600975145895223040,,,,2.231119487274927,0.0147761419800003,15.220896138401738,0.0101933081924774,6.331600942176703,0.029814318,9.22742217853191
3601912720075891968,3800.0,,6.0539,1.1128893,0.0143898761684643,9.229566,0.0100209078340787,22.053536304262973,0.016393993,5.946636511422556
3603529272750802560,3050.0,,,0.7437708802938198,0.0145422816841014,11.658873330391826,0.0102495648344024,3.465587566233377,0.020420363,4.358599095491334
3604866386264961792,4900.0,,,0.8442524816100805,0.0154734166894121,10.094786945424584,0.0108669964720828,8.917457691083204,0.021882644,4.84664585647506
3606324613561098368,,51.34,,2.2465985445151295,0.0155110752531899,15.078422649206871,0.010450391958588,7.910123208496808,0.03597927,9.569888178306275
3606343094804432128,,,,0.910188507703962,0.0146890036730867,12.172144448616043,0.0103506823118103,4.144636257937595,0.016411275,5.261571907501914
3606596502170799104,,,,0.8715381348084807,0.0152128994628176,13.15914324543315,0.0106845882055475,1.3251353376909318,0.017795503,3.766987673316031
3606709167752821632,,,,0.8269832899060909,0.0151215058291954,13.21147560071648,0.0106070345395506,2.1033247253510554,0.016737241,4.824603762085893
3606785098479012864,,,,1.563628403743008,0.0144395564845746,12.372326851218483,0.0101809635086443,9.830213806639623,0.023298314,7.33540550601659
3607243530404017280,,,,0.8416657562057388,0.0150039657190885,10.865392748054065,0.0105495448281215,6.207698713761873,0.01898538,4.830402259866082
3607877948613218304,1950.0,,,0.5352180666821872,0.0153322429807088,8.931001098455802,0.0107695476726471,6.184101492097718,0.019395132,2.887147390024845
3608139421926380544,,,,0.7896368479239243,0.0152961390701246,13.115203849665802,0.0107332076984639,1.6530710012449592,0.014814999,4.210382124779315
3608708904525885440,,,,1.046600355627071,0.0147571645798182,14.071904223946149,0.0103309913692363,2.2269317496003356,0.01996859,5.809785830030904
3610048418926172032,,,,1.0792392600274847,0.014325458022173,12.92052709748592,0.0100973464984322,3.561947918540995,0.01547042,5.677596476216404
3610090784483619456,,,,1.0697716212382096,0.0148777034971835,13.23017895001682,0.0104613031518411,3.549900871199886,0.015885567,5.979354791953025
3610557458450018944,,39.14,,1.491071880527236,0.0144347365923328,13.51756542551087,0.0101595062715541,5.129044101387316,0.018554358,7.06826664054508
3613175223837135616,8000.0,,,1.1328507437012088,0.0146275294967756,11.579434208911026,0.0103067774220059,8.61814639477289,0.014038785,6.256580352204255
3613442989278322432,,,,0.8463178893324013,0.0157196691572788,13.881057276642286,0.0109978008017887,1.5330219984856972,0.022672886,4.809119530534819
3613467311677116160,,,,1.0200345988570032,0.0151673113006984,12.371523916460474,0.0104665433872846,4.481759569915487,0.017545644,5.627891482470057
3613472293839371136,,,,1.0808606141527666,0.0161951171777035,14.6801553529456,0.0111874420485226,1.4177006005027446,0.027961409,5.440730235384342
3614661419960402944,,,,0.8659628035771019,0.0143577576780004,13.766793743879742,0.0101196791949131,1.783149037660604,0.018338984,5.020812675655433
3616517223789495424,,,,1.1465761450719,0.015189875997636,15.396433272062298,0.0104125662330796,1.5184870843012648,0.035903312,6.306736996524069
3616526878875985536,,,,0.8875679404551531,0.0144939268448652,12.98895556919883,0.0102129496342617,2.484151558632111,0.0127815185,4.963417019973598
3616620814104819328,,,,0.7314696756026063,0.0147832793904617,12.107504983415147,0.0104062076994085,3.047220910293484,0.015727358,4.523343493082676
3618361345307363584,,,,0.7005214535868041,0.0144486391888774,12.785297681307478,0.0101883293724314,1.585711527848805,0.017380785,3.784876168188711
3618386664139093504,,,9.7426,1.3980988423776604,0.014679981234295,12.194611958924876,0.0103270396239148,8.758467731000184,0.017391108,6.906517538037409
3620030644476623616,5000.0,,,1.401307948808641,0.014496986242466,12.985720548934667,0.0101368586816171,5.516338141742446,0.019512653,6.695476797509006
3620325206217720320,11000.0,,,1.280345,0.0141538787070341,9.901058,0.0100023601123978,22.44212032799459,0.016627803,6.656250602007541
3620501712193719296,5040.0,,20.4358,1.3258899618563995,0.0143000585555605,11.885418512360047,0.0100612902892683,9.27069598090104,0.017805107,6.720849031411614
3620612011248988416,3700.0,,,0.7096807602357705,0.0143910405996125,10.9133541133802,0.0101487497320222,1.967643694423897,0.01824094,2.3787615180538566
3624969886932157568,,,,0.823927704545936,0.014612344151867,12.278228795609548,0.0102961577197593,3.1639117224070605,0.016463839,4.780041061316554
3625009164407557760,,,,0.7318880394643225,0.0142158003392317,11.881468994109808,0.0100338184940418,1.801467442904096,0.023513595,3.158087569124959
362706006713454208,,,,1.1452465,0.0142678799287993,5.7349668,0.0100087165890909,17.1051500739612,0.030190628,1.901677348232808
3628687065162340224,,,7.0828,1.0299205052708489,0.0144010672197538,11.007830424597335,0.0100641271369736,9.000987302227342,0.026600225,5.7784397185015735
3630460126445437440,,,,0.8642816252322482,0.014444643932557,11.957276172513907,0.0101891649340126,4.046941293121336,0.021750193,4.994813838947618
3630680754621236096,,,,1.3135671204566768,0.014294468759152,14.433717664746531,0.0100403200598916,2.981567775187552,0.027094414,6.8079176694195525
3632489004572617088,,,,0.8714760001625181,0.0146145653535603,11.55728388827658,0.0103032288315963,5.4244114401987265,0.026312444,5.229376729788356
363314964357100800,3710.0,,0.4496,0.8012318915512838,0.0146917142074389,10.02384517368998,0.0103567811241453,4.76081124711091,0.018402873,3.411939119234251
3635174042031610496,,,,1.0472586294420978,0.0144235851790413,12.187628863026188,0.0101678497515975,5.463289199044455,0.019875746,5.877369618128938
363702817083391232,6100.0,,,0.9019330801052924,0.0170972071420132,12.65112440702924,0.0119123483152586,2.496754026443986,0.015640205,4.639608771625554
3637481302758519040,,,,-0.4357799470835767,0.0298916424253294,13.301745464094571,0.0116126879902026,1.7078410900012635,0.0376323,4.449116661730265
3638010855046147200,,,,0.8811726081393618,0.0142963181584256,12.06918575830982,0.0100964543955065,3.744162668095923,0.018018205,4.937228177245878
3641697998570813952,,,,0.9430305624999764,0.0142083694972991,8.628172584775983,0.0100061064707772,13.698664797008592,0.016580151,4.310743474545692
3643098875168270592,8500.0,,,0.9079008082216334,0.0154578546939035,11.77313587284956,0.0108308237192021,4.683360078192418,0.014352859,5.127879137585449
3650718804281798912,,,,0.9424672,0.0141658279377248,7.8486147,0.0100028427390831,31.371377996995857,0.026214845,5.330822481983168
3652176997218325888,,,,0.7753829748232897,0.0152563610009162,12.480976220909383,0.010717144379202,2.652048179907348,0.017263686,4.606170194105745
365426679516816512,7200.0,,,1.1621047840594698,0.0150152734369523,12.522207617004652,0.0105593565858267,4.974743121795944,0.013733161,6.004798755010508
3657653114880309248,4200.0,,,2.1136289999999995,0.0142785077519017,8.863359,0.0100099820525903,95.99888561284176,0.02534838,8.77477753078102
3661983850663908608,,,,0.6903341854652245,0.0144700264312628,10.223949327196276,0.0101899427635543,4.017743143276371,0.019994255,3.2435457550367524
3663051957490779264,3870.0,,,0.745766855840607,0.0141496432794168,8.661105421932781,0.0100028230294048,9.812137861757853,0.017662518,3.6198329338420567
3668036348641580288,,,,1.0693083303944917,0.0143341551218672,11.44428205782386,0.0101062297433949,7.037498973936465,0.020390866,5.681424905555284
3675248118423392256,,17.45,,2.154253127674216,0.0145145700456702,14.723474222118536,0.0101446340033078,6.88630272767122,0.027973361,8.912138995567862
3675261140764265728,,,,0.8475547874799276,0.0144480384729294,11.4603081893987,0.0101858539433269,5.284952104438972,0.023784982,5.075892414959373
3676091134604409728,950.0,,,1.347571311739609,0.0144358422731604,4.298097276906905,0.0100429036609556,10.387272623779038,0.11512639,-0.6201407138378041
3676684252407983488,,,,0.7549391271879309,0.0144408595957678,12.530131531988566,0.0101846805853043,1.8914550278713451,0.015642501,3.9141749252233815
3679242575447826432,1700.0,,,0.6257715,0.014205303131774,6.0024433,0.0100048544424582,29.947681129087197,0.037738714,3.3842367079442717
3680103286893920768,,,,2.3583586887728973,0.0147314730407295,15.379153311723526,0.0101055863234613,6.765735294058103,0.0400665,9.530991834427091
3683121446312149504,,,,1.823199231580638,0.0146149242108901,13.2935617901141,0.0102528753856264,7.687836278596737,0.015279419,7.722286253853749
3684934540986187776,6000.0,,,1.0657644,0.0141651719010877,7.3308573,0.0100013235460233,47.58937953509341,0.02914758,5.718202898904229
369092520004831232,,,,1.1134615,0.0141566339093064,7.0926743,0.0100008703649124,55.87389726550314,0.02347383,5.828745652347428
3693358861640279296,,,,0.82740927,0.0141503830281427,7.86449,0.0100026145833607,20.283636443598883,0.028255887,4.400120014547815
3694798019281730944,4900.0,,,0.7839801142381682,0.0141909814463426,10.046826728169284,0.0100313702213333,8.260867338983747,0.021937026,4.631879255254248
3694842171545206656,6500.0,,20.1342,1.4674759,0.0141985981404281,9.785407,0.0100052468871283,25.874670386891584,0.017745491,6.849720934455677
3694878833385971840,,,,1.2344584549530462,0.0142131789447901,11.950647691423615,0.0100336184792305,8.034334980700343,0.016093064,6.474021820684639
3695235654973028736,,20.84,,2.1150090000000006,0.0141966116688837,12.845818,0.0100088996721518,15.452508653202836,0.023844192,8.791014541716374
3695568295896473856,,,,0.7756927180807759,0.0145068818606319,13.103398227834704,0.0102208016875106,1.603614059138689,0.016059782,4.131905527862431
369669965470499456,2400.0,,,0.75263405,0.0141653390333534,8.7093525,0.010002297942413,14.802884926601346,0.015542557,4.561160644661426
3697828548204889344,,,,0.8593039731104651,0.0147007267145686,14.302583727080282,0.0103257609125656,1.381526525325387,0.031177117,4.996648828526158
3698079992771142784,,,,0.9225223078779912,0.0145996523072253,14.10428012507442,0.010271443601386,1.4496962796695274,0.023264982,4.916136441336986
3698307419878650240,4480.0,,,0.6091474636246434,0.014166871721471,8.892263569588,0.010013507667027,9.206484513257305,0.022114921,3.712714517330575
3700016198387202304,,,,1.0268930347375262,0.0142526501756354,11.322230837065153,0.0100374719490195,7.6559588091686575,0.026658509,5.742951019830635
3700295641843380224,,,,0.7449059644862116,0.0143587333104191,12.34235387903056,0.010130949328707,2.419001256186414,0.019872023,4.260509885165439
3700937760929835648,,39.1,,1.9537440185412076,0.0143812780668324,14.243454500312382,0.0100393005551438,6.994623211014959,0.025605673,8.466841004723442
3701015375282968064,,,,0.7323969165968625,0.0144825420599525,11.914103584103934,0.010217606893009,2.1112597647590796,0.014776381,3.5373535039322324
3701123406596146048,6000.0,,,0.8303211235485689,0.0144186243148451,11.623721668958405,0.010167808742455,4.312572795597832,0.018316315,4.796662103718871
3719927426253118848,2500.0,,,0.7305657366714371,0.0143056340271048,9.655191808556328,0.0101033990797203,4.451789489398679,0.018192941,2.897893537301101
3721126409323324416,7700.0,,,0.7872591,0.0142117966430462,6.1861258,0.0100024691923594,31.819200513087555,0.025737368,3.699665468421179
3732539683617410816,160.0,,,0.75950575,0.0146275648083516,5.0398397,0.0100370133286295,56.89685669737915,0.12240193,3.815317687469359
3735000631158990976,,,,2.7543068,0.0141988908688322,10.105141,0.0100113248726187,123.82970088382407,0.03286869,10.569276836622931
3737308025029348608,500.0,,2.8864,2.1466994,0.0147206327593037,8.89914,0.0100502479344375,86.93759532259803,0.11696227,8.59549628930532
3738099879558957952,800.0,,,2.0878701,0.0141657105617473,8.205292,0.0100060582118419,131.14085319384708,0.026954211,8.794015901110217
3740176925743994752,,,,0.91291237,0.0145002371776749,4.7789707,0.0100192428552382,55.28922809943382,0.07786773,3.491875158006952
3751877374435102720,2240.0,,,0.4915603405343652,0.016067274276025,10.834223671771465,0.0110949778962652,1.794451380215696,0.054976933,2.1075759760711836
3758629479636689536,,,,0.9836440870626278,0.014166998010006,9.844336792959838,0.0100032185101117,11.979381083315609,0.017804671,5.236394935041766
3758718711877270784,,,,0.8320874042262357,0.0141537892911698,7.941192612577482,0.0100045909118291,11.760190380314608,0.026617406,3.292645249193508
3761497761876022400,,,,0.9775410250775542,0.0142091107676968,7.84065368647988,0.0100054074853544,10.036872710422683,0.020152856,2.849105209727914
37619725922094336,4700.0,,6.1642,1.1779104813928178,0.0230608355666825,11.816003456462308,0.0158539069305344,7.110810541338055,0.01309734,6.075680170844487
3762515188088861184,,,,2.1266203,0.0142386042629782,12.806312,0.0100121754814874,15.653602653641103,0.02311064,8.779208517085905
3764588660860363264,6300.0,,,0.7474623944286151,0.0146865242403277,12.43468258281883,0.0103464714455538,1.8059316574494504,0.017533341,3.7185260761467553
3767281845873242112,3100.0,,,2.683506,0.0142306550726284,11.837257,0.0100150768917442,45.41265920705794,0.030080639,10.122775051695236
3767805209112436736,,,15.2519,1.619927457675092,0.0146248454220565,11.893273692023358,0.0100351904587027,11.49331281375137,0.016304364,7.1947310304698835
3770419611540574080,4500.0,,18.9893,1.2699566,0.0142506075396867,9.508946,0.0100083288049498,24.212700343613623,0.014408665,6.429296068164042
3777506754255516800,7900.0,,,0.86979793000641,0.0141962268275703,10.632698312530406,0.0100286124215361,7.049142852414516,0.013963201,4.873566705838179
3778075717162985600,,,,0.789900502752638,0.014685928324737,10.04135127620298,0.0103540610051855,6.2555718693083175,0.017496513,4.02278136246246
3784271568265259904,,,,0.7827449,0.0141983208441674,6.6602726,0.010003147930413,30.838950570594506,0.02115021,4.1058604677904995
3786035184916139136,5700.0,,,0.8983321,0.0141557008807946,8.250434,0.0100018243610422,20.193330764071938,0.028453654,4.776660274600104
3786541956697681664,,20.16,,2.63687622215012,0.0222998009038173,16.503698608417544,0.0123196404434028,4.783385472225636,0.47829753,10.003925038269442
3788394461991295488,,,,0.6901058651301349,0.014979974940123,11.329935169824882,0.0105405607985075,2.8253842891732672,0.01814926,3.586094404465296
3788670679927991296,,,,2.513873,0.0143497338237646,13.41313,0.0100177943241909,17.337162716453975,0.016518297,9.607817615684258
3789847707126025600,,9.89,8.7866,2.0823908297704063,0.0156182683766959,14.775654916922155,0.0105652962637015,5.531421982596295,0.03261964,8.491883615336707
3790858845506203264,,21.12,,1.4819526499365383,0.0155008741256417,15.297063314285545,0.0104347746031827,2.0126971992412015,0.029618898,6.828554653476433
3791263156547622784,,,,1.0526104338974465,0.0144487297992392,7.970061081707229,0.0101737537166449,7.212933378976796,0.028033247,2.2578413485378075
3791464504614567040,115.0,,,0.2176384283751707,0.0141837503611975,6.785378531254261,0.0100059650571665,12.07577209507327,0.02921977,2.194376974004718
3791512745687354496,,27.9,,1.6354382923915551,0.014839850017823,14.29688669176014,0.0102196658819791,5.00552931457669,0.026380232,7.797518032077085
3792100950048409344,,19.61,,1.6546720541866566,0.0147091816344794,14.306144708845697,0.010297452869874,4.325344969056857,0.029071039,7.487353197232797
3793339378098543616,,,,0.7908468073985274,0.0145317400763395,11.993269620671764,0.0102411979975963,2.1572253344791066,0.014552095,3.6621798388776376
3793743895297313408,,,,0.8848629641625416,0.0142691021159648,11.083627080203984,0.010073743355816,5.0780568571693045,0.019806584,4.610636561225144
3794162976731206272,,,,0.6513295542298817,0.0143973353685874,11.884223225538442,0.01015743819994,2.252175202920306,0.01695541,3.647052718702252
3794167001116704000,,,,1.173254,0.0152000104215694,4.0375085,0.0100713514605547,18.382622620370633,0.14003687,0.3580269204954467
3794479262419500160,,,,0.8222296357272528,0.0144189768080657,12.468075777043104,0.0101716725870683,3.1671238953327134,0.016791105,4.969459603268515
3794501355731126016,,,,0.93377113,0.0141462977724192,9.0564375,0.0100008933343637,15.916224876041786,0.016898574,5.065940069134813
3795633852707093120,1000.0,,,2.3324662548276853,0.0146265176325124,14.84463955704369,0.0100141277920631,12.10368799597668,0.026462756,10.259737154228253
3796072592206250624,5000.0,0.497,,3.033259000000001,0.0142536285402756,9.601,0.0100317868352541,296.36268091393936,0.030185517,11.960122353567726
3796690380302214272,6900.0,19.89,,1.841705000000001,0.0141812179442417,11.474142,0.0100093692009816,22.7618693841015,0.02197514,8.259978671657958
3796826582305099520,,,,1.0031195,0.0141498327515161,8.875308,0.0100019761568059,18.212382459652787,0.017007174,5.177259732946144
3797456808626205696,,,,0.7340561795102396,0.0143531694910047,11.06758413240576,0.0101309537533366,2.660493319795032,0.02326144,3.1893417296184143
3797977118144236288,,,,1.2071484523412996,0.0145241936948049,14.288370728322723,0.0101805537427366,2.488515904461534,0.039760273,6.2760783395117805
3798552815560689792,,,,1.0025048835502846,0.014552957718475,12.414957491818823,0.0102485510258313,4.044256417694316,0.01598977,5.450096553676467
3798690151434945280,,,,0.8749290545383126,0.0146175754462947,12.180915897314112,0.0103019865120546,3.6880737842050726,0.013959525,5.015666740262237
3798833775141351552,,,19.2849,0.9580510923818903,0.0144268825502385,12.784474804574604,0.0101585112401737,3.3676680104130465,0.019583173,5.417843335965966
3799626935341796096,,,,0.9878969,0.0142656693975527,7.859468,0.0100075726044521,34.099229401864974,0.02153422,5.523287870418699
3799841752426128896,,,19.5712,1.2141662096691512,0.0144220758207746,13.92782719643816,0.0100762866540114,3.1858732989421124,0.018398665,6.444505985892961
3800129201701685504,8900.0,,,0.8365247969337736,0.0143986768153567,12.054602474287524,0.0101545813656717,3.1576374755467813,0.017812591,4.550168443176402
3802549437248150656,2550.0,,,0.8416276,0.014208256771229,7.15472,0.0100037267720587,28.981189492305564,0.025823468,4.464813615384182
3802583419029393152,6700.0,,,0.820885451569869,0.0158773316703581,12.583703258447038,0.0111198817949818,2.3127696751450477,0.016319485,4.402767191613339
3802693370192254336,,,,0.9185934,0.0143803796633275,8.955496,0.010003971294055,17.946186976781913,0.016794391,5.226251076018979
3803004978659671040,14900.0,,,0.8921184063974125,0.0152916698232808,12.775517664618786,0.0107364233381145,3.1508874353946275,0.017604027,5.267044902630023
3803494845449564672,8600.0,,,0.8148695510536744,0.0151123153427489,12.997266664845885,0.0106223841381778,1.4511140487074885,0.013297261,3.803792554434288
3807826337147474176,8800.0,,,0.9286073656527524,0.0148661393349315,10.433642693946783,0.0104595899820086,4.68526015153678,0.016773148,3.790234102162936
3808410933735817472,,,,1.1241404210719654,0.0142187151777411,7.665713845340873,0.010031025278985,7.413319543155719,0.024454828,2.014847244693252
3809028584392561408,,,,0.7433682865840263,0.0148911138035131,12.958933689139943,0.0104485366435228,1.6794840037788428,0.019712735,4.088703264346574
3810098271767907840,,,,1.290133799000334,0.0152570945300974,13.692131308501848,0.0106771550925435,3.9805603858336265,0.01604141,6.691915105793436
3810535361999701376,,,,1.0114462391245358,0.0147510631407675,13.103369444961883,0.0103559341736335,3.0548695265395422,0.014710814,5.527544219001312
3810609819552494976,,,,1.4433699900615191,0.0149152099594545,13.870740023386292,0.0104439581592909,3.9579895657925617,0.020260334,6.857964161950058
3811002791880297600,,7.61,,1.84793891724798,0.0179136319600904,14.8983284932413,0.0104071938755342,4.185557401354377,0.02950662,8.012003985232377
3811032513054107648,,,,0.8650148368516825,0.0154760331988174,12.693345702605273,0.0108524841307858,2.968409978399012,0.016890999,5.055668780107533
3811688440459523200,,,,0.985089921085332,0.0154927650160753,11.903721638102487,0.0108644013187262,4.7112472934108105,0.014410951,5.2693885420243785
3811760011794444928,,,,1.0972098080701314,0.0152174517706677,13.693744389267152,0.0106595179739366,2.870053888895363,0.020963216,5.981313731168445
3811989156889528320,,,,1.1907003915492194,0.0142784811357646,11.522294958189672,0.0100352787360143,9.200427111513884,0.01717081,6.340653388824219
3812355294262255104,,,,1.1757946,0.0142263892169414,7.271237,0.0100027035868671,55.098568610828146,0.030359352,5.97730372353636
38127013099258880,6500.0,,,0.8647446556871851,0.0178034709884333,11.331488238104573,0.0123235048689271,3.8798369465656006,0.014590654,4.275706726751434
381592313648387200,,,,0.6970278546982149,0.0144440563784668,10.715992496990053,0.0101888819923111,4.520700047019427,0.0154584395,3.9922089176888864
3815937670648091392,7400.0,,9.7606,1.0200372277774488,0.0152838400165026,11.790921477037308,0.0104538431075589,5.634171594371492,0.01892816,5.546507633056406
3817000078053804672,,,13.9448,1.4913281758693964,0.0160701436952366,14.175016950268652,0.0111512236589543,3.9418860949532686,0.022918878,7.151030222774377
382111248777193216,530.0,,,0.8570270887252704,0.0151650477812413,12.40635288243157,0.0106354493290013,2.7068073751467754,0.012842535,4.570102143071384
3823126385045210880,3610.0,,,0.7595627728884574,0.0141576655034662,8.598706408351072,0.0100037341009556,9.709883495003226,0.01963038,3.535258036122455
3830897080395058048,2700.0,,,1.091220509005933,0.0142413985387012,6.215017517689301,0.0100029386236597,13.674189543129565,0.026735594,1.894949584741438
3835743693290897152,,,,0.80700064,0.0141701235254505,7.388994,0.0100035245172069,27.855349473477443,0.039356817,4.613663113070604
3850421005290172416,,,,0.9251492566427082,0.0141465931492011,10.017789871891276,0.0100014717300942,11.867296180671216,0.020846188,5.389016896034962
385334230892516480,,30.52,,2.164384,0.0141598085709709,7.218567,0.0100032206911261,280.74112657912303,0.020284552,9.46013301436897
3855208897392952192,,,,2.2955694,0.0142622748427563,8.675959,0.0100158277170423,142.13662114210976,0.021169754,9.439442499527145
3855246074629979264,,,,1.4629067516001284,0.0141760247717637,11.348879075817194,0.0100045270506654,12.89811054683524,0.016491577,6.901464377008518
3856449627544923392,,,,2.1404421626107877,0.0142030351543367,12.808399009927149,0.0100091020905905,13.009434073902105,0.022846276,8.380453061563944
385697172809355392,170.0,,7.0182,1.046907891551187,0.0155948748266207,13.30592156521522,0.0108343004335687,3.092134633286197,0.015793364,5.756969090186892
3857872051994269824,,,,2.49049,0.0144200138686934,13.413598,0.0100142666218024,32.180370444710974,0.019015562,10.951391919281235
3859431674878660864,,,,2.1528392491006825,0.0142857200656121,14.04853322406886,0.01002288984366,8.55418299834366,0.019325146,8.708699021836498
3859918999047978240,,,,2.5348825,0.0143421047616588,13.966168,0.0100137365097613,15.992603299769344,0.019938147,9.986333769904876
3860043690538404992,,,19.6667,1.5071703174963975,0.0146871337315867,13.663833104853891,0.0102388787774783,5.006794173431462,0.01944709,7.161312079483677
3860369901894562304,,16.04,,1.7985221688389068,0.0142907140832988,13.290676711171663,0.010019462563408,8.138950872942,0.013400493,7.843091917737943
3862378262961788288,,,13.7893,2.149489251000664,0.0155451478919925,14.493226984841462,0.010068494799109,7.313737398557214,0.032994162,8.813888842289051
3864142669886768896,,,,2.840337939678398,0.018984643920622,16.326689589603525,0.0100508787349076,9.291308961043304,0.066253915,11.17022665407288
3865287467650348928,,,,0.8202845754786844,0.0147850825594836,12.800444427827316,0.0103842290538383,2.0744436910210413,0.015269511,4.3867754870225255
3867810120985878272,,,,0.9212817840690086,0.0147045647167484,12.123287853342488,0.0103392627443538,4.112039932463619,0.013203613,5.194925445936073
3868491612036282752,5800.0,,,0.7927316287673005,0.0142152945069024,9.606924865126878,0.0100437314807418,7.669158101198053,0.028523587,4.031708703650169
3868603216762016256,3000.0,,,0.9904687887050788,0.0144307895489764,11.567127564136335,0.0101023568365826,5.4038568993136264,0.018559784,5.231425825474643
3871908447498807296,,,17.0565,1.1760453396494948,0.014523322388398,12.567204472114891,0.0101495030050228,5.05898779498034,0.015513976,6.087038589593481
38723395078288256,,,,1.0382399147558667,0.0252790032524131,12.098021055792683,0.017367483051668,5.038257444354332,0.014523086,5.610208403161398
3877070590167177344,7530.0,,,0.8875007623249355,0.0142313317662673,9.217071872964588,0.0100499890578933,7.646883090104123,0.017387824,3.634443513753247
3882879683758393344,,,,1.0880004529467395,0.0147868853227074,12.127056409624643,0.0104110424600203,1.755411389016287,0.013236681,3.344581605117611
3884361314332210304,,34.36,,1.9582281613547825,0.014296742464481,13.821833739246786,0.0100219587182435,8.264718290918628,0.0181729,8.40779009853124
3886688327612984704,,,,0.74598026,0.0141912302014776,6.884684,0.010002862478088,31.45088861108033,0.022583758,4.372663327272091
3892632287473304064,,43.98,,1.792650121912373,0.0148088026605184,15.488791573096517,0.0102066766866588,2.825815677813245,0.045213312,7.745772181483614
3895649725336884736,5200.0,,,1.6027280503639123,0.0147497841199172,8.951866024302971,0.0103663169830271,1.05112085009288,0.018416595,-0.946542040790458
3895843479901597440,,,,1.459301049207097,0.0147869178727766,15.197707880446488,0.0101967864543705,2.21562403178922,0.035177827,6.92500407917192
3895948101012579456,,,,1.205313310891354,0.0143376653841757,7.570982061969197,0.010108453433116,4.7258103730054515,0.024309756,0.940980580995582
3896271842760486272,,,,1.0607393735697062,0.0145683760548576,14.38124868243704,0.010244064065163,2.0336516076567746,0.024271317,5.923632419102455
3897048338487064064,,,,1.2512600556177895,0.014422613302853,14.286781816422362,0.0101187860904799,3.047019614510853,0.024100188,6.700632734039855
3899064464855774592,,14.81,15.7014,1.6364570989292546,0.0143058696074384,12.988392244685668,0.0100243860815639,8.12339013820125,0.02360026,7.536108596162331
3902370696320119296,,,9.7623,0.85523796,0.0142757978433314,8.626698,0.010010900050592,18.135962148258148,0.024515726,4.918975011061805
3905603054348141440,3000.0,,,0.77334404,0.0141492443500466,7.2773986,0.0100011242103421,26.28549118946553,0.026780618,4.3760657913611904
3906803888551408000,,,,0.8385959807034868,0.0141506074764943,8.476907131053391,0.0100014258879908,14.353627263361217,0.023162328,4.262033665451618
3909373932553827072,,,,1.2160007220983005,0.0148592785811252,14.54356169040087,0.0103452968149659,2.3323686182789864,0.02714142,6.3814154939151315
3909745223886018432,,,,0.8840576302768804,0.0277896202744088,10.628201945734768,0.0100953218600675,7.124576706045437,0.017934615,4.892254262663334
3910747531814692736,,33.62,,2.441626000000001,0.0142703030080255,12.400764,0.0100233947474193,26.256175164178753,0.026618555,9.496723046933258
3917278287286247808,,,,3.128337764537941,0.0229268403637151,16.281149146780717,0.010058518336296,13.737687088110746,0.05318838,11.96999338489236
3919169687804622336,,,,2.9813385,0.0147276957899907,14.246237,0.0100279404677417,23.074482532074377,0.02595435,11.062299388193646
3923915248709126144,,,,1.162116192035879,0.0142399076741705,8.39392819422835,0.0100562799437649,2.8563829613453833,0.029364431,0.669320336658588
3924009634910406912,7410.0,,,1.212948978073107,0.0145205577331439,9.956363637287364,0.0102427681660203,1.4901853096839808,0.018544095,0.8204915930587866
3928391218812375808,,,,2.5906544,0.0142905407133983,10.335732,0.0100141456372746,70.16510684607175,0.029659944,9.56636835075948
3936909723803146368,,,,1.1009045,0.0142631863731927,6.297682,0.0100051250474442,91.05343540593437,0.023557084,6.0941597074683695
39404267653786624,,,,0.8633682826104301,0.0212978479007054,11.764231141597165,0.0146729186379006,4.43239986263476,0.016755674,4.996976246074448
3946945413106333696,,,,1.186981694489479,0.014432842281944,4.43601141295932,0.0100501914170995,10.203968527196396,0.13647683,-0.5191314810752568
3948424496764080640,8100.0,,,0.97435904,0.0141573832911566,8.184688,0.0100020749178583,31.07110654605237,0.022238214,5.6463073584789125
3952692457305436800,,,,1.1383632615648132,0.0145004692343419,7.451275507444643,0.0102180953453436,6.059331523273109,0.02331544,1.3648118658149722
3958951942642583936,,,,0.89031506,0.014146332712542,8.584036,0.0100016736064061,16.759855047750605,0.023772135,4.704705239286707
3961485079994112896,,,,0.808105999529233,0.0141921037860293,9.43074177500863,0.0100284325361706,4.315170138833505,0.024151154,2.609182816240443
3962403923821595264,5900.0,,,1.235341495185595,0.0142932823360685,11.7519355506088,0.010045621192647,7.932970647436803,0.030634202,6.24831009351905
3971777500966832384,,,,0.4663967605105359,0.0706220856289328,18.555653115890586,0.0171526532162285,3.1683446348917146,0.2530307,11.03693611806755
39738656627501056,,,,1.2910841562683126,0.0196840178486657,13.497335631950843,0.0135896469417792,4.038900279041098,0.020730909,6.528682613173016
3977050728669174912,7390.0,,,0.9955411,0.0141727203828529,7.7677383,0.0100052385977214,30.983276932672133,0.03147176,5.223719827140682
3979226627820659072,,,,1.1437740141428177,0.0142698894137466,6.185891765517392,0.0100120341468224,7.271148790980948,0.029444145,0.4947510892786892
3980045523465047168,700.0,0.269,15.5805,1.944407,0.0142710091061933,10.829635,0.0100093278297864,32.409800614513685,0.024075957,8.38326179953768
3988689609004982912,480.0,,14.3859,2.0056915,0.0143133390842879,8.811089,0.0100175328871416,83.8041166348657,0.020357914,8.42723396372061
3994047048130880384,5000.0,,,2.5125122,0.0143658647157861,12.811856,0.0100249863236894,27.897621330637858,0.021676492,10.039370780694515
3995918691799173248,,,,1.1725413388221138,0.0141692235134489,7.315410432277598,0.0100067712530014,10.322100102360055,0.026487302,2.38584395526821
3997075206232885888,3900.0,,,1.0163469,0.0142304100613676,7.526765,0.0100031481331879,46.411875943252845,0.022130016,5.859625575091291
4001613814138156416,,,,0.8653421970174027,0.0142645368290414,11.981708430621625,0.0100655243952316,3.081693686120003,0.016178714,4.427201211632365
4009018273332089088,11000.0,,,0.8213372807155984,0.0143308257105448,10.966648968413091,0.0101243639201946,3.874727793861827,0.035056192,3.907084819107787
4010201828880793984,,,,1.9441013,0.0142387967006898,9.882974,0.0100102876346985,41.93722936505441,0.030770574,7.995658997326688
40139531695379328,,31.32,,1.9022526604935517,0.0147745201301393,13.771291139538532,0.010341387396581,8.00582983871666,0.018324833,8.290239492537477
4017860992519744384,,,,2.4492664,0.0141722340307543,9.582008,0.0100113586716997,102.34752246700664,0.030192282,9.63238035227513
4021079911593673600,7870.0,,,1.33078,0.0141540498493676,8.577943,0.0100009948976395,38.715781842316645,0.023629276,6.51760079857476
402396521052843264,3100.0,,,1.0707356568295854,0.0141994358115211,11.109932778301555,0.0100230272443775,8.231414333929777,0.019794552,5.685903724755979
403141126645929728,,,20.8455,1.9262934,0.0141665841769095,11.562802,0.0100064666707252,26.6810115305636,0.022344727,8.693705106102293
4031575166693272832,1400.0,,11.8062,1.210964337879514,0.0142670678224452,11.765618645488953,0.0100327685300525,8.439804290645565,0.016774049,6.397988840013571
4042548116644168832,2100.0,,,0.8853619224060676,0.0155319191589225,11.68601692924549,0.0108527028269895,4.526229111002612,0.026228918,4.965650478780308
404433018447476096,3000.0,,8.7536,1.0029581085792263,0.0156004083050893,11.90471722534869,0.0108941393138116,5.719347574482935,0.01778201,5.68897759445113
4048015133392824064,6.0,,3.2463,0.4094214274271792,0.0143911798789129,8.062204355302772,0.010157120645207,8.739752090250315,0.026828108,2.7696723769757092
4048037707717866880,,,,0.6698203,0.0144450688702542,5.7723784,0.0100428637439102,27.186833222445635,0.14692146,2.945760592574305
4048636941542753152,7000.0,,,0.93453693,0.0142952550729799,8.418899,0.0100103310691623,22.51547883338601,0.032432653,5.1816755190549095
4050284898932499072,11000.0,,,0.94738483,0.0141546836655267,9.221023,0.0100011868281953,15.81725624423377,0.021458322,5.216528683742981
4056443366649948160,,,,0.9012859038049694,0.3249684782688245,14.794991360779957,0.2205595346320298,0.8454094067379126,0.03938344,4.406579712431947
4062446910648807168,1600.0,,,1.2679987,0.0141760402589616,9.332131,0.0100018013902392,25.021652148982895,0.035148375,6.323190376173677
4070009007975710464,,,,0.79814196,0.0141689005332865,8.272656,0.0100030215005236,17.304552928044796,0.03173825,4.4640490811721225
4072055435329128576,,,,1.2586047538437148,0.0207846259087927,12.675786486398769,0.0143444345780263,5.472936102145758,0.017448623,6.366959590777986
4073600356552513280,,,,0.7578594750507011,0.021670649549775,10.964725668559328,0.0149074127223204,4.011546635250043,0.016561083,3.981293680345624
407530931116600320,7600.0,,,2.3264186285094275,0.0150774939826076,14.900972557854573,0.0103027261470241,7.009193823144092,0.026987443,9.12986324791676
4081376064109034496,,,,1.288269969197512,0.0156165731081418,12.542721320089194,0.0109353734415959,6.870386083559979,0.014878773,6.728657094666824
4083159643769233408,,,,0.8964269804492799,0.0148542213225305,12.95958248669366,0.0104408404839368,1.527528777531235,0.013361569,3.8786012082824257
4083382672829717504,,,,1.4395608591793447,0.0153455256812964,12.289976908214292,0.0107697253485172,8.454197952248455,0.0127098765,6.925421338675125
4083840142695803520,,,,0.6273239734850428,0.016785658125261,12.552952792929052,0.0118636616579785,2.3095486014643396,0.20766929,4.232557260217929
4083952670840373504,,,0.6388,0.8904506768366764,0.0192076572033944,12.5482823855306,0.0133084291354924,3.4693069984183307,0.02027412,5.246380545527083
4084602654011029376,,,16.3644,1.0001685172005153,0.0155495942287693,11.371530512278952,0.0108937563136796,6.575617350691797,0.014796739,5.460776741937588
4096449891854565760,,,,1.1928301,0.0141936796649015,9.075324,0.0100022951822623,25.054211715053263,0.028317686,6.069883406773625
4098446119569242752,,,,1.0481961342466692,0.0207411010099783,12.243244563488188,0.0143341533163975,4.964262696475233,0.013103457,5.72227584016788
4105386688016878336,,,,2.1244783,0.0142147187436624,9.772217,0.0100210845124584,58.879661860598475,0.02975004,8.62203620846806
4122343906051101184,,,,0.7309079,0.0142775019048199,6.3757396,0.0100022338529271,21.00687627315822,0.022890199,2.987958648911129
4130539180358512768,,,,1.0339681055798913,0.0184410794174988,11.649969937536405,0.0127841416695672,6.420685855036845,0.015321931,5.686049769224125
4134094524223600640,,,,0.71661425,0.0141601265263147,7.298229,0.0100016593453839,22.891326364002325,0.023841098,4.097164045800981
4153637759337630720,,,,0.86485386,0.0141801647574306,7.7842846,0.0100045152614227,24.02458268886926,0.025921954,4.687392775154634
4153949058525858048,,,,0.8876858,0.0141654175303611,8.718481,0.0100079664728984,18.318181310455564,0.021554407,5.032745731455876
4154598526336121600,7400.0,,,1.5630932,0.014196244444276,9.488493,0.0100039905827712,36.79056116087105,0.015737446,7.316914154412189
415703635408772480,700.0,,,0.5805780616457357,0.014850149663439,10.912850945613767,0.0104584959737666,2.721221888538588,0.021707483,3.0837741050615364
4157584215800708736,,,,0.8847909,0.0142198074087101,6.7473307,0.0100023469605109,25.62867474637948,0.04102769,3.7900835573998553
4164319171172759040,,,,1.2523377,0.0254007873581504,3.0769866,0.0101615524243974,22.936889175843586,0.19219178,-0.1259600268702208
4177560894633502720,2500.0,,,0.6996628492347993,0.0451185487805791,10.940565305438875,0.0306798748034952,3.366325865127393,0.018761091,3.5760899214396105
418206501834841600,,,,1.1840193324020558,0.0142333091871331,5.649561570860102,0.0100074674981526,9.149354116543993,0.032160334,0.4556708504247408
4184182737768311296,3000.0,11.275,,0.8556452009690397,0.0162041938515149,12.297224057057075,0.0113067185992542,3.2135655220729578,0.015234065,4.830936893070043
4199396753205879040,4300.0,,,1.1191592,0.0141822415779539,8.152353,0.0100027210198367,35.89379627869246,0.022137543,5.927114706002976
4201307051566729984,,,,0.98636913,0.014152990716993,8.378475,0.0100025574498,20.76939193466188,0.026857791,4.965816062996305
4207586980945067648,5.1000000000000005,,4.6814,1.3113488655735932,0.0265689966908497,11.06009871413454,0.0152169789737814,7.496875176349439,0.021432146,5.43468780364408
4216036349838071424,10200.0,,,0.8177149497739875,0.0143529413763003,10.567748523902363,0.0101237032972164,6.222152085200584,0.021282384,4.536849337685938
4216059714460162944,8100.0,,,1.1851854,0.0141565153839429,9.225453,0.0100008484821367,23.429888699725943,0.01852,6.074163442019957
4223507222112425344,,,,1.794136,0.014172092770997,11.268544,0.0100094519816539,20.141238569307777,0.02072224,7.789718931352981
4224062406762625152,,,,0.7837350816281562,0.0150986261951063,9.48133421792885,0.0106173832837034,6.722695702068431,0.014855893,3.6209404230902713
4224259562941398400,,,,1.1305127,0.0145256368531144,7.512979,0.0100185086936659,50.97879624411764,0.02298936,6.049926881567632
4233021433662981760,3800.0,,,0.8442799024682824,0.0145950472907664,9.42345381609558,0.0102923782632427,10.64447741374332,0.015437061,4.560191807014331
4238527753544691712,,,,1.1208206275956982,0.0154412357348186,7.066352656351104,0.0108428125942409,9.873021010356029,0.027957434,2.0386102287756342
4244243354278985472,,,,0.7897968150553516,0.0147789745081174,12.23022218711543,0.0103961921658006,2.507521267649633,0.01522262,4.222972369753368
4245906369913936000,,,,-0.4256913535603668,0.0663027088973919,13.057152253295085,0.0441108599118196,1.3540380277086383,0.03556041,3.706492810541288
4246124829130366848,,,,1.044342868015961,0.0141796760163037,6.220869519526859,0.0100060516326449,13.762430447971504,0.02899276,1.9144341676971963
4247023886053586304,,,,1.3455868,0.014202047040749,7.0766416,0.0100025653653985,78.68116117102171,0.019802462,6.555826665473366
4255957040079935488,10700.0,,,1.0820026803923066,0.0441560673921691,13.900021849466174,0.0296346800982775,0.8910383215900312,0.032983057,3.647484443674235
4256135160951556480,6730.0,,,1.101181461788371,0.0308326281943187,14.381411726273669,0.0203672705511503,1.3428761064779693,0.04421247,5.015866958814623
4261265619668314624,6990.0,,,0.8611369070324025,0.014159652929941,7.787067570480788,0.0100041933178977,14.354331427256534,0.025318429,3.571520431463023
4263427117767106816,2200.0,,,0.6570393419564418,0.0186137122886609,12.626885625916785,0.0128082278333669,1.351982968140929,0.0176832,3.286743539951683
4263752921128319616,3000.0,,,1.3055486078864391,0.0406627865349177,13.862032279957386,0.0276286776870371,2.954112753811996,0.025954561,6.212840391797776
426758571995216768,4700.0,,,0.8193521252792066,0.0192073165055719,12.0798775755334,0.013307977515984,2.022701602863675,0.010786814,3.614886473931571
4270547520706275328,2000.0,,,0.9139705320842574,0.0560124593516962,11.55242440390915,0.0380366498910607,3.340495348461156,0.01500859,4.169732790054068
4270573397890617856,5310.0,,,1.0522941410451574,0.0166623305244976,5.690820074054793,0.0115095236672091,9.26551356478276,0.039189167,0.5264287495380788
427224073427887360,1300.0,,,2.1828127,0.0141999374534919,12.542486,0.0100037647904476,19.336223537855115,0.013050931,8.974456686060444
4275421969292868224,2320.0,,,0.791656,0.0141616386316372,7.9681063,0.0100034896977077,18.64964253856373,0.021881752,4.321383159238656
4281180283478682496,,,,1.059636397637091,0.0146787322600757,7.7368551812001565,0.0103241071708629,7.68061101553697,0.025537811,2.1641100421738697
4282578724832056576,,,,1.9783306,0.0142770713083809,8.460503,0.0100180079916669,90.05793298994213,0.021416826,8.233104600211888
4283597937777249408,7200.0,,,1.0099794699653175,0.0879942144074715,13.74206682567224,0.0596616546868834,0.9963976130786532,0.032939658,3.737895029045213
428360006379022592,300.0,,,0.8149870052103987,0.028784722999926,11.53706676007507,0.0197077012979678,2.7832621492779825,0.010854397,3.758078509329852
4284680029006075648,12000.0,,,0.9617780682959264,0.026027862734623,12.493061083499969,0.0176755111635983,1.3407658633606834,0.015853832,3.1289922888575887
4285073581136130560,4500.0,,,1.0303277959596076,0.0330667699045383,14.652537667099589,0.0223937472043357,1.2522166677933566,0.046141133,5.135333332186825
4285511294172309504,2000.0,,,0.6070379876309877,0.019902976611957,12.447296409445157,0.0135649402356574,1.55986724064662,0.014435835,3.4121196284597772
4285571629874670080,6000.0,,1.0844,0.9079178096137102,0.0198734482672929,13.22192214911675,0.0137438970672903,2.3792591736696256,0.016025688,5.101231449216664
4285572454508522496,3300.0,,,0.8155085924939015,0.0180138251123606,13.35582172997019,0.0124679950672225,1.595017372786426,0.017985927,4.3667785507696895
4285684673395749120,,,,0.732538786155701,0.0164002995775052,13.333436234084378,0.0112291574379037,1.6018215967304172,0.016268509,4.356322698703071
4285689616891369600,4500.0,,,0.7276942274744226,0.1431874202300274,13.988097736748957,0.0972153556213415,0.91163402601155,0.024120128,3.775747022306073
4286437357841760000,8600.0,,,0.9747036518674188,0.0686333462650836,14.852488372211608,0.0466025120106426,0.4418126174185721,0.19424641,3.5665981397680824
4287820848378092672,2700.0,,4.5756,0.9648397904805264,0.0195617344302419,11.963528444283622,0.0133068162361342,4.7065064775808105,0.014295013,5.32719177140612
4287832775526476800,3000.0,,,1.1971462362571554,0.025800613021194,13.38511899735326,0.0175509791867083,3.1306394890219873,0.020725902,5.864518855493788
4290415081653653632,,,,0.6133258181132187,0.0156182820965322,10.720387645015323,0.0109391183236717,2.881508649974731,0.01759626,3.0194190968256933
4293318823182081408,,1.003,,2.3785190000000007,0.0143023556699884,8.099911,0.0100148282837557,169.10278028157376,0.023926072,9.24064953345394
4296208099222829568,,,,0.78168774,0.0141561370245068,7.73006,0.0100018736236565,18.375464647518413,0.02062137,4.051381854786991
4298361114753012992,,,,1.2143457,0.0142575242876595,4.4119096,0.0100286985007228,17.55254562133083,0.100609675,0.6331278906344417
430269136520563200,2310.0,,,0.8785450608590917,0.020957699291412,11.72050449762185,0.0144161572161852,1.6838728080257452,0.010649506,2.8491845897225936
4321678767076043264,3430.0,,,0.6941571202917171,0.0142587160975749,8.830953232082724,0.0100714820857804,9.24676620429604,0.016012326,3.6608299295766553
432549871529588608,7900.0,,,0.9643994303404956,0.0142062675128032,9.712944136655327,0.0100056937077787,13.794914014770209,0.016874956,5.410936268428317
4325505960880989952,,,,1.173525963690934,0.0362242736366213,12.466119939109314,0.0244553296172725,3.6768231322943694,0.016639369,5.293643578586394
4330690742322011520,,,,2.7315807,0.0142415837725559,8.801877,0.0100082785124948,232.18964883974135,0.026823945,10.63105232798855
4334991786994866304,,,,0.8477193099358692,0.0391682060911546,11.520117603969492,0.0266326870606823,3.8338080381011927,0.015926221,4.437372139602948
4342464209753404416,5130.0,,,1.4928125609503509,0.0251326442378933,4.6387588764886845,0.0170358677047104,7.322999836953851,0.09926547,-1.0364921751296938
43802039287826432,,,,0.8125124,0.014160736878012,7.3485003,0.0100018164563314,21.50791145529033,0.024101965,4.01114914068602
44062348664673152,,,,1.0352649592484229,0.0202437088229886,12.79810705023488,0.0139784930724243,3.5165142866107297,0.015133108,5.530084056890091
4415515934099120768,,,,0.6901984,0.0141633428242135,6.8133254,0.0100035216138341,19.849384549862467,0.034149602,3.3015329492534953
4423234230853333632,,,,1.198579351640086,0.0143117520456541,4.925041791389898,0.0100198570111983,13.13834522351121,0.0695269,0.5173737061084456
4430238051199001216,,,,0.7825,0.0143852646387635,4.246856,0.0100533695893846,83.958626569609,0.15005308,3.867458755414272
4463442512084825728,,,,1.166344601246223,0.0142038384642279,8.217743738458282,0.0100357292067943,4.403711798406151,0.022348562,1.4384352232758353
4472832130942575872,,1.004,,2.8336967,0.0142060653055497,8.1939745,0.0100243778798873,547.0241867309479,0.040116355,11.88397479237577
4474644332250439552,9000.0,,,1.0068998016528246,0.0151975487505073,13.179754700252008,0.0106379449702855,2.499571776232638,0.013554524,5.168166210540614
4477300378701511296,3000.0,,,0.8668674438339369,0.0821527690246759,14.920023395121008,0.0557851800575984,0.966592046360012,0.03786633,4.831079389772036
4483640815570090368,,,,0.4212180607562737,0.0172568992739202,10.10843370674746,0.0120073296204267,3.457075995961848,0.019623086,2.8013714256719418
45159901786885632,,,5.8109,1.4111423,0.0143624014710941,10.051599,0.010019011483327,22.26463792233613,0.017393649,6.789610584078405
4521842556801236352,,,,0.8721426350422338,0.0153206457391516,10.278825216581897,0.0107681941711893,8.201411637067716,0.01969421,4.84884798070412
4524517290642206336,4100.0,,,0.8776124162890404,0.0149167776281423,10.883679183661144,0.0104946712619578,5.689262778176441,0.017473813,4.658879962762732
4525545299652540672,8000.0,,,0.8960239648207906,0.0163039032641267,10.54544830688524,0.011409194608316,5.115848757957564,0.012540101,4.090713494222575
4529634417760144896,,,,0.79300785,0.0141446542423753,8.346536,0.0100007887785264,17.83051483943422,0.015004676,4.602638891293104
4531901709506539776,4100.0,,,0.7727031466641707,0.0150525943833569,11.899296370261576,0.0105515701069195,2.12282778300896,0.013857018,3.535587853082225
4534144923690481408,,,0.197,0.8343216956262495,0.0155345467744019,10.575353798666129,0.0109044055848228,5.096065607869374,0.01096357,4.111093258556876
4535299582687857920,2510.0,,,0.6677025794919147,0.0150947022585715,10.78313518517947,0.010608169383277,2.779509335813481,0.016918061,3.005082238857766
454187981188647168,3300.0,,,0.7616910701433559,0.0204210520301551,11.909815350225443,0.0140786937812893,2.529465406307677,0.011097662,3.922550825890756
4548496986402688384,9000.0,,,0.8434571865751579,0.0141500583069572,9.351237634885711,0.0100029384236667,12.982886455120024,0.015343416,4.9177041928136305
4550763526539955712,,,,2.1102657,0.0141569190124789,8.74288,0.0100030594522811,122.589207510855,0.017568411,9.185170169299118
4558177980124887936,1770.0,,0.6722,0.5620465531949901,0.0151246902430455,10.007994948113431,0.0106333770783175,3.765549997879563,0.019745478,2.8849748528634684
4564566554995619072,3970.0,,,0.669266675773066,0.0143096533408325,8.761649048486559,0.0101093045602165,9.186781214411496,0.015193034,3.5777394819941097
4572835535272627712,,,,2.1124458,0.0141966652296818,8.823617,0.0100061620814355,96.26177720914136,0.02437334,8.740939046393422
457317534880081152,270.0,,,0.3485202588698175,0.0200971191338197,11.64399045386994,0.0138254683522518,1.5010206435938256,0.0138910515,2.5291495165996363
4574156834713113600,,,,1.1421589897612168,0.0142443323023395,7.212676991819855,0.0100579623150752,10.59309999655675,0.019077118,2.337706774897578
4575374857376398976,8600.0,,,1.2066212,0.0141509984981261,8.117674,0.0100013243777345,41.13537526458651,0.016897766,6.1886529967697745
4582680493669880704,9580.0,,,0.96445274,0.0141576995131503,6.802036,0.0100007697844583,45.52286368785009,0.01667105,5.093211193787575
4583004815239650176,,,,0.737411235036029,0.0147566584287812,11.333135251073672,0.0103923902634308,2.959841400980818,0.013419858,3.6908480362710616
4584639307993378432,,,,0.81774473,0.0141560230332961,6.909487,0.0100017276863738,35.428498938442175,0.014562073,4.656266740192721
4593808272896243328,5300.0,,,0.7882860149835982,0.0154900311460367,13.015653216276172,0.0108469938322298,1.933270202395138,0.010048196,4.448465331585522
4596481632339898240,600.0,,9.6429,1.1009504157378625,0.0148232938672443,12.956776705852722,0.0103856042554814,3.3530401117047837,0.013426572,5.582509295689153
4597447518944594176,2000.0,,,2.7518587,0.0144936033275447,13.671284,0.010012642423074,31.81151200050497,0.014248549,11.18406611899976
4606030169272920320,,,,0.7874730333547549,0.0142421138672276,11.80342075410872,0.0100540707697493,3.2633585390915,0.010455294,4.372114336134526
4606416269652179328,5100.0,,,2.6466103,0.0142116625025944,12.504141,0.01000764703124,33.273992929105844,0.015424279,10.1145873585408
4608935250790855296,2200.0,,,0.6762877308028045,0.0142264948947071,10.473543623591798,0.0100487317081821,2.735731076071517,0.011759954,2.656552138885022
4609062308806929152,,,,0.6684136543951482,0.0142774350140472,11.457042587694364,0.010055187914278,2.0157553843381866,0.013632921,2.9838121771649675
4609131509318715136,900.0,,17.8198,0.9007159502084869,0.0143053676433877,12.184563068485463,0.010047330845753,4.325208771172269,0.009146863,5.3643232968170995
4610267648427698816,3800.0,,,1.4334955,0.014176776715933,8.514702,0.0100017036842821,44.13075083656803,0.014426127,6.738392065419657
4613145315172329984,2520.0,,,0.6953237760114773,0.0154149166585945,11.097406358409335,0.010805636703593,2.885677375457428,0.012114266,3.398123390158169
4617759514501503616,3000.0,,,0.6853895,0.0141716163387944,7.815936,0.010002833547112,17.425773819337582,0.017837942,4.021518055284209
4619238087059206784,4600.0,,,0.8546487640710846,0.0141838468028131,11.101349549157591,0.0100213211136324,5.704210588444288,0.010138466,4.882080262429209
4619939536821435904,4000.0,,,0.937103577474109,0.0160737315025452,11.99222827212366,0.0112483896897063,4.335889757034173,0.009035633,5.1775985193277325
4620009665047355520,210.0,,1.2304,2.5754967,0.0153745765037973,12.767934,0.01005297605605,26.826150157306536,0.018084262,9.910760536605212
4620574887039870720,6700.0,,,2.868920512815025,0.0162762881828783,15.562538496152676,0.0100224364959596,14.495362493994184,0.02694288,11.368826374374295
4620844400530949376,1500.0,,17.3532,2.0182533,0.0141969945089888,11.848163,0.010005516306479,21.708409699380095,0.009921159,8.53124744529433
4621607053580909568,,,8.9445,0.7342,0.0146072020287611,8.383911,0.0100019869492836,14.662809355278576,0.01597025,4.215233857807037
46217666333148416,,,19.7752,1.4863748559866508,0.0141730291507263,11.996708713252946,0.0100131523942984,9.997641771157296,0.016902795,6.9964264401870615
4623036865373793408,2980.0,,,0.76070404,0.0143816285244832,5.5115805,0.0100237929489201,54.68585108790331,0.03544243,4.201184972150647
4624979393181971328,12820.0,,18.0372,0.8635173123354954,0.0167777757751966,12.363652008795896,0.0116998570859563,2.8264652580880516,0.0104966825,4.620326007276541
4632865331094140928,2500.0,,5.587,0.997597024292854,0.0141531785433269,10.005172047377874,0.0100015748503678,12.152936738636376,0.009993687,5.428820069170708
4634528720388462592,,,,0.92418003,0.0146572730825164,6.408673,0.010027991710378,56.971093177921205,0.019215303,5.186969394460046
4638853885598035968,2940.0,,,1.0555517692907483,0.0161214310355554,10.86168769387506,0.0112691986144053,2.4921132481376875,0.012347071,2.8451079870535416
4640654168385886592,6500.0,,,1.0572216589133387,0.015069634761964,12.998935325381655,0.0105931715892947,3.353347520541145,0.008934717,5.625915971132724
4641274773980363520,6400.0,,19.8073,1.092367436923252,0.0161810150481562,12.687565421386068,0.0112772261402082,4.234599963019512,0.018597703,5.822531194023179
4642472794978268800,,,,0.9076071,0.0141703862098623,8.202384,0.0100020707885173,23.759820743174156,0.0172283,5.081316377475506
4650314511916109696,,,,0.7430248,0.0142093386526965,6.559264,0.0100024759223949,26.288082390540485,0.016955826,3.6581445915806783
4651366263526130816,1823.0,,,0.625811969660902,0.0143672993109428,11.165229085962354,0.0101327057770884,2.473973369967486,0.014091369,3.131495407184504
4657193606465368704,,,,0.97041845,0.0141844042592144,7.8646474,0.0100023508017185,37.82680985358812,0.02063763,5.7534694936533795
4657949756881138176,700.0,,9.7215,0.713862014987856,0.0141689063792881,10.56811458214387,0.010006897978863,5.650406367635935,0.012341126,4.328418981397057
4664811297844004352,,,,1.1282430852955867,0.0142313947102895,12.156587448421837,0.0100097232537557,5.6243066598969405,0.009592345,5.907273221475645
4665277593852295424,,,21.7551,2.5873337,0.0143654591239061,13.6414585,0.0100208432190778,20.96526762267933,0.013280564,10.248941246463042
4665704096987467776,3730.0,,,0.7253184196886893,0.0142312655924455,10.229460597177663,0.0100479034923035,3.810045448326586,0.014069696,3.1339266553335037
4666498154837086208,,,,0.8431662338977384,0.0149045046328312,11.037087449746526,0.0104902952508645,4.609704645950738,0.010002651,4.355106098835897
4666907516760096512,,,,0.7523694,0.0141636094165479,7.4385877,0.0100018214541073,18.18203847510528,0.015774377,3.737119777070125
4668163021600295552,3200.0,,,0.6747216253807775,0.0141540109018034,9.30582418202284,0.0100017759495861,7.136362438376878,0.009777439,3.572811957885275
4670023700215616768,4802.0,,,0.691247,0.0141571133655402,7.650367,0.0100018886333592,17.932852865429737,0.016269086,3.918844455417488
4672607178880426624,8000.0,,19.0754,0.8833234257423377,0.0172250702933183,11.988831529202674,0.0120083885360939,3.324191900541767,0.01061495,4.597938645294924
4673947174316727040,3800.0,,,1.3695698,0.0141783868249608,7.686759,0.0100024811007006,61.23164146241579,0.015037491,6.6217096392235995
4674216245427964416,,,,1.2445726,0.0141521895633987,9.3899145,0.0100010644084623,25.589590043609416,0.012747204,6.430488843592791
4675222436007028608,6560.0,,,0.81416035,0.0141594164265013,7.7393684,0.0100016809523833,22.87431066823508,0.019267617,4.536219389008085
4675352109659600000,,,,0.5518845017022953,0.0144633913132003,10.58924551354264,0.0102072749794043,2.818907482650987,0.012893304,2.8404903391616827
4675576135153914368,6200.0,,,1.1779351,0.0142406432725798,5.5130205,0.0100066217330124,22.724105526677143,0.03393652,2.2940696312928868
4678605152248591488,,,,1.1710529,0.0141678877053923,9.072492,0.0100011119198712,22.89558682559239,0.0121208485,5.871275694867212
4678664766393829504,,,,1.2307637,0.0144197702463316,4.134786,0.0100749069409548,54.230814603845246,0.1018749,2.8046642127005095
4679529738448820608,9800.0,,,0.9009012863516704,0.0146600356824527,12.255442776831645,0.0103335362002966,2.86897712637438,0.012289474,4.5427364052322865
4680527991927519744,4900.0,,,0.8388158597982706,0.0154630609590269,12.845057925861587,0.0108550931251927,1.8050367043924465,0.0147309555,4.125382148307862
4680773217379728128,4508.0,,,0.8264773320176974,0.0141524320415635,8.430087833394584,0.0100016946861592,10.696018846164852,0.013872773,3.57663531176453
4683737294569921664,6800.0,,5.7153,0.7952103748476403,0.0143205830987018,11.061354464152028,0.0101068636508748,3.9910192775812527,0.013422424,4.06843551530012
4684205720883329920,1310.0,,,0.5547668991042928,0.0142577354734679,9.513992928555174,0.0100623543644988,5.076617077594203,0.010473364,3.041514462280242
4684513614202233728,4700.0,,,0.807220458785353,0.0159834867111382,12.159943004434972,0.0111870355196005,2.4585374173371974,0.011145126,4.112994528559971
4697508196671120000,1200.0,,,1.1233664,0.0144634896190854,4.4194345,0.0100513700106862,14.748673637933711,0.08780799,0.2631232019611031
4698692748651744128,6800.0,,,0.9934887936797318,0.0141557508097433,10.717272783954742,0.0100027314845878,9.076873614411388,0.010062385,5.506938632759708
4699702272124241152,9400.0,,17.7375,2.065090319125965,0.0145110844747292,14.385876619347185,0.0100594144196396,5.356174603849214,0.044023655,8.03369443511357
4704957491028733824,,,,0.9694977,0.014156855520322,7.8488874,0.0100013613343896,27.70228036424416,0.01613026,5.061170443981886
470650560779277952,970.0,,,0.5299890343462303,0.0184849086847585,9.675907865373308,0.0128569037897322,4.898982585725929,0.02610466,3.1270221943381884
4707634458245031552,4510.0,,,0.9286912830817357,0.0141900220665421,7.60527703160167,0.0100031538705107,12.504419882602456,0.016992304,3.0901764820867488
4708607629114652032,,,,0.8275051,0.0141996461836903,6.3880486,0.0100019617340305,45.3653263976139,0.017751882,4.671695924236434
4710594412266148352,3200.0,,,2.5513084227838014,0.0147522928443123,15.325266219313365,0.0100199983952277,7.154565382970115,0.023632614,9.59565888368756
471536354830504448,5500.0,,,0.8641405,0.0141468686651984,7.5985823,0.010000799188192,32.41566913422993,0.023792159,5.151827196345294
4715813347286590080,5700.0,,,0.8377358828539379,0.0143330748014293,11.911609493636217,0.010118052728764,3.273887387502437,0.009921302,4.486547563817483
4716158250340258944,,,,0.7812085,0.0141541340950491,7.18787,0.0100015084882153,25.670687173407135,0.014573536,4.235234610749502
4724771790072689664,6100.0,,,1.2046385,0.0141567989846946,9.119958,0.0100014283604171,25.12680354175546,0.01233344,6.120915886708249
4727755005637190016,1790.0,,,0.6167302209254317,0.014290725121625,11.306528707167471,0.0100899323815735,2.4887018765925415,0.013094926,3.288509667039394
4728513943538448512,400.0,,8.799,1.0630646,0.0143080448279064,8.741666,0.0100145098684308,25.893766845355408,0.012846962,5.807434202824758
4729947569262040960,,,,0.918149,0.0141752999715919,7.768191,0.0100015170600905,30.026203988881463,0.017665133,5.155705470165135
47316005432912256,17.0,,0.7142,1.4406074985642954,0.0165484990148471,11.796705743262056,0.0102625801892667,8.253963002351028,0.014843892,6.380686295810319
4733035238430992768,2600.0,,,0.74502563,0.0141631513514128,6.978857,0.0100026357059276,29.87012749058375,0.019418726,4.354605691156166
473934011733049856,,,,2.4947134664843347,0.0155461992166835,15.60767824105603,0.0104947423779275,5.89136504461653,0.030768117,9.458995341383932
474143193821024256,6000.0,,,0.7143228875805138,0.0141512143652708,7.890834604118705,0.0100028127932009,12.730960179360244,0.019269265,3.414947714905061
4743692151804240896,7200.0,,,1.0594244,0.0141546665895613,8.119903,0.0100013803057773,35.53855188457969,0.018495025,5.873117450231863
4745373133284418816,,,,0.7264128,0.0143127610263444,5.256284,0.0100138616333525,57.62232634522431,0.03827621,4.0595631231695775
4745660479479743488,,,,0.7402366531005851,0.0141574913594853,9.330636142848332,0.0100062049465577,6.255710169871793,0.011164959,3.312717386075464
4746157737910069888,,,,0.7237241797456956,0.0141536422848717,10.030503330143713,0.0100056476141693,6.353582947217833,0.012855889,4.044563629532055
4747624104168195072,,,,0.7258718528066477,0.014163811878417,7.430807363424806,0.0100022468590958,13.019697782896417,0.017194608,3.00283123125409
4756649415309914240,,,,0.6775540960147788,0.014154532513423,10.076275877979809,0.0100059995695377,5.697042638800765,0.011260031,3.854748297723761
4758877919212831104,4500.0,,,1.1664023,0.0141769474236205,6.857923,0.0100012631212949,77.3274060611626,0.016985562,6.299574471384315
4758931211166869632,3990.0,,,1.1467560421287637,0.0159118111935479,13.94001249380047,0.0111226634590293,2.5227949838255097,0.011882767,5.951503093048075
4762582895440787712,800.0,,21.2435,1.0366220812634277,0.0141686596619599,10.577960167837396,0.0100039373073347,9.838006921764071,0.010506975,5.542589457609413
4767547667180525696,,,,0.6712636587479426,0.0141575755186929,8.948873540392558,0.0100022214345711,8.920054103786356,0.014171262,3.700939796140105
4770828304936109056,,35.7,,2.3044269999999987,0.0142024443432847,13.405687,0.0100074801083142,17.60593120918904,0.011004524,9.633721067330464
4774301387290235136,,,,0.9006586,0.014162158196142,8.226516,0.0100020637789223,18.02414873061337,0.01948955,4.505750446324537
4780294722094459904,,,7.713,2.5614262,0.014406414054096,10.683944,0.010014717656187,66.09532203399826,0.017207395,9.784821753072505
4781196115469953024,,58.0,22.6068,2.328193500000001,0.0142241221800117,11.62116,0.0100056150234756,44.49208948844197,0.014726759,9.862564902208277
4781553628548774656,6000.0,,,0.8888998,0.0141578007136358,7.512529,0.0100021498564203,18.129675100868923,0.02470812,3.804941796602713
4783664690873269888,5900.0,,,1.1340017,0.0141528979263303,10.349036,0.0100026748263845,14.744247569632169,0.011219758,6.191597153145324
4785886941312921344,1100.0,0.728,0.7258,3.107965,0.0143015526323599,12.873695,0.0100207165656442,71.51872713216177,0.021491667,12.145850374694051
4788741548375134336,,,0.3037,1.8656092,0.0142929441528366,13.643824,0.0100158807400755,47.232390356644565,0.019982621,12.01518996390929
47908509057301120,,,,0.934228867734413,0.0237012695950253,12.603418624315864,0.0160250404080339,2.047845647842417,0.016587097,4.161212104720089
4792774797545800832,,,,0.2614324,0.0156730699142924,3.8232422,0.0102516118420073,50.93832062882289,0.14821085,2.358165485839087
4794830231453653888,,,,1.0842009,0.014172388791814,8.408289,0.0100395018569715,25.617417456279792,0.10427584,5.449957103478385
4799563663371481344,2500.0,,,0.8211203444645419,0.0141543154471504,9.203573048698605,0.0100010674198772,14.43606937543722,0.013340049,5.001228717545299
48026706558487040,,,,1.2369773,0.0204873799053358,3.2804532,0.0100569780126176,22.40200945562801,0.1721149,0.0317708775077143
4807503030677131392,,,5.7362,1.5794144,0.014214344907744,10.168684,0.010011533131575,27.30897414474563,0.012554358,7.350354547094484
4808732662634331520,,,,2.9317627,0.0152851313858043,15.017572,0.0100146775290903,14.995865964251328,0.022232974,10.897491920984583
4810594479418041856,,,,2.0266457,0.0141784807685996,8.063552,0.010007753695581,254.20545626384575,0.016842743,10.089450622205565
4816462091938129408,6390.0,,,0.6699274107610065,0.0143902040535158,13.904736460025266,0.010125927210143,0.9865875386637264,0.012531953,3.875123315357555
4819647205326045824,9970.0,,,0.8490501655361173,0.0147212850980126,13.320415614474568,0.010465482616923,1.5704377097761382,0.09821334,4.297656277840355
4821739369794767744,,,,1.8549936883561255,0.0143317687355567,14.845632196157345,0.0100189175928089,4.629099533153168,0.016962422,8.171348103455218
4822916912388338176,7000.0,,,0.9046089054655736,0.0141669708242664,12.171670706567404,0.0100105918112846,3.27719451140587,0.009630711,4.748467679409822
4827532078086044416,,,,2.3073845,0.0141980675681223,11.113855,0.0100085880160112,42.51647304209248,0.020986918,9.256584196197142
4828528063821835648,,,,0.79678106,0.0141683341748838,8.040101,0.0100029558168683,20.36385961234484,0.015031335,4.583904876472204
4832768399133598080,,,,1.0793068264641437,0.0141633732125689,7.6168943544314995,0.0100031871973256,6.143932445182747,0.015252127,1.5601110006722596
4833654227548585856,,,,1.6427431,0.0141930430902499,8.020994,0.0100036032885421,73.5288698006504,0.016360268,7.35323255866919
4837286842168217088,700.0,,,0.5858061839506629,0.0141947557262526,10.888922686917851,0.0100274988261329,2.629927793071434,0.014959232,2.9875560868871194
4840050395924931968,4010.0,,,0.8342614,0.0141529673149151,8.096008,0.0100024182552239,19.936455939924983,0.016023422,4.594080003281933
4840909492463387136,,,,1.496563,0.0141821113344597,9.893325,0.0100023480685116,24.86342981876291,0.011195987,6.871215524108138
4844691297067063424,120.0,,5.2123,0.9173308438360326,0.0143871660341044,10.755570188345349,0.0100202610614306,8.113981403924246,0.010753243,5.3018902698875365
4847001302277419904,,,,2.227473593765237,0.0142515441961017,13.613818186394122,0.0100073276698403,10.88183764922132,0.012044378,8.79782926096118
4847732649308331648,5300.0,,,0.783287551102465,0.0141528935192033,9.026033680919722,0.0100015201285543,12.601673501578924,0.0121701695,4.527977145983778
4847957293278177024,,,,0.9325981,0.0146444013174681,4.063915,0.0100538412231893,165.5350935575573,0.07836173,5.1585160427519465
4848140361962951552,7000.0,,,3.6653757,0.0143432518976236,10.995456,0.0100220199400922,272.18890083178223,0.031645775,13.169785448054109
4848767461548943104,2500.0,,,0.6933937,0.0141565163164853,8.139591,0.0100020459298089,15.90982401664733,0.017027432,4.147345935908277
4851053999056603904,,,,2.7097025,0.014316906090898,12.544072,0.0100165557267585,32.35330439663144,0.017783526,10.09350208090108
4851398799032507776,500.0,,,1.0329079557482734,0.014230538472963,12.260895985194644,0.0100386948735877,4.712453590679655,0.00984125,5.625678753141319
4855422771071903232,,,15.2938,2.1276448151804463,0.0146590634472108,14.367161148613492,0.0100361703900514,6.5254230213551105,0.015836006,8.441142061953027
4859136199796131200,2700.0,,,0.892019558856749,0.0142568511080954,12.85053236813069,0.010062164038512,3.590104586930456,0.011918267,5.6249793985739505
4864160624337973248,7000.0,,,2.2799482,0.0141760106596359,11.532965,0.0100065156884383,50.34607944540537,0.015072701,10.04271338002246
4864759888238232320,3400.0,,,0.7598506757564275,0.0144916869441286,12.265876350779228,0.0102180600116227,1.3940721872388675,0.009831481,2.9852107519664894
4868261081155110400,,,,1.4943209,0.014157431640784,9.4755945,0.0100021913153575,32.02657962403285,0.012269756,7.002999600874107
4870809920906672384,2500.0,,,0.7381704072005406,0.0141505793403895,10.294905801649458,0.0100040836332813,6.4655205438796,0.013229274,4.34688206169457
4873225513593736960,9220.0,,,0.8199333499157803,0.0143426113464823,14.169591907224094,0.0100897096576985,1.005726802191793,0.014630631,4.18134408944786
4873830691665395584,3280.0,,,0.8648189734167371,0.014363697197754,14.396337830570957,0.0100938960047712,1.3121159571916483,0.014624317,4.981972893214703
4875693023844840448,9770.0,,10.2132,1.2633865761033,0.0146386035160843,13.792320127955216,0.0101203636951415,3.2892379196063537,0.012638246,6.378827825529642
4877426575724467456,4600.0,,,1.8121393147861613,0.0163979413283283,15.759164954639903,0.0100888893058791,2.568401377823086,0.029374855,7.807506234472841
4877544322252002048,2100.0,,,0.8058340725993184,0.0141535898659563,10.440597714723635,0.0100031220501149,6.711106690948549,0.011477999,4.574711959487736
4880032624440826112,4800.0,,,0.9433384,0.0141461431140801,8.914871,0.0100009172303071,17.3057592303345,0.012656877,5.105968306125826
4884779765893739904,,,,0.5460309361227552,0.0145493502881408,9.95711334310134,0.0102635388396754,4.086095495436656,0.014862747,3.0130317492332956
4886243456388510720,7200.0,,,3.713295,0.016986414987479,15.791257,0.0100216670337837,30.995770235596265,0.041841697,13.24727703082827
4890849134501995392,8900.0,,,0.8946010467972525,0.0148007080533277,12.99046740417199,0.0104215926853435,1.4782359707618264,0.011589793,3.836921565555542
4890874702443960832,6140.0,,,0.8255665161098806,0.0163685690940356,10.1772507559581,0.0114567749824413,4.2022584846548225,0.015606138,3.296705267385615
4891362198412001408,10300.0,,,0.8623964917615837,0.0145738829289616,13.682958185471888,0.0102640964999642,1.6023217680248798,0.012024253,4.7032406700592215
4893118771316702720,,,19.4939,2.4299917,0.0141912482283348,10.987985,0.0100088688860165,49.511508531978386,0.022665683,9.4617405194502
4893980371818915456,,,,1.11156448035481,0.0141504789129808,7.673103901694782,0.0100015196671538,7.613396162722107,0.017850986,2.0812410092963187
4895489043507741440,570.0,,5.135,1.0607748,0.0141721852706546,9.611574,0.0100029610669173,17.4235095269748,0.013680499,5.817141913356608
4899428146994060800,3600.0,,,0.9901124181473312,0.0142614988943466,12.40467221190858,0.010064767041038,4.065946811639667,0.010939718,5.450799316175164
490410811948906752,2000.0,,,0.7173493769623975,0.0218964292406391,10.99899788262308,0.0151051740419152,2.682226169523636,0.02303868,3.1441995871700907
4904279261014267648,3020.0,,,0.7018382354926671,0.0142866983880302,12.129653964730542,0.0100757343580119,1.6786656839459564,0.011381938,3.2540511905707987
4904523077718046720,7700.0,,,0.9266262945315538,0.0142512881558393,13.649837173572386,0.0100398456703989,1.98008354885599,0.012043365,5.135207427465918
4906145613282734208,2300.0,,,0.7636501459631967,0.014268474584857,12.060799558898212,0.0100693376682378,2.9383785617896505,0.011044969,4.399748108093567
4910452812646300544,2900.0,,,0.7182843810221077,0.0143041790683344,10.938934773187514,0.0100992425000765,3.8372377585896937,0.011749909,3.859857974114055
4911563216311083392,,,,0.8599678533636337,0.0141599945519601,10.424057277249169,0.0100089654311401,6.6463257556380455,0.012325988,4.53793075846286
4912062772547406976,,,,1.265328224794534,0.0141689075119923,7.570983115890768,0.010008612225245,6.506629918435528,0.01564975,1.6377530848640405
4912580642524184960,1400.0,,,0.7105031,0.0142224270868719,5.383109,0.0100101403184519,57.65218506521333,0.045253456,4.187064694619401
4915139584039259392,,,11.8873,2.151225,0.0141745293944384,10.206263,0.0100054092409208,60.12161906050397,0.014054573,9.10142383568454
4917441922731087488,,,,1.0797029534108775,0.0142569135052265,11.852977062085188,0.0100876125916591,4.624477327630689,0.08934296,5.18921262014144
4919009555730599936,,,,0.7842084803327953,0.014147071534384,8.868373456858537,0.01000176546487,11.78126906292113,0.013918155,4.2247686965007105
4919770108539385472,10500.0,,,1.5496697333286662,0.0143639331177252,14.51626947916784,0.0100838441638949,3.1143172729862485,0.018597687,6.980566187809037
4919771654727611008,3000.0,,,0.9072639757752068,0.0142834026337855,13.497877074301789,0.0100756047383457,2.239934882678662,0.012761641,5.249377310746901
4923860051276772608,4100.0,,11.821,1.3769226,0.0141813195232913,10.588468,0.0100036921895141,16.184435500365733,0.00932246,6.633996175279179
4933912198895807104,,,19.3808,2.1645555,0.0142480850766482,10.556652,0.0100085235526462,44.556716198058425,0.026703948,8.801572573814589
4937000898856156288,,,,1.0134335,0.0141968988102221,5.893562,0.010003619162405,92.93697144230325,0.04607932,5.734349331704414
4942867480584948352,,,,0.81659126,0.014166436186154,7.74238,0.0100026149358132,23.028801897455004,0.017840713,4.553566835718809
4955371367334610048,1570.0,,,0.6334160955497524,0.0141590151170938,9.17276219713984,0.0100050672029239,8.160135282321743,0.011555529,3.7314808264101806
4959271163279358208,,,,0.78931475,0.0141509888451396,6.9821544,0.0100008565988587,22.54400925213634,0.017142354,3.747230670283204
4963614887043956096,35.0,,,3.794938,0.0152686256582857,14.984713,0.010014645665846,24.909215055784856,0.08826648,11.968638011636587
4968289907406396160,7500.0,,,0.8660180777751614,0.0142830382388911,11.14324460393366,0.0100890158927133,3.108184566426391,0.020190205,3.605412305777074
4973621989046219008,5500.0,,,0.759202,0.0141446250715149,8.182226,0.0100010003488323,19.556786137353345,0.018325627,4.638859467264901
497653157602636928,5830.0,,,1.2350240302046438,0.0141847513989526,6.12801592477352,0.0100033101864295,8.247482635040415,0.016644983,0.7108252200409764
4976894960284258048,,,,0.66950846,0.0142776965948925,5.586702,0.0100053168851423,38.21335046692788,0.035520833,3.4976308389657556
497750842338402560,2100.0,,,0.6950959969322519,0.0149528931881421,11.16489184619745,0.0105233984130563,2.981039794357262,0.016947886,3.537920420639266
49784688211974144,,,19.1921,1.556029537974424,0.0141991865889447,12.048882160198112,0.0100191857673883,10.341752761737432,0.015584169,7.120333472689216
4980466929965023104,,,,2.0978823,0.014163874641766,10.584977,0.0100030777990668,42.35625263991762,0.024751687,8.719725426113833
4984244302162168704,,,,0.7067175,0.0141474566547198,7.574265,0.0100010648555245,18.08389411118403,0.018059837,3.860505764728198
49842515651843200,,,,0.958967639830308,0.0209903040895849,12.34900236180657,0.0144889961856319,4.068770610450571,0.015331425,5.396944506898315
4988158666636598272,,,,0.7799821,0.0141496114076262,7.5724163,0.0100014253597503,23.690685952686312,0.025103746,4.445199666133288
4990044668377961984,8000.0,,,0.8797812838711552,0.0144847120888839,12.35923407669332,0.0102130303217715,2.8795210485049942,0.015384106,4.657018245624961
4994237247949280000,,,,0.590039211968413,0.0143247134543733,11.612907244656364,0.0101104787674712,1.8316395428897028,0.023290355,2.9258466371247422
4996584567835662848,,,,0.7510371,0.0141688615834661,7.5914507,0.0100030067898354,18.10243320893435,0.0222331,3.880214073693586
4996711836306613120,,,,1.3680401,0.014157958180708,9.567394,0.010005352081811,28.674127499460656,0.020057043,6.854828622022094
4999067471248893952,8070.0,,,2.9445049999999995,0.0141883316248342,11.5579195,0.010011613382915,97.67525042310744,0.03226839,11.507006326842578
5000774703569900800,,,,0.8580556,0.0141568161869222,7.7227287,0.010001444261177,23.84719304890792,0.02398091,4.610575197456989
5001098681543159040,7000.0,,19.5861,2.5452967,0.014233398466814,11.548954,0.0100135817578492,45.31334863280399,0.02703411,9.830196097425898
5017319806652067072,,,,0.6104924921511415,0.014154792969106,8.466585437717313,0.0100064962241656,7.376889887545712,0.018236084,2.805432528429284
5019835424832215424,800.0,,,1.0280504,0.0141480826219749,8.6779375,0.0100006849308193,22.674154829262108,0.016979393,5.455450872260739
5023809953208388352,,,,0.9721356970289348,0.014262218125348,12.049029305946318,0.0100730066469714,4.457724252362974,0.014172708,5.293792547954814
502835190261902464,113.0,,,1.8837653291039405,0.0205036803115505,5.456963972549659,0.0141168816382298,4.734492554350161,0.02765718,-1.1682654108933883
5036553052456200320,,,,1.1567945,0.0141975606717662,8.482131,0.0100039576344024,32.58951850776688,0.021952387,6.047630654153625
5040416186560252416,120.0,,1.494,2.7374419999999997,0.0144939873850246,12.891425,0.0100207762132129,29.656620208817756,0.027307034,10.251932310984444
5044029491007060608,9000.0,,,0.8895034293794422,0.0141465126038783,8.239571814577191,0.0100011672547716,12.32726901662755,0.02216014,3.6942165401023814
5048310370810634624,8500.0,,,0.9045457795847844,0.0141629786463574,11.14693647489684,0.0100061848103251,6.123252354073503,0.013725959,5.082908409193003
5049575943053753088,6300.0,,,1.2829402263157452,0.0141569755601697,11.029573362138311,0.0100022577996482,12.31645915786228,0.014509322,6.4815866283447985
5053536074700031616,,,,1.2333546,0.0141489004264032,9.618936,0.0100008041795089,20.97380076456041,0.012752162,6.227572007564794
5055663973297050624,,,19.3035,1.6685877,0.0141592518245048,9.823608,0.0100027622212659,35.060129592307206,0.0142501695,7.547466549697572
5056511692465250304,,,,0.8941164,0.0141515968648007,7.695747,0.0100014522925865,34.38059186540934,0.017891295,5.3773822180736675
5057924844082070016,6800.0,,,0.7614351329882694,0.0142050198577282,10.974863956967903,0.0100363887738425,4.317126796225556,0.016039092,4.149951683624666
5060104351007433472,,,,0.80926657,0.0141467358534322,7.2084846,0.0100005347808775,27.893883404064866,0.017160077,4.436471477919714
5060105897197110144,,,,0.9817629,0.014143732629314,8.24852,0.0100005772742813,27.833275049350465,0.02385499,5.471631161144516
5062172841616745856,,,,0.82454205,0.0143862465718607,5.614815,0.01000629309815,39.31113909004107,0.030513747,3.5868888591694414
5064574724769475968,2000.0,,,0.65446234,0.0141658088067248,6.264977,0.010002269185955,31.56404191584755,0.035200343,3.7608487414083616
5065640460769428224,,,,0.6907726549936801,0.0144746070643275,10.81632739430996,0.0102114667899634,2.4096741121710905,0.025231501,2.72954278703747
5068777809824976256,9600.0,,,1.0389557,0.0141607411560416,8.86499,0.0100008639617914,22.313732897307627,0.016011305,5.6081897107323275
5077642283022422656,,16.6,,1.786287999999999,0.0141595846745142,9.6029415,0.0100034677333486,42.719161256576534,0.014145568,7.7560949186269506
5078704372599743104,4100.0,,,0.6994238242539221,0.0145399863248565,11.004330369337396,0.0102538371227918,2.758592203660586,0.017773345,3.209597947666097
5079636934554540160,,,,1.098431334615443,0.0142558761709366,7.565045953781077,0.0100503749102394,6.208195203159452,0.024845755,1.5300332472738063
5082914338199586560,14900.0,,,2.158521878385037,0.0148821388389865,14.871084526745266,0.0104145587951605,5.102017783517526,0.021371517,8.411948626876525
5084805635638179584,,,,0.656736081999853,0.0772835269965742,16.630961054474295,0.0197571738791348,4.2108889670809955,0.057460453,9.75231725166838
5086537022856406272,,,,0.7370705301682653,0.0143230228284219,11.571291912452208,0.0101126774043052,3.1884976473245614,0.032667775,4.088177875107252
5089851638095503616,,,,0.6593019617112739,0.0142548978994961,12.13960181123534,0.0100672486241093,1.4134283378696653,0.013566798,2.8967960652310314
5091077112524265344,,,,1.4891529,0.0141561121329753,9.207327,0.0100019327543673,38.66674853463396,0.01731306,7.144143982740422
5094032153102626688,,,9.5189,1.0489922,0.0142262350541309,8.608794,0.0100064163865928,26.769639250131934,0.020449178,5.747341056450641
5094154336332482304,,,10.067,0.975682316223016,0.0141873368976199,10.824810404600386,0.0100043491295833,8.585855241147785,0.018886453,5.494086535899635
5094406193214399616,2500.0,,15.9527,0.8796216877287231,0.0149197893767001,12.14963385379652,0.0103058378843336,3.6098786981226354,0.012739026,4.936590607952205
5097529733950580736,5900.0,,,0.8875091101405043,0.0144049118488721,13.022227017919752,0.0101381519098818,2.023672959375861,0.015079379,4.556159195534885
5110565749968529024,1200.0,,,0.7941586584381225,0.0144421086265216,11.663065114304306,0.0101919262758492,3.51995997780704,0.023179518,4.396808282463006
5121479777262042112,,,,0.851514052750005,0.0141889944692186,8.168000420871076,0.0100274766968662,6.769215755840261,0.021453857,2.320216537764134
5124636303346779008,4000.0,,,1.6832304,0.0143324566310632,9.267607,0.0100168910372936,42.1497768781644,0.016729672,7.391643945716611
513299860904522752,,2.406,,2.999492,0.0144397965414978,14.159333,0.0100145953120417,31.122359822647592,0.017550806,11.624599356328735
5136559128264765184,,,,1.1202823344525328,0.0143995157278973,12.323339803348786,0.0101470924516637,5.0005140218876045,0.011299162,5.817498755338837
51369428065705600,,,,3.5386769760743033,0.0411525020761308,16.95285433298456,0.0136457485834626,8.207534074756095,0.09375285,11.525124431361586
5137855525488932864,2500.0,,,0.7315607,0.014161831408312,7.3878884,0.0100024204613664,19.561033822474695,0.022109812,3.845379877317752
5140454049422547200,6000.0,,,0.8529504553037829,0.0141468331273623,9.912282420907228,0.0100027199485999,9.860822302344245,0.016518358,4.882547846237946
5144740907820131840,,,,1.8628445,0.0141580689603314,10.19766,0.0100097154502956,35.144498378883796,0.01927719,7.926983796290999
5153091836072107136,,,1.3999,2.590352,0.0142330450142068,10.058402,0.0100128133025912,145.73243153775283,0.024446325,10.87627051132622
515574853541230720,2900.0,,,0.6875957146280908,0.0141543179868537,7.399296314386353,0.0100031941018714,12.550702235124708,0.020020159,2.892302061459951
5157183324996790272,,21.0,,2.368943,0.0142864490437056,12.088775,0.0100174416956113,26.57306569969188,0.022377174,9.210927751023885
5160557726183065984,,,8.0162,0.9365707872370383,0.0142769884761953,11.538302790145334,0.0100252162961881,5.521024720871988,0.017405404,5.248369460741017
5164707970261890560,600.0,,,1.1402977,0.0170282365988425,3.465752,0.0100926217771614,310.60827980058207,0.13549915,5.926872364106279
5168359139139252352,,,,0.9063873,0.0144463164746891,6.027313,0.0100310407530699,26.824133728132743,0.09118776,3.169947996953293
5172202413314737152,7710.0,,,0.8433358098602111,0.0143861033613133,11.427142979127618,0.0101548525018248,3.995604096143349,0.016099086,4.437070673076697
5173468908975401856,,,,0.8616281715520415,0.0141877235042273,7.733396714417823,0.010005910808405,8.041586176970421,0.022099331,2.2609109439905763
5175239363214344960,,,,1.1825762,0.0142564304251932,9.484146,0.0100084049673425,21.8927982465849,0.019295631,6.185585327693188
5178405479961698048,6200.0,,7.738,0.8859553580979651,0.0143176354540316,10.094999638351805,0.010028413531736,9.495323771627284,0.018338922,4.9827180125638115
51886335968692480,20.0,2.859,2.9371,1.1164897931959634,0.0145090609948661,10.077152206614082,0.0100584652873171,9.292438336697264,0.019753907,4.91823159064091
51914888911355776,25.0,,1.0738,0.7524059310140265,0.0151387101423026,9.427237567239873,0.0101722614324305,8.545378132170274,0.018119575,4.085027022416087
5192364501633274880,2600.0,,,0.5994689564697667,0.0152521843083029,10.190790144200111,0.0107058604942868,3.4867051263803,0.01186691,2.9022337703462
5193620487508460416,,,,0.7835356038789131,0.0141547946093049,10.043570279081024,0.0100024868562749,7.071902366674904,0.011172513,4.290710883049382
5195752440555653504,,,,0.7058964,0.014170535992538,7.350094,0.010002139508299,16.31289277822398,0.015912846,3.4126826066433313
5197568146570178176,3880.0,,,1.1484778639943325,0.0160179826026105,11.19642992637174,0.0111940264075562,2.1940053169240152,0.011779602,2.902621914159909
5199985216726016896,,,2.243,3.369475546777557,0.0184500132233558,14.801518300260271,0.0101496588892091,9.859738711224978,0.026045935,9.770030633987528
5201128124701636864,3.0,,3.4624,0.4808423630985551,0.0872249237163153,8.124208737251234,0.0592600760415413,5.431626923554625,0.024866005,1.8098717548787988
5201185574182015744,,,,4.184842065741279,0.7305940665941445,18.083530853680067,0.4880382832892404,5.405839008319209,0.14899348,11.749122359017043
5209903017765189760,,,12.3314,1.2067919,0.0142202517289071,9.06375,0.0100063940885583,26.560943523087044,0.011384481,6.184775187265788
5212899427468919296,,,3.3564,0.8643527435663254,0.0164846081552155,9.25199973383494,0.0101819977946171,12.689783542814464,0.010455041,4.769382648020265
5213167330349528064,475.0,2.82,2.8289,2.5644089999999995,0.0150192435705927,10.162108,0.0100579630418613,91.84802072954253,0.018486017,9.977370390696414
5214002100193281920,2000.0,,,0.8031408004312198,0.0141496491929471,8.962476944528408,0.0100014612072303,12.72665281264121,0.010073692,4.486202042143924
5214209564293214208,3901.0,,,0.68906164,0.0141672118771205,7.1964016,0.0100031033072323,18.88538660217098,0.022894802,3.576942063349417
5220639164696365312,7847.0,,,0.8185296,0.0141719466972598,7.622505,0.0100020053102767,19.29007565250875,0.014444408,4.049309624180671
5224124307320401024,,,,1.2521175627225651,0.0144740493953107,7.51439320118185,0.0102047030800255,5.466268138875456,0.018741267,1.2014181532649744
5227928170880093568,7000.0,,,0.8417790574906865,0.0216922017689811,11.642586811767922,0.0149460063516164,2.5788478236338785,0.009301937,3.700317302034671
522863309964987520,,0.738,18.2269,2.1754293999999996,0.014210514312341,8.671337,0.010005946055573,101.45628929598418,0.016878147,8.702763150270023
5229384714547758720,,,,2.7360897,0.014391891070236,13.34348,0.0100139010913197,39.48823468039077,0.013561046,11.325658090776376
5231963962676292224,17.0,,,0.3173182398406328,0.0141654105253045,7.323504774659224,0.0100101887119208,11.576160936443236,0.018701257,2.6411443608877887
5233604915060520576,5.5,,,0.0493443021125943,0.0145706002654994,6.682588313479025,0.0100447028019678,9.261415567819284,0.0375188,1.5168356676032282
52359538285081728,10900.0,,,2.159177356140876,0.0554281454442086,14.12255589054516,0.0376875393939879,7.353972937640853,0.02331038,8.452556835514693
5236623864770649600,,,,0.95556927,0.0141556881314567,7.538828,0.0100010507196089,30.51960862893557,0.01550609,4.961725604374425
5242077854771196544,,,,1.2819997896279771,0.0184362458418861,15.071719008514464,0.0125254059548564,1.7253786183087545,0.025676297,6.251883831402582
5242089296564780416,,,,1.1891834855365473,0.0226097875854734,16.11132678834948,0.0134974399577036,0.9266814131519244,0.04070771,5.924477624552493
5244434756689177088,5300.0,,,0.9287493913514838,0.0143995991916936,10.834788099942664,0.0101613064911365,5.772892026698292,0.010481822,4.6411053917677645
5245968236116294016,,,,0.2407352660605982,0.0144153734948941,8.169244562062499,0.0101722315761686,5.952209280128668,0.01701874,2.043056152754098
5250780970316845696,,15.2,15.1538,1.8377490000000003,0.0141709585391512,11.073399,0.0100039224390297,23.933852868646547,0.009882094,7.968418502663869
5251470948229949568,35.0,2.99,2.9975,0.792913127639247,0.0145656527174487,10.34170483948515,0.0102120672160524,7.022355839670603,0.012416612,4.573951948166336
5251941573573934080,,,,0.91656876,0.0141509733821815,9.24236,0.0100008390367706,15.494549962368689,0.010813261,5.193374834367914
525352325110310400,6100.0,,,1.1453064682782492,0.0160327900376751,12.067843173054571,0.0112197078751401,5.681256788519008,0.010982186,5.8406857645331876
5262666416118954368,6200.0,,,2.988617,0.014673316283004,14.862366,0.010022425788332,23.557060606058737,0.017292034,11.722934752839954
5262709709389254528,2346.0,,,0.7528473723012981,0.0167389896438734,11.197062497374636,0.0116873302293805,3.0077226866916527,0.010943838,3.5878495585656456
5264331179802870016,3900.0,,19.3249,1.3946161,0.0142171963814528,10.748828,0.0100044984894706,16.706874052477332,0.010169852,6.863489564325112
5268547016621360768,420.0,,,0.207271959514641,0.01476738798247,9.148868992050971,0.0103937367039254,3.7399958641968905,0.013473574,2.0132003177757554
5270480576538756352,,,,0.744555,0.0141830433673067,7.574328,0.0100023414310475,18.374038353210363,0.013677063,3.89605282490715
5271055243163629056,4940.0,,,2.503687,0.014216006699127,10.605513,0.0100085800699785,94.28868165165642,0.015486798,10.477875563194772
5272187804562841216,,,,0.8748455,0.014166774801339,7.986044,0.0100033230232466,16.57414542348364,0.038680937,4.0831701270106375
5274517467840296832,2100.0,,,0.06538963,0.0141926881897041,13.664935,0.0100072846543092,52.0305600700848,0.014122055,12.246197040261894
5275527747228841344,10400.0,,,0.9968912011335536,0.0141490421830424,10.199441974078386,0.0100023527159251,12.129351220177211,0.011748399,5.618870362760184
5280444557068991616,2300.0,,,0.7954170099456173,0.0148317571768944,11.773307471058336,0.0104460643080879,1.3209964190414063,0.011444173,2.3749495542624075
5282270085669557504,10000.0,,,0.8890839256838604,0.0141492629763667,10.52696010548321,0.0100021545206674,7.303888605935644,0.01117941,4.84512038081793
5284358990266469760,830.0,,12.2646,1.3370771,0.014246530376198,10.579951,0.010011783189782,17.051954323723177,0.009555089,6.738645180255832
5284517766615850752,,54.0,,2.389228000000001,0.014191309124799,12.063116,0.0100053629138294,32.12646698564073,0.02713786,9.59717908110806
5287961677550103424,,,,0.84825706,0.0141537361276518,7.805761,0.0100014369926163,28.446527942043236,0.018097308,5.075896017087513
5288681857665822080,700.0,,3.8606,0.7345501102011717,0.0157431241584538,11.831391486800786,0.0110222388259884,2.904829306279833,0.010477224,4.14641699324871
5289275864525400704,10000.0,,,1.0093287919875245,0.0166430912389592,12.962690068954377,0.011623542878733,2.968756256174446,0.010703978,5.325167153777771
5299440441521812992,,,,2.0229344,0.0141696299169487,8.680594,0.0100050857837961,95.71011187266936,0.014502031,8.58545237261113
5300239064919282816,,,,1.031065,0.0141727148619056,8.385684,0.0100175701434253,28.937480353732436,0.030048102,5.693354602921959
53006669599267328,13500.0,,,0.7974868254030065,0.0190602484244732,10.745275000176688,0.0132219606549311,5.070157572432337,0.022395387,4.27047316988201
5305241494923209856,9800.0,,,0.8596531494751993,0.0164411081241561,12.307515081346082,0.0113427251959438,2.9489559541549903,0.09386134,4.637611462739546
5313031504751276032,2920.0,,,0.709679151697111,0.0151168569832827,9.621058284719178,0.0106318341494533,7.062021496145757,0.011404131,3.865999098082914
5325498111172934784,4200.0,,,1.090269520076676,0.01435393434983,12.247603960872874,0.0101192944808233,4.762290440206581,0.0092941355,5.6370029806713635
5339892367684811520,,,,2.5008335,0.0141855980536969,10.486478,0.0100115802123993,78.91595686679517,0.03193162,9.972367249981756
5340648488081462528,9500.0,,,1.0376062,0.0141498281905777,8.392268,0.010000970331554,27.065293733195183,0.016824005,5.55459482151285
5341673851394297600,,,,0.8716426,0.0141584387393392,7.2957845,0.0100013798060029,25.366729425396684,0.01784959,4.317364569814438
5341787994441794176,,,,1.0619268,0.0141514535881639,7.9776835,0.0100015501068811,33.395531184344996,0.017959077,5.596158338711923
5342880462319699200,950.0,,,0.7293622427728775,0.0146211220545494,12.203967465248912,0.0103055717020871,2.033243357551492,0.009694166,3.747130783837053
534988616816537728,,,,2.2600918,0.0142798529960961,12.127464,0.0100108247238314,22.23264135982428,0.013832764,8.86227505507385
5351820556994135296,2140.0,,,0.5735872298678735,0.0145387284500203,10.637752944614412,0.0102535491484789,2.801581671358562,0.011562809,2.875861894114701
5355799586503538176,,,,0.6741867,0.0141586748476963,7.526821,0.0100021973464424,17.512080738611928,0.018356469,3.7434165386502354
5357465071731312768,,,,2.2704306,0.0141728668942939,11.361207,0.0100073023611667,36.399619684366264,0.0162964,9.166529164203723
5362352744504000256,9300.0,,,2.754590056612181,0.0145813625784227,14.92923741565862,0.0100106164628145,10.165240867843266,0.023077236,9.965237272654486
5370827127297364480,,,,1.0280952,0.0141446642917888,9.171616,0.0100004029864183,17.569512688020122,0.014192399,5.395300782779536
5376137837173646208,5908.0,,,0.7399129021543464,0.0146462513500564,12.344769270798498,0.010321730718138,1.3998222371515594,0.010871504,3.0772089481081704
5378886891123024512,6880.0,,,1.3137927,0.0141604953782775,7.394229,0.0100009491414038,78.24696947892444,0.018242646,6.861498458834458
5380888758195682944,1000.0,,,0.7514203323474414,0.0168678437934338,11.666727133346566,0.0117732859095386,3.209533535453388,0.015945626,4.199491127517895
5381537023379295232,9000.0,,,0.85635567,0.0143690241183429,4.701676,0.010011464020133,107.3241888562276,0.08731465,4.855150518627576
5382970374226953600,10800.0,,,0.6942911123937326,0.0144053050477869,11.519294177672288,0.0101666767345161,2.9193053607629005,0.01732706,3.8474675011389503
5385076140853434752,4230.0,,,0.7950683651705648,0.0155241950448216,12.441579286730208,0.0108896852899523,1.5501981339932285,0.011868403,3.396086832758946
538759464958942208,450.0,,,0.7137393649579582,0.0165392152205947,11.271708744120652,0.0115543749485844,3.5169740355811117,0.012675769,4.003786025822642
5388416255319817856,1600.0,,,0.4936243729359995,0.014790526090175,9.72386940413197,0.0104220527794315,3.008518351310264,0.017402664,2.11695796076612
5391813299572883456,3300.0,,,0.7540555,0.0141471598940866,7.351978,0.0100008210065575,23.16741321416617,0.017955437,4.176630903546829
5392409372314518656,4400.0,,,0.8459672827790903,0.0141440987457273,9.296508455115502,0.0100003382087372,13.30357116949922,0.012711702,4.916016232127015
5394951821153092864,,,,1.1788831,0.0144876529132129,4.3193483,0.0100338598062309,15.731951973044852,0.11557086,0.3050376272720889
5396580575830873728,,,17.9143,2.1396713,0.0142260318196072,12.724129,0.0100058906366654,14.963889748019474,0.015460635,8.599082745836679
5397086969654628864,4770.0,,,0.810737190606859,0.0163886449924764,12.849423403847002,0.0114506764496943,1.4197570405950557,0.01454425,3.6070891705619097
5400949450924312576,,,,2.5355873,0.0142050984924009,13.073343,0.0100047103283701,21.66366243899668,0.01565143,9.751978835429655
5401358469249455104,5733.0,,,0.8885808,0.0141682685190002,7.1932015,0.0100013252017995,17.377349514367836,0.01849551,3.393386728120885
5401743332678544640,1745.0,,,0.7115884959660334,0.0151231084803711,12.622753628128814,0.0106304245021083,1.850870231999119,0.013605811,3.962143260504675
5402390257832925952,12500.0,,,0.79563284,0.0141459418121034,8.432911,0.0100009105773842,15.41652779836094,0.017661935,4.372651579323424
5404921677218538496,,,,1.114777857336513,0.0163247825639693,6.215331080238521,0.0114070096994293,7.494476526758071,0.019616697,0.5859773021446308
5405557504184474496,940.0,,,0.3408357651091563,0.0152468551438681,10.36257994840466,0.0107190204282587,2.0085514683425103,0.02369906,1.8785864184323948
5406324138654973824,,,,1.0269437,0.0141522066913265,8.3045435,0.0100008704859357,29.83963500587473,0.015307288,5.6785337867552315
5407977460540294784,,,,1.305851282225464,0.0163159179387665,12.524577635292715,0.0113820716638304,6.161203194455868,0.009536578,6.473961682476663
5409268527708808320,5400.0,,,0.8746458994811657,0.0145618122038349,11.237129728548764,0.0102659055431046,3.675804950841679,0.0129621485,4.062749650262067
540977282990133888,5700.0,,,1.172743895964087,0.0141482879274148,10.187234604880544,0.0100020584691638,14.359392076320196,0.013163289,5.9729848212314245
5411736896952029568,6400.0,,10.2618,0.9266638967889238,0.0161663942997212,12.050629558901845,0.0112718487648055,3.771219184092399,0.008988846,4.932588454078775
5412250540681250560,,,20.0659,2.31528,0.0141788346575663,9.158753,0.0100069973534105,106.19501618621597,0.014093538,9.289359525665642
5413438219396893568,,129.15,,2.838118999999999,0.0142704031517492,12.129068,0.0100076648636764,79.3156991473538,0.018229488,11.62578381538392
5415648821879172096,200.0,,,1.1250582,0.0141550384913617,9.944692,0.0100020282943962,16.842792386658026,0.012774918,6.0764795546936785
541725187117160960,9200.0,,,0.8483795952042934,0.0141459860642217,8.78785262086244,0.0100020114132999,11.367814869425452,0.015033719,4.066181324726802
5424836719001215360,2640.0,,,0.9373336,0.0141531698255294,8.03754,0.0100014215309729,24.4934921019632,0.015943712,4.983279323842998
5444147952811517696,,,,0.5849970595800532,0.0149392279182633,11.471091729318797,0.0105088384204111,2.0346786432741757,0.031314004,3.005974725433788
5450366519997969536,4600.0,,,0.7321320963175378,0.0163562307725476,12.278173722747065,0.0114308966776024,1.803515091254647,0.013458493,3.561607179438285
5450573881018549760,,,,1.1024952,0.0141526476453542,8.05154,0.0100013250828063,35.12737232016702,0.0212339,5.780152107901367
5452492082132835840,8600.0,,,0.7781205,0.0141768503990308,6.3684316,0.0100017699621676,39.42262689595018,0.020764664,4.347116701296518
5452634262730082176,4300.0,,,1.2660313,0.0141598683429566,9.488162,0.0100015301189828,25.312741031335005,0.014680417,6.50494501676811
5452743423618768000,5000.0,,,2.347169,0.0141791814325616,10.933641,0.0100084471880154,49.06399453116502,0.02411088,9.387264778530684
5453063823882876032,6800.0,,,0.7320427185163777,0.0150042754085267,11.96346359566446,0.0105519553330383,2.679098210594675,0.01521659,4.102632171714323
545560867790611072,3300.0,,,0.7453656795451855,0.0141487126600255,8.043426984821188,0.0100027077429106,12.93879997983332,0.017742598,3.603556912444704
5458258092906639232,4500.0,,,0.7408855251882609,0.0158990683936585,13.034695802841496,0.0111343073542128,1.9139031726815776,0.016602052,4.4413185696863025
5461620846141553024,4400.0,,,0.85185957,0.0141877680861323,6.7550097,0.0100019295451334,45.58537118557557,0.021375611,5.049161069763338
5466556141521710592,12100.0,,,1.6585200214574294,0.0152789454021626,15.6588201494671,0.0103898746515447,2.3349591566868164,0.037536696,7.491736484082638
5472386851683941376,11890.0,,,0.8507804864154624,0.0144403066312079,12.22724587150557,0.010185999715838,2.9696098651372265,0.013462283,4.590653142656343
5473389537569200896,400.0,,,-0.2895174,0.0143262822267196,15.198068,0.0100179745597081,25.211278198432733,0.038202643,12.205690486015538
547375547309768064,6700.0,,,1.5675503971049134,0.0191602534840811,5.827232240958297,0.0132390010316866,3.8110074826724585,0.017599467,-1.2681110811282252
5480006192386819456,500.0,,,0.5928626,0.0142695809712757,6.0043054,0.0100079552220835,29.47699152678397,0.018456142,3.3515313450486683
5481210874877547904,10100.0,,9.2173,0.9561293450201228,0.0141524712599407,10.193458598113503,0.0100016541420939,11.004042683724606,0.011624248,5.401084260014503
5482316880495405056,,,,1.0503902,0.0141623673894714,9.65673,0.0100015592127465,16.877416243828623,0.012473966,5.793525071097779
5482827676662168832,,,,2.4278374,0.0141914004748286,10.532771,0.0100060618882839,65.74199700383623,0.012851879,9.621996258459692
5485320853638354304,,,,0.9443879,0.0141623869139061,7.971664,0.0100016178664549,28.61174381151777,0.0136248,5.254460047497845
5486322710592888064,6700.0,,,0.8562245726002595,0.014174660721599,9.847974062425193,0.0100163537531369,5.636699301754052,0.011637863,3.6024887708354782
5488303966125344512,,,,1.0674721426752856,0.0141653051333213,7.19198974230218,0.0100035017131291,7.734302329156513,0.013990239,1.635024637037528
5488567574038257280,,,,0.91512775,0.0142172209693432,7.9220896,0.0100031764401143,30.75935544852065,0.01762385,5.361885875841203
5489726768531119616,3600.0,,6.697,0.8721375794494212,0.0289820937221507,12.768016996890056,0.0197990323038316,2.434025028985588,0.010802145,4.699566154342966
5489780919480009472,,,,0.6725449699807943,0.0144715603132288,10.958723441682436,0.0101924589512112,3.1782921330056197,0.009998723,3.468861480873477
549007291282705024,,6.366,,2.532446,0.0141847901239157,12.248125,0.0100054118963225,54.90914221822688,0.017710082,10.946255392937807
5493625121366825984,,,,1.1860285,0.0141562275834903,9.88985,0.0100017180523495,19.95987903211453,0.0107388245,6.3905142876457806
5494443978353833088,,,4.6096,0.7197496253232243,0.0142118400758988,11.853376532881414,0.0100348617365231,2.5022917371247373,0.009870817,3.844474786802685
5495052596695570816,30.0,,3.8755,1.082234999999999,0.015602850533134,8.838295,0.0101133958899446,19.950685970402883,0.012421502,5.3378647605042
549832131164952832,,,,1.5905677687122677,0.0183099967818039,5.963124646038691,0.01264353720307,3.377482480925834,0.015311548,-1.396672284118707
5500061456275483776,,,,2.2299824,0.0141836880921451,11.231623,0.010005928457553,33.568018020298126,0.0140559655,8.861234963620968
55077599749605504,,,,0.7717312252750401,0.0157746984480166,10.498521007849895,0.0110589537818412,4.198136488196073,0.015456467,3.614826678870962
5509620021956148736,5000.0,,,1.4057455,0.0141496871737073,10.103841,0.0100019098346596,21.10417531183061,0.010447734,6.7255800127079794
5513558648705418368,7230.0,,,0.9191276236124908,0.024303225601905,11.063175047046624,0.0167196211943805,3.370902669263011,0.015020544,3.7067682115586873
5514929155583865216,1000.0,,,4.2222366,0.1433745846988447,18.539894,0.010343631781542,48.23349981017402,0.29371762,16.957198049234893
5516690878153930240,900.0,,,0.6199911774495219,0.0141512535214298,8.897075444086374,0.0100037733274042,8.161348349421576,0.012400107,3.456446797465709
5521268527328372096,,,,1.0794001,0.014151182050766,8.52575,0.0100015925302732,29.998025551264057,0.013791219,5.911101902676369
5524780333100885888,1700.0,,,0.5230601011373052,0.014325327587525,10.552970511373688,0.0101121269298614,2.837078520980794,0.013586829,2.817653777982162
5524982093479504384,,,,0.7192507,0.0141809490041292,6.2208323,0.0100027325716176,34.466348697991904,0.016486546,3.9079939846216383
5528196343926579968,,,,0.8808488082294736,0.014150599635469,8.803927926762844,0.0100022574226811,10.347066485023545,0.014408847,3.878212593339819
553480551264062848,3000.0,,,0.64222145,0.0143915355132039,4.9560766,0.0100227072504736,48.13819233811314,0.07265062,3.36857902054384
5540006949934104448,919.0,,,0.8483319,0.0141582230372594,7.0075817,0.0100009961463858,34.15932502621171,0.015407172,4.675106549597618
5544699390684005248,,,,1.1783130673911788,0.0142395826032495,5.497766345936175,0.0100099136778426,13.30973124046114,0.028604716,1.1191151861629374
5545555570947605376,9500.0,,,0.7998655763890646,0.0195428982529853,11.759225507435769,0.0135481836067534,3.2294283083575883,0.01026077,4.304495858918683
5551551998119947648,4201.0,,,0.8580177251621274,0.0141757464871492,7.890954241290359,0.0100025680305671,11.012896159570458,0.016241439,3.099074337128332
5555500000779464448,3960.0,,,0.7395316246685185,0.0142409830629498,11.703395393616129,0.0100571195105717,3.3659595521757972,0.009446365,4.339275140155051
5557345496687437696,,,,1.0685028704227553,0.0141741791533078,12.311042065771316,0.010013604558325,4.871383581696338,0.008559046,5.749848537141389
5560886336446650240,5110.0,,,0.8391238254766368,0.0142972475236146,10.825734882569169,0.0100921657485442,4.068123554800243,0.009920982,3.8747245561513495
5561488078545298176,,,,0.8307271,0.0141618707013512,7.4125276,0.0100013407605206,16.299398265158707,0.014155107,3.4731279570195968
5565050255701441664,1110.0,,,0.5924751044055263,0.0145588390742297,10.359771532726295,0.010270412024954,3.811401889948677,0.010366204,3.2649569720757956
5565208310497615232,2640.0,,,0.7372328005795704,0.0141538852490317,7.822889297717388,0.0100021686697947,12.8209947155144,0.014947729,3.3623519289010853
5566108398204103424,11000.0,,,0.8923858788866096,0.0141830199924291,11.194810453853597,0.0100245317356096,5.03721590729708,0.014659743,4.70606451509727
5574111674620962688,8235.0,,,0.9632559,0.0141487926025196,9.487699,0.0100007608773978,14.893591552698563,0.00981739,5.352585071645892
5574766468155514752,,,,0.8968376493738396,0.0144811295456391,10.903508063452684,0.0102154670876033,3.476865346451111,0.011811644,3.6081721009832695
55752218851048320,8400.0,,,1.1721614549714043,0.0141677853142561,10.592010247390892,0.0100062794301976,12.11944075495821,0.014453142,6.0092690488858675
5579783574073770112,2391.0,,,0.7505288,0.0141640713815059,7.0714087,0.010001383678209,21.610975410213783,0.015323885,3.744139000536721
5580554052549277056,1990.0,,,0.6720733804833153,0.0145449606268815,10.37468134390154,0.0102617087968165,2.961893009501643,0.013374463,2.7305919665220166
5583523425437258240,1200.0,,,0.8656186681852727,0.0155236571620088,12.461623658349104,0.0108510305121137,2.790169517921417,0.010240092,4.691310758374392
5583831735369515008,,,,1.3989995950136973,0.0145390948023404,4.873813761176288,0.0100235179395188,7.998923844937773,0.053483315,-0.6107714293175963
558504529130235136,,,,1.3657951280052585,0.0174776332149466,6.31944914357421,0.0121584384022293,4.321666956310001,0.018806228,-0.5055732232884713
5590415817155428224,30.0,,0.6666,0.4463297726357492,0.0170731773032418,11.142575260071686,0.0118958843799638,2.294254132729219,0.011764888,2.9444193060348933
5590921485126584832,34.0,,2.4865,0.8205291111460288,0.015003617008543,12.700713674392777,0.0103131206472272,2.655324842472002,0.010765025,4.823160294445756
5592015297342611968,,,,0.9340277,0.014148604834303,8.739241,0.0100014665622438,19.10567333758631,0.012522209,5.144878063344239
5592019557950033536,400.0,,,0.7719883433063527,0.0152701180548941,13.271095820021094,0.010715040289307,1.6691974337955986,0.011500748,4.3798006538153
55994798604873216,,,,0.9922654530431856,0.015572391383407,12.696742436927538,0.0109274053517477,3.940116838116216,0.016819403,5.6747705539956055
560130775546153344,,,,1.0205283,0.0141767161611667,6.940108,0.0100011770924205,58.83621590864094,0.016806703,5.788237403958677
5602386058511578368,,,,1.7891417,0.0141507001887833,9.089835,0.0100016768902571,56.25698292054527,0.012676011,7.840654885062243
5603100779728361088,3260.0,,,0.7481605412673521,0.0143678915580665,13.488090345810996,0.0101300924849614,1.2741478593752944,0.011671306,4.012801174708487
5605119586158973440,810.0,,,0.2379613174139414,0.015777628013369,12.478734288279904,0.0110605720629491,0.7846786645710133,0.013289375,1.9667787152595295
5605438925569442432,,,17.2432,2.9727983,0.0146920411829542,13.101828,0.0100364947195282,53.00958295480303,0.012157292,11.723567031166333
5605481703444311040,2060.0,,,0.6041470042318317,0.014413223360754,12.6022386394889,0.0101677479024663,1.2865491425256088,0.05150116,3.1564926437700507
5608644895310998272,4740.0,,,0.8452009792431854,0.014706047065262,12.269840323178869,0.0103620430360705,2.5936423276546376,0.009590945,4.339622322195355
5617244278837970816,,,,1.7524357,0.0141528504092595,9.727016,0.0100028990014031,35.161265961791,0.0123443715,7.457320816044641
5619121248267202688,2800.0,,,0.70429325,0.0143135961716792,4.30543,0.0100427702389916,38.160219650882254,0.10865134,2.2133132133684095
562109759036198272,830.0,,,0.728052821710018,0.0649670128993832,10.675610314598558,0.0441586216344529,3.1545501133855898,0.016867124,3.170028463387371
5631530950664938240,1200.0,,,0.797156130581144,0.0151744275218598,13.514803614839035,0.0106445400708213,1.8221277488755592,0.013181331,4.81460336897822
5632704511826797824,1861.0,,,0.5972914296745917,0.0149627780425578,12.693493695189474,0.010516411992429,0.9503118860232744,0.014310609,2.586386248156316
5638825939745228544,,,,0.9577112,0.0141450699511649,8.687814,0.0100006968541652,19.95196645981968,0.012980682,5.187678576746068
5643762781311698048,2200.0,,9.2293,0.92810297,0.0143008287444973,7.8677955,0.0100107511429576,27.26137661973968,0.021709198,5.045706888143751
5649661592466640000,,,,0.9710121,0.0141454600436411,8.420803,0.0100006575363961,21.89468344854801,0.019208064,5.1220807563217985
5656184406542140032,,,8.1255,0.8563604389366063,0.0190572802136744,12.176817982859522,0.0131780937659291,3.3174169927984405,0.0116540175,4.781076505329937
5656896924435896832,4040.0,,,0.731969844310522,0.0145260247079961,12.728334964409203,0.0102404487666432,1.2190370390509084,0.013162605,3.1577398101521723
5660492297395345408,4600.0,,,0.7722249,0.0141837316676199,7.78381,0.0100032043274141,21.954134931594904,0.026663147,4.491679124924635
5664814198431308288,,,,2.3962393,0.0142063858157696,9.891662,0.0100179414419884,106.01478813558384,0.022696694,10.018550351073714
5664957444179338240,2100.0,,,0.7261703377125881,0.0141536546256108,9.26298677325722,0.0100021508528671,8.776584557444341,0.014079508,3.979141436401358
5672053902679434112,,,,1.1394873,0.0141594905324223,9.068378,0.0100015869339334,24.715915016698485,0.014556191,6.03331007650009
5673523262530712832,,,,1.1850631459980692,0.0144192775596249,7.174308109667014,0.0101692019199988,4.703987092150286,0.02269729,0.5344870232275634
5673934548598976256,6000.0,,,2.8060827,0.0147098501618519,14.28447,0.0100164839095956,25.96965356784152,0.023670623,11.356857196276286
5674618444832114304,2000.0,,,0.7422412862858256,0.0152267000153371,12.652187361935876,0.0106929896193164,1.437238996228652,0.014470902,3.4407796305379303
567664766657362304,5500.0,,,2.079533399322543,0.0163334470867916,4.717555065533865,0.0109479464286871,4.2717146022816745,0.07760967,-2.102844326471754
5678340222972504832,960.0,,,0.695635854329142,0.014981616195786,12.59094379507432,0.0105362221645077,1.6882893788296132,0.012602941,3.7234476294554497
5679582499313038080,,,,1.1378754147736816,0.0142229419504012,5.45597565945868,0.010015548976986,9.709239842402749,0.046570927,0.3943481517753806
5685917541714610688,,,,0.6473484,0.0142011335398293,7.29925,0.0100043158899557,14.89288480781951,0.021436753,3.164028005868496
568619413331898240,4700.0,,,1.0072734541274897,0.0142761103258377,12.04573368524598,0.0100567077111004,4.924578542059752,0.00964034,5.506520774558281
5691782130578684544,,,,0.76486397,0.0141829037383391,6.402245,0.0100025104558406,36.14504585790714,0.02638499,4.192415051689362
569673024645542528,7700.0,,,0.9110044302390412,0.0141522992253247,10.0129722534833,0.0100015461796806,8.966783655335234,0.01215366,4.775700650920239
56983706234931328,,32.21,,2.2620482632569776,0.0145098090960323,14.521423541670108,0.010046924325546,9.013860476776117,0.029003736,9.29574833428397
5701679002245319296,2100.0,,,0.6946950819308841,0.0147530377086137,10.669484183325588,0.0103933242560993,3.558535809953182,0.012089597,3.4257934075697687
5701750715316821248,,,21.4976,2.6638174,0.0142790647701892,10.765108,0.0100227597302078,65.90838802272015,0.040607672,9.859662625856922
570653411060484480,2900.0,,,0.693391641776282,0.0146835589749785,11.020185986202144,0.0103473510535915,3.3763378580228305,0.011713563,3.6629603323948743
5707456527828738048,4400.0,,,0.7418179648974347,0.0144778970178269,12.823211473859748,0.0102108105314441,1.6660504524165851,0.016557047,3.9291231689641624
5707485527450614656,5400.0,84.3,,2.7102714862328816,0.0150216890640016,15.676172706144657,0.010014835207292,8.730730323519785,0.037277684,10.37981186340959
5710154317045164416,7300.0,,,0.8702473651554434,0.0143735593735756,11.108571299292118,0.0101456405575516,5.059897792816205,0.019156164,4.62770937063401
571488283984760960,1000.0,0.695,,3.3388349999999996,0.0143696657820454,13.9604,0.0101268710956449,44.38184845765309,0.355632,12.194356226581704
5715145275211633792,1070.0,,,0.5634788665246221,0.0152833742605798,11.652904606750427,0.0107391032529408,1.9904374384319272,0.016286965,3.1458796804956837
5722585739105853184,,,,0.8419051774283703,0.0141488586794101,8.656519763174297,0.0100013951297234,14.326255643051509,0.016737614,4.43743552768372
5723638723350902400,,,,0.8633116229260036,0.014378695007146,10.65710185220004,0.0101505285417027,6.589681838647461,0.014058043,4.750225478903918
5723772524469252096,3802.0,,,0.70584100785083,0.0150238405349727,11.66216929572471,0.0105629946875397,1.6488091654552957,0.014589236,2.7424868237037394
5726982995343100928,7000.0,,,0.93622494,0.0142556476804166,5.7552195,0.0100092549588253,79.52034695617434,0.040039483,5.257728314489108
5735664051960550144,5900.0,,,1.1638704493123928,0.0145209776856567,10.564688961519318,0.0102397165032863,2.548112217216695,0.016661514,2.5941022539767484
5735744144510573696,,,,2.423531814417481,0.0143168281638014,14.501308075243085,0.0100088579861204,8.555587193858498,0.023990741,9.161184476555553
5738284016370287616,7200.0,8.9,,2.240518,0.0141829027919957,11.308443,0.0100120828889705,30.308918671055988,0.029529672,8.716410793387325
574577774218025600,,,,1.105137851183517,0.0141738323974103,6.733645226110884,0.0100041862774006,5.623704668696939,0.014161406,0.484197188579186
5746824674801810816,480.0,,13.0682,1.3500938,0.0141757406988662,9.277452,0.0100031357907904,31.683668455652196,0.015168027,6.781677170396399
5750936092375254016,1400.0,,,0.7675124849741157,0.0147031218263499,12.589742815362172,0.0103527121957663,2.6763684337227347,0.012940225,4.727804405763145
5751177095877066496,,,,0.6180461685720725,0.0145728182317624,10.865010991775703,0.0102761036402745,2.83520703894326,0.015837284,3.1277403199285807
5762607889340459008,,,,0.7305427826419955,0.0141476628265351,9.301832796742213,0.0100024107561326,9.522117016615756,0.017012978,4.196067285649315
5765748511163751936,250.0,,2.3342,0.6695692321131766,0.0141851713395737,9.121348264254957,0.010005618510407,9.520580449504967,0.011999784,4.014979922894282
5768159705804908800,,,,0.9145098,0.0141525693474836,7.5266557,0.0100016809356147,29.20876464779335,0.017200772,4.854504355214463
5772195974332632192,,,,1.1131039,0.0141521707761417,10.195773,0.0100015867599238,15.391304280789596,0.011828727,6.131934269826491
5772442647192375808,800.0,,,2.4078455,0.0142091154218863,11.643108,0.010006188277375,38.33180721420554,0.01551384,9.561003515869876
5772625505422769024,,,,1.2796869,0.0141743470711235,9.369237,0.0100034436323013,25.46117185953649,0.023056718,6.399268730183773
577602496345490176,,,,1.8323879,0.0141564747057362,9.289488,0.0100028725709779,48.77593121971609,0.018374817,7.73070132301144
5778418870846853888,,,,1.024365,0.0141670640976865,8.490982,0.0100010205994925,24.628134931116698,0.012848761,5.447949606779119
5795534040654879744,3400.0,,,0.9366959247928732,0.0151739411221523,11.027765820003818,0.0106656473822498,6.384660450384595,0.013210568,5.053807794044282
5798962867668048768,7300.0,,,0.8817105,0.0141552929540185,6.6936617,0.0100009275456093,37.3167264686393,0.018215349,4.553142185375471
5800013451037514496,,,,0.88879967,0.0141493961386204,8.626321,0.0100011873905463,14.92994572442494,0.014691471,4.496704751902552
5801950515627094400,,,,0.7823715,0.014153376310222,6.857967,0.0100009904992412,36.20989228114162,0.0143102,4.65190404842612
581100382135253760,2100.0,,,0.8505049,0.0142789471386421,7.295366,0.0100099927500097,33.01082156927964,0.023894206,4.888945180956434
58200934326315136,,,,0.8220362555947407,0.0183004882812339,10.768540326620462,0.0127268894544536,5.672197858323379,0.014320245,4.536983117666322
5820908638718592256,400.0,,,0.7656144172265329,0.0144155942411281,11.269531221287494,0.0101764869561863,4.870951658389441,0.017639512,4.706659919870269
582221750852254080,,,,0.7352271,0.0141504447436713,7.48436,0.0100014664702713,17.457584547061902,0.024679197,3.6945066864520344
5831054382288870912,6360.0,,,0.9151139,0.014147302503797,8.122923,0.010000827853689,24.79744994907467,0.021662906,5.0956392712238525
5833117718964892928,,,,0.77312946,0.014179731273714,7.1927395,0.010001835570767,28.228170045167577,0.019312264,4.446534480795671
583455604761166848,5200.0,,,0.8178278362741287,0.0148328388177149,11.969231308886895,0.0104427199916134,2.4510509074289755,0.025257794,3.917071481442408
58372904816938240,9000.0,,,2.1262350421502716,0.0150108615202525,14.78756893282461,0.0103223230739248,5.3092800260201125,0.026460003,8.414383726380906
5838450865699668736,27.0,,5.0519,0.7829884077904615,0.0142151531772898,9.14403188316386,0.0100094809444943,12.580365919796105,0.011762239,4.642285015312245
5842480953772012928,11.0,,1.6595,3.2888668117253337,0.015284315922032,15.215417792860263,0.010062801945595,9.957859252044257,0.024151377,10.205024704204124
5842782219960409728,4900.0,,,1.0544424,0.0141520792625226,9.15044,0.0100007154965989,20.4427950044384,0.012568741,5.702935366614547
5847114914267582848,1800.0,,4.2425,0.8120642480439575,0.0186026100502865,11.392304262413274,0.0128899812389625,4.55990197564919,0.011744716,4.686062614247382
5851616143098057472,,,,1.7263393287594655,0.1240062176804578,16.934422676492055,0.0840301127278775,1.3608389998368084,0.06397512,7.554131304120109
5853498713190525696,,88.977,,3.8045807,0.0144827716657084,8.984749,0.0100252165477354,768.0888431873573,0.049872905,13.411803155538385
5855730584310531200,,,,0.87915325,0.0141582281818685,7.4192524,0.0100015476351527,34.62191712403708,0.02390885,5.1160091046644816
5858576597131420288,,,,1.1811113398133546,0.0153347147629219,6.527829943614375,0.0107456371042976,6.407339879185005,0.014298428,0.5593323504268888
5864061893213196032,16.7,,5.5171,1.2553878356181003,0.0160949168432071,10.635242831241362,0.0101528944490989,10.63145658060697,0.011635988,5.767953300558686
5870273893372957440,,,,1.1325599598895202,0.0144613590414744,6.472443656302255,0.0102023530629554,6.714114532402139,0.01756982,0.6082449974834598
5872266689455300608,,,,0.75272274,0.0141478504192594,7.401541,0.0100018264599365,24.083193848867992,0.026904503,4.310177245331152
5876112300125320448,,,,0.77377224,0.0142379761601756,6.14853,0.0100027960704648,41.63964779797799,0.020203663,4.245700639775869
5880886001621564928,7500.0,,,1.3737507,0.014179188076326,10.761123,0.0100024015520597,15.677687358583476,0.012572469,6.737360346677736
5897706154359881088,,,,1.6533957,0.0141601773833744,9.961064,0.0100049919316175,30.93217407026604,0.017178474,7.4134735298778685
5898641087150340224,9670.0,,,0.8444147,0.0141599565930266,7.683691,0.0100025016891164,26.506817657657983,0.023810439,4.800808130597709
5902750168276592256,12300.0,,,0.8367486,0.0148369527675513,5.48217,0.0100142645790471,67.87379235693798,0.06005369,4.641050893701397
5909085279371278336,8100.0,,,0.7667859293235039,0.0146745850049947,11.022211845947323,0.0103415886227993,3.5125897493792477,0.021343805,3.7516786719089215
5910312231273215872,,,,0.6789740777624653,0.0145075714240704,10.250360741197545,0.0102311236870735,3.315935749745473,0.016806988,2.8541597925623847
5911182735242698496,3700.0,,,0.6884391354506109,0.0149676927207651,12.532401402834218,0.0105275615660568,1.9354418715097672,0.014638444,3.966324988508497
5917212800626605824,,,,0.8767562,0.0141494315854383,7.063596,0.0100007630778886,15.841777556116591,0.01968527,3.062597575474774
5917231492323978880,,,,0.85007,0.0141450922947551,8.048586,0.0100010023487059,15.843097777592384,0.023178669,4.048893388402947
5925209583053212800,,,,1.9029245,0.0141814477684011,8.8669,0.0100039907021033,62.608696156160505,0.030342607,7.850307570353038
5927041953543630592,5800.0,,11.54,1.1645929687810093,0.0175700074938758,12.00464095730803,0.0121991637905439,6.49999090117257,0.011349227,6.069771335717391
5939949051801737472,1622.0,,,0.8331957650482195,0.0141535726424936,9.01737414533425,0.0100021804980372,11.38308915966533,0.014222463,4.29875191479049
5942178414758660864,,,,0.70253086,0.0141509385484528,7.5689373,0.0100010800047361,17.536303380111473,0.019413712,3.788555574079061
5945941905576552064,5700.0,,,0.8506088,0.0142798174322916,4.942752,0.0100208645908753,64.1123761774437,0.09042354,3.97811988503827
5946986063684477056,,,,2.27184,0.0141986419848148,9.293614,0.0100053716405049,103.34454519435496,0.021558356,9.365029485534446
5949553973093167104,1140.0,,,1.2548772434923894,0.0150464422109166,10.31694039785834,0.0105648273505334,1.1141022657092925,0.014930952,0.5614096153321846
5950535424666050304,,,,0.7822652,0.0141777677048433,6.5275645,0.0100023995719325,17.994563774116443,0.02122967,2.802817020225799
5951824121022278144,550.0,,,2.4648557,0.0144201931179711,8.336431,0.0100169444016051,219.68376938839504,0.026228724,10.045410612136704
5955305209191546112,,,,2.9048986,0.0154795614281709,9.602153,0.0100262264557546,199.7434302807481,0.031152742,11.104516951885657
5955841736510622208,,,,0.8898587,0.014154402465486,7.0611773,0.0100008640642039,17.906218200616472,0.020702828,3.325912715713618
5957920668132624256,,,,1.2627344,0.0141821340198776,8.765859,0.0100032645198311,31.89420143548331,0.062174853,6.284235319518963
5965406010180880640,,,,0.73096085,0.0141566768594159,7.253027,0.0100016580169961,20.688919945917284,0.02463755,3.831128971359059
596931979481073152,8000.0,,,0.8351326856902868,0.0142454328388387,11.733949929321152,0.0100538224568286,3.680583218452784,0.020156324,4.561761612291928
5971244451311982336,20.0,,,-0.2473837311353642,0.1018066053407443,3.492460108315248,0.068766015749631,5.705476363273698,0.2750485,-2.7639553095804175
597829077890316928,,18.78,,2.0987991939341852,0.0141959290758994,13.783462588411798,0.0100048759071113,9.8271636867377,0.019422736,8.744688218882237
5979460655025099776,,,,0.6660423,0.0145337896584522,5.404375,0.0100221634330152,20.666410585677568,0.067749105,1.980038248067734
5982775854377691136,,,,1.1110134,0.0141474769401468,9.099297,0.0100008500706817,22.031085917377048,0.013408917,5.814288263501581
5984023937500025344,,,,0.790877947676823,0.0142446693866363,8.818888219508505,0.0100637816782406,8.803818882251282,0.01719533,3.542383390609338
5984530842395365248,2200.0,,,0.8422695787423893,0.0228972826803068,11.406318924280257,0.0157733468965019,4.794840053930519,0.017001374,4.811155121965287
5986650013613194624,4700.0,,,0.8130000098920052,0.0161479750947558,12.2783680409317,0.0112823511969229,2.423834461542214,0.014082673,4.2004538471842405
5989042791436795648,2100.0,,,0.7251457947557125,0.0195516777142047,12.302922436712487,0.0135474873716526,1.707481824244315,0.013250174,3.4593858283151295
5991331601015519104,2942.0,,,0.91928387,0.0141486368115713,9.024075,0.0100007430383681,14.574474036091564,0.020227542,4.842088625650716
6000000322464144896,4400.0,,,0.75750494,0.0141561079870689,7.5793886,0.0100011180884017,17.67484603854036,0.01970064,3.81648744381244
6002207725193479552,,,,2.133024045018236,0.0970532072393581,18.48438548261353,0.0597490749128404,1.2522519830129166,0.21991058,8.695021022325601
6003809889735481856,,,,0.0747436582230399,0.0148375924823364,9.836034781738446,0.0104489304162275,2.449717486926974,0.021581797,1.7805977084661515
6004107513791584512,,,,1.197616403625592,0.0141934367471063,6.766969072059545,0.0100024416778645,12.774328149982155,0.02254804,2.2982492551363825
600698184764497664,,,,0.6475913946105994,0.0141623989299881,8.817915397089013,0.0100042488755606,9.468898143454355,0.020809373,3.6998242751117623
600750922666388992,7500.0,,,0.9605159897527664,0.0143116092473903,12.3882040365979,0.0100962322579518,4.936273677015239,0.013371604,5.8555169194483465
600859258922054272,7500.0,,,1.235858695917353,0.0159150712301864,12.220926660965596,0.0111480649583265,1.241100591119756,0.01578967,2.684711492608635
600874445926411264,,,,0.8890085595559571,0.0143420337560807,12.542411366076635,0.0101214700956556,2.804522273516489,0.013418764,4.78163174875089
6009538585839374336,3200.0,,,0.8790302,0.0142942772486994,5.8338356,0.0100115109871674,65.62130945142002,0.034218084,4.918875471717998
6011522757643074304,1.0,,7.1839,1.7151421111066545,0.0541887651501359,11.19048272799794,0.016494201320389,6.512079586813699,0.028916046,5.258886728252205
601159910928534144,,,,0.66597154981031,0.0141736855607816,9.515461715255048,0.0100196455936835,6.332885587006672,0.019839915,3.5237933237330523
601199802584914816,3400.0,,,0.6842928925098078,0.0142257881990141,12.0176585383783,0.0100477535564696,1.9500236082801023,0.013110481,3.468447630377595
601314254872894080,,,9.3478,2.365273185764805,0.0143843317849455,14.35703449265964,0.0100171454700195,11.04643259626832,0.026070574,9.572872277072925
601321985813952000,,,,0.8403832725384888,0.0143214757659137,13.191726190636484,0.0100975597164207,1.9403619211067096,0.015926959,4.632213997019656
601480723509077632,6200.0,,20.9521,1.0473737084495114,0.0142002552315443,11.717157984665048,0.0100284315752022,6.509497684256565,0.028597677,5.783625079432584
6018047019138644480,300.0,,,0.8076582,0.0145269037410443,5.215097,0.0100375402185405,77.59842782061311,0.066113755,4.664331572330373
602348482997667840,,,,0.8909899475360846,0.0144187159337912,13.41924624335586,0.0101699449103077,2.201148806781372,0.016352879,5.136825977562591
602466302541172736,,,,1.1383859625940642,0.0148044230252324,14.370843783018683,0.0101132710376301,2.278677297788768,0.02324656,6.162624316040915
6024733935303422208,4000.0,,,0.7246776046186917,0.0143057478093211,7.826234783545152,0.0100910030683788,9.113092996555784,0.028979711,2.6252776782289917
602494855483616256,7600.0,,,1.163068685708551,0.014373209683436,14.251329594004956,0.0100783094311066,2.1296644920641663,0.023197759,5.90016036510851
602498085299079680,,,,2.301982,0.0142055762355274,12.804064,0.0100077719276504,22.3799933603669,0.017935326,9.55344291480414
6027376203516634112,4510.0,,,0.765765923943551,0.0177532335543124,12.010554174071336,0.0123133326772581,1.6405800315645314,0.016590709,3.0845206203875506
6029992663310612096,8000.0,,,0.9633169,0.0141841388587112,6.3801155,0.0100010137724315,54.761695187340415,0.023557615,5.07258416374826
603083781399095936,,,,1.1376994792548396,0.0141516575348845,7.968677573927525,0.0100020868533128,11.992387170711211,0.02535858,3.362714193252332
603087247436468608,,,,0.6771815012087461,0.0143099496549117,11.37418203427046,0.0101050170161111,2.7648549390913506,0.030009575,3.5850558081268566
6032746832450438400,1090.0,,,0.6816353221905432,0.0168510033935362,11.325085674426967,0.0117320006499274,3.29817334258078,0.029188238,3.918161679492025
603329694046441472,,,,1.0901091721916434,0.0141627773721992,7.58694748803682,0.0100068633886626,8.00943846381198,0.024734044,2.103986844852298
6040105283968486144,18.0,,,0.6314546565544639,0.0144809508301952,8.77676265380502,0.0102171058254479,7.339342644627619,0.02041166,3.105175368145993
604215144503584640,,1.297,4.3125,3.0266029999999997,0.0142687389015474,13.770329,0.0100098651827184,45.92222038132839,0.019587364,12.080294003161317
6042491773948918656,,,,0.7538891,0.0141576181447631,7.9819336,0.0100025826475475,18.608792871701517,0.023504285,4.330304035262415
6042793005779654656,,,,0.5643816005416212,0.0165354178735184,11.176193586749005,0.0115510624284287,2.5254512811997154,0.025473014,3.1881891152173765
6045818685674325760,11.299999999999999,,0.5993,2.885213722129877,0.0371910614432178,13.977870909831651,0.0193348956729179,7.106417337875181,0.0502165,8.236125201727873
604743013163971072,,,,1.0986586733095758,0.01420606997414,13.543140336419505,0.0100255863430196,3.116437971132402,0.018824335,6.00876499569036
6047587937321868288,2.7,,,2.5055089616492405,0.0801059899977709,12.838306735935232,0.0532690759564532,6.88126348513393,0.030931018,7.0258952459927055
6048608906890968960,7.5,2.0542,2.0742,2.6253096221446577,0.0222845415595142,14.055651663128655,0.0151308918058615,7.432447307215481,0.021424117,8.41193541774388
6048935358761628288,7.6,9.0934,,2.425678640077539,0.0233116334274341,13.180947169542804,0.0147006084225724,7.26854016084282,0.017220037,7.487480622541147
6049072213596652288,2.0,3.5344,3.5611,3.645589092581402,0.0541848441375325,16.46851525435043,0.0299154415968737,7.313448360162687,0.077142775,10.784501127266951
604909657895767680,,,,0.7077198195966675,0.0143005870960493,13.515167597243996,0.01008212440937,1.2166583389480798,0.01894566,3.9348523997211418
604911375882674560,,,,1.486257344317801,0.0143148737975443,9.196410740355317,0.0100997039054108,1.2075240307955128,0.017529374,-0.3955224066376388
604914949295282816,,,,0.8240763855844382,0.0143880887625808,14.391984363186737,0.010110751310059,1.1736352844559028,0.02418699,4.736883580857413
604922096120852864,,,,0.8618125568907447,0.0144948070858587,14.543006199483774,0.0101836613460123,1.1297586353173077,0.025595553,4.801766351625673
6049595065740634624,,,,0.97848755901818,0.0202780861058696,11.823131487083158,0.0139918560183592,5.635303317907307,0.014205934,5.580631003242033
6049750234317822208,,,,0.9015233286343408,0.0174969111672688,10.677931898529044,0.012182509901986,5.861341357677074,0.016924903,4.5158006122283325
6050191241556876672,,,,0.9609163453111872,0.0164741688514219,10.493791220461324,0.0115047856198651,9.10965156990481,0.016714944,5.290279940942737
6053512007260865280,,,,0.6896486,0.0141569681599706,6.8690715,0.0100018693009461,25.77234928633263,0.015865827,3.92475899396226
6055854551117476480,15.0,,,0.5666448554990898,0.0141624031084983,8.103262164621748,0.0100120614205409,10.537285855799272,0.022339126,3.2155697445449007
605593554127479936,7400.0,,,2.0411268644060256,0.0149653609915084,15.70594491989432,0.0100414413360183,3.8342213002489887,0.03686046,8.621487967338089
6056675572727076736,8000.0,,,0.9930964265355516,0.0161139624857055,11.921151592824575,0.0112391098692138,4.703248270549913,0.010768939,5.281430777740473
606477252238780160,2670.0,,,0.7860795370006192,0.0141532799590836,9.313227758579876,0.0100018524917924,9.293777146553996,0.022291275,4.155696496985216
60684353135617792,5840.0,,,0.8917303,0.0141609607515342,8.342932,0.0100024735716343,19.953053146078535,0.024299476,4.843101186569008
6070080754075553792,14.0,,,0.1059243433274078,0.014182196332303,6.995766150085533,0.0100127041883692,9.326787053872792,0.034559656,1.8452816211211327
607158571490718208,,,,2.8489137868897902,0.0212070045410572,16.450240196988002,0.0100253397928037,8.059087452529315,0.056412727,10.9816580692531
6072902994276659200,13.0,,,0.5913900880858703,0.0141659455917297,7.697430280386809,0.0100075175194839,9.784295008960786,0.018532662,2.6502330124931786
607345660265955456,,,,0.8031704608848281,0.0142199840964686,11.968178074184332,0.0100474412938313,2.8855889753233757,0.018402012,4.270101796004562
6077185317188247936,,,,0.6443066479214409,0.0148045560314218,10.639404697360815,0.0104281209200777,3.3416449951097027,0.0194443,3.2625716806352187
607937055787752576,,,,0.782013152494468,0.0142210237237154,12.626179749535437,0.0100406336488143,2.771873748647158,0.014691064,4.841010857946747
6080301367488384896,4300.0,,,1.7367139,0.0141846796437041,8.445794,0.0100046911814179,61.3418141352086,0.020142322,7.384495037326714
608182831000585728,,,,1.1550921392935944,0.0141492649490357,7.57289375279091,0.0100011850484345,11.782999866005504,0.025818283,2.9283698983140125
608206676654888064,,,,0.8170103075594114,0.0142292741394626,11.187577466887108,0.0100575725492023,4.838038281310064,0.02309264,4.610937949154598
6083860761505899904,,,,0.7523413,0.0141656478194635,7.037782,0.0100022122948124,26.566904349902185,0.021395762,4.1588509659518
608395625151767680,,,16.5343,1.2315125397072697,0.0143396743576583,13.446126207576356,0.0100613355740806,3.5983451814529936,0.016173517,6.2276056036596525
6084610486697803008,,,,0.730114524683538,0.0143383545389893,11.049068871368792,0.010124097536592,3.9319965601764633,0.021067085,4.021298316824513
6086712585429729536,1790.0,,,0.4955834117658066,0.0152633324185865,10.940505784366154,0.0107182862886526,1.9236831028913963,0.022196447,2.363271815613947
6087996849371141248,7960.0,,,0.9037149091899268,0.0147808766210916,13.694006569130392,0.0103760763405229,1.403782743697482,0.019754495,4.429693114450751
609508120464763264,,,,0.8063322017986038,0.0142704941041031,12.04669713055472,0.0100761233024521,3.721123733547654,0.021025656,4.901724443018091
609814922864694400,,,,1.1911401727648658,0.0142601450662708,13.72899958937404,0.0100431314353072,3.1289127743662104,0.01868412,6.207554556383718
6099000589942631424,3000.0,,,1.8213835,0.0141690366499797,9.701463,0.010003912816149,41.49208336247394,0.017520834,7.79136761456712
6099012478412247296,7200.0,,,1.2485540289956016,0.014180354356645,11.742028956604187,0.0100095164581545,8.119458930305633,0.018971102,6.289178262199782
610181468257262464,,,,0.8608433170728546,0.0144342221976184,13.45078125513434,0.0101757526062563,1.9767769461572189,0.017878935,4.928804627412074
6104435819513399168,,,,1.2931337,0.0142038234995438,8.661816,0.0100050809046808,35.48640367467926,0.022141475,6.412149099615201
6105713692544123520,15.0,,,-0.241091766223158,0.014963741542554,3.984528936198374,0.0108904986926354,10.074041628914184,0.3142749,-1.010922276953615
6107144260251920000,,,,2.6117680721367154,0.014490380627258,14.46029537727813,0.0100141760758161,13.830068027855154,0.026726611,10.163968250009956
610858393758591104,,,,0.6508921679984917,0.0142124600056518,11.337419389711403,0.0100436880091111,2.6731613758568753,0.024945233,3.467768339104211
6110141563309613056,5.4,,3.0134,1.671942136426631,0.0184637043149134,11.60356484416613,0.0104467850524009,8.917831007397833,0.019064352,6.3552192041184385
6112606840179716096,2000.0,,,0.8958266958972415,0.0147207832968256,10.955995830273425,0.0103670624466445,5.757551832049679,0.01870746,4.755998977583889
6113245033656232448,,,,2.63068,0.0141873983619172,12.245831,0.0100050720712617,44.534920459388545,0.038083725,10.489670240883813
6113920619134019456,17.0,,1.4179,0.8376005361452622,0.0165910531526597,9.611337966146762,0.0103911436871121,8.04388858561937,0.018154897,4.14027100121888
6114034246789494528,,,,1.1253179166431198,0.0142305742115733,6.176466163272207,0.0100322476751119,8.451546426179627,0.028678538,0.8121065455551291
611580390645372672,,,,0.960204567343388,0.0142143063689028,12.493365988944149,0.0100388506968658,4.226244760562555,0.015189111,5.624357377780029
612404474610535936,,,,0.8076005344713184,0.0142143627558876,12.15249613074545,0.0100387118983937,2.9438638817309815,0.0141298855,4.499579251668189
6125644402384918784,6700.0,,,0.82159233,0.014148858420019,9.095598,0.0100009891446162,15.505520734153126,0.01270501,5.047515877973549
6127982342061605120,2100.0,,,0.8385884971592432,0.0157349096544609,12.140239316849014,0.0110325103100659,2.528286195271903,0.012431757,4.154910721251978
6128363666439822208,310.0,,,0.6242058875610088,0.017998986713199,11.683351186526965,0.0124739055373664,1.4313904221565483,0.10175268,2.4644924176896303
6129327525817451648,3200.0,,20.2033,2.318770036817255,0.0142930495529089,13.676722559440227,0.0100097715768535,11.654303954315935,0.016629426,9.008672108037228
6133384959942131968,4000.0,,,0.847744138771894,0.0141562726242085,9.913483198283352,0.0100065880862601,9.472975946819796,0.015835412,4.795747022112941
6134228079203074176,2300.0,,,0.6134935520713194,0.0149206955502417,12.59022203022826,0.0104840036241103,1.275085804382559,0.017761575,3.113095641346959
6139403450370668800,2200.0,,,0.6402626852425816,0.0150492273575791,11.628080612727352,0.0105859807398165,2.473394225771466,0.022041332,3.5925307867002108
6139698733664726784,4400.0,,,1.1111182234043069,0.0161665531269897,11.895082426309925,0.0113137757316228,5.64371964336978,0.015289384,5.652960039705384
6140553127216043648,,,,0.8949856620444769,0.0141475458965415,10.003085173857366,0.0100021282289444,10.491187862662276,0.01831552,5.107792189581348
6144060260072337024,510.0,,,0.6560764749254043,0.0152836924511906,13.415372670014875,0.0107243793787861,1.0982386467058745,0.01594523,3.618865641017992
6144125887169672064,1894.0,,,0.6234850527379258,0.0163558155105416,11.326653881138556,0.0114043727173057,1.782507265597614,0.021561941,2.58099066026797
6147000074988843264,3300.0,,,0.800612,0.0141573121020681,8.037033,0.0100028219899928,15.837753018348188,0.026280481,4.034709219098522
6154982877300947840,1290.0,,1.1752,0.4793790042371815,0.0146693043847304,10.546401193566917,0.0103372111062309,2.454113738916474,0.030315673,2.49861607284331
6157753406084087168,7500.0,,,0.96280956,0.0141526214448339,9.561536,0.0100008205500756,16.608162765018808,0.016179133,5.663338322504412
6160221740968692992,,,,1.0393763,0.0141476081930592,8.670022,0.0100008742733331,23.45293315312401,0.020540977,5.520685658072026
61607255708760960,3900.0,,,1.032606242396136,0.0214673926265929,12.7562172717931,0.0147705272967479,3.0417569409701275,0.013778748,5.172857047998139
6160877943251930368,,,16.9349,0.9231278770388666,0.0145010138788434,11.250010695359965,0.010197807449151,6.152244825228329,0.020277414,5.195822978636766
61624573016925824,,,8.6699,1.007742619073952,0.0208064591729428,11.999819642008108,0.0143493305256457,4.636944897056208,0.014570244,5.33189056444575
6166183842771027328,4192.0,,,0.86458397,0.0141604228078777,7.093907,0.0100019220229827,30.972919901377264,0.025557399,4.548989012337589
6166971574132849792,,,,1.1917858,0.0141547778549305,8.428951,0.0100013339116678,35.763675362491455,0.019973103,6.196288347320416
6169943210465504384,,,,1.1762052,0.0142473548266218,5.9005704,0.0100124843523056,15.654692122982622,0.04176853,1.8733070574640367
6171009049549197824,,,,0.6505177385928403,0.0143087477750475,10.774240819829906,0.0100820631979076,3.517191702650141,0.017579801,3.5042709114678097
6171451912217279872,7900.0,,,0.850118973675535,0.0145204111218473,13.293516946464884,0.010203405619208,1.0658536940459424,0.018206816,3.4357906686760913
6173120554255287808,7000.0,,,2.420125,0.014391307760149,12.070422,0.0100176977305088,31.64530467267381,0.023121994,9.572021949211802
6173435259395017344,4700.0,,,0.7465637223347599,0.0144666947723658,12.516450987850185,0.0101969581409097,1.4648150239735684,0.01646334,3.3433303045316674
6173451477191225984,7000.0,,,0.7295788708838384,0.0142814939929128,9.851726628274452,0.0100916811880971,5.206350791083675,0.03648819,3.433314384274013
6176542204376734592,5300.0,,,0.7957276638435938,0.015231991914979,12.041239051265364,0.0106912343518049,3.410482484745379,0.015623479,4.706218021361796
6180035765135232128,10116.0,,,0.7862735,0.0142085516344971,6.5313334,0.0100018040114393,26.36820957072653,0.01871934,3.637336596917871
6186950525042445824,1900.0,,,0.8596290315862674,0.0152584177332361,11.626415354289504,0.0107209687942626,4.689651707843102,0.023019936,4.979286906335629
6192360843805622528,7300.0,,,0.7842121846142999,0.0142619449885291,9.120148125691726,0.0100698220735796,10.3268708472573,0.020618422,4.1892904984697115
6198312362812872320,5700.0,,,0.7864005777006475,0.0146095026828252,12.472491638512858,0.0102935713982864,2.0614943955541505,0.016754031,4.041434499166378
6199395656645840384,,,,0.0853608263746776,0.0142480174887864,7.74064821868189,0.0100633778229196,7.442562860402929,0.040292054,2.0968705121610425
6214868495365748096,,,,0.8436528137333343,0.0142804781404027,9.494431294032932,0.0100763208276934,11.749410477673576,0.01994113,4.844247262276527
6220602384081327104,2170.0,,,0.6075829262909191,0.0147072603784621,10.828684063906865,0.0103254568252452,2.8067186114929736,0.01955678,3.0746100023443272
6223838830917236224,10000.0,,,1.1652584,0.0141621592306451,7.9887166,0.0100030086982608,38.41450935503629,0.027953371,5.9113248623650305
6224633983987510528,9700.0,,,0.78965235,0.0141519811496366,8.285315,0.010004153159145,19.465943844389496,0.026505774,4.732150385316951
6224633983987511552,9700.0,,,0.78481054,0.0141556390346264,8.269617,0.0100039099001331,19.44655507124493,0.029268065,4.713728295359086
6225252356194921728,5500.0,,,0.7260013361973029,0.0185850329380035,12.170789731258283,0.0128923308599198,2.0479075781452747,0.036677063,3.733738696725011
6226694571859532800,8400.0,,,0.8563061,0.0148800891414469,6.3024716,0.0100025528365955,38.23064402507144,0.03698864,4.214594043896649
6230733559097425152,5400.0,,,1.5390549,0.0141791239251585,9.407139,0.0100046929525436,36.388244708398695,0.01611794,7.211955621179911
623313901995781632,,,,0.7956721615308235,0.0141746982416705,7.998928245781646,0.0100960012777317,10.85391976103374,0.6199829,3.145505854683633
6233740654686482560,,,0.3932,-0.1181064547997959,0.0203540020881898,6.058183165043489,0.0140517888352332,6.753338127527515,0.056396253,0.2074497238362069
623408253837371392,,,,0.950102531502774,0.0141514191943878,7.822665611514985,0.0100018905437488,13.6243989968918,0.024884041,3.4943936057711404
6235663460003427200,7.5,4.6793,4.6803,2.610462480193899,0.0226653572473777,14.205627210346217,0.0131667172668513,7.296198042297554,0.022853727,8.519599293997812
623633615066248576,800.0,,4.4405,0.6866300097097773,0.0145389269409789,9.913848722060568,0.0102000683645845,6.256614486281034,0.022274612,3.895779654833443
6237129658760381056,6700.0,,,0.8545682197224688,0.0187784985481565,10.909109312254303,0.0130234051669783,5.2831913613813395,0.023274647,4.523722234630615
6239410080231903488,,,,2.558395483542963,0.0205398081228581,15.432779060812102,0.0136197142711342,8.926341536286223,0.046475794,10.184120664982888
6239581123010344960,,,,0.9212130852825786,0.0197036540508538,11.799639326847348,0.0136468946639976,4.612686798223166,0.014635776,5.118847631873271
6239702034929248512,4500.0,,,0.9411685358593348,0.0244927316926924,10.73965169392982,0.0168302048912076,6.411047594464015,0.02395535,4.775952183835464
6242058872466158848,10.0,,,-0.0402888119304538,0.0363521695619594,5.650819317159496,0.0248038706084886,6.517791566892918,0.18394712,-0.2808943656640865
6243841249531772800,5.0,,8.0143,1.641116217527043,0.0307220232522046,11.719257458423336,0.0204005475253624,7.258517111266491,0.017618205,6.023268133204825
6245607576304205952,,,,0.9593387270607896,0.0341358522415174,11.620983321915164,0.0232853310851682,5.235584090128626,0.016841626,5.216452024259411
6245758900889486720,9.299999999999999,6.263,6.1114,2.684354441852067,0.0299796064930983,13.873526747267023,0.0203440499556928,7.249452147857235,0.023388652,8.176230396428705
6245870673116518784,,,,2.517766,0.0142401899328211,10.250556,0.0100149723402705,68.66004188235446,0.028663991,9.434126750413329
6248534171318085376,,,,0.7859187,0.0141542555229396,7.1067142,0.0100013041539477,30.60069997091176,0.089798965,4.532745111619307
625078240201245568,5890.0,,,1.176683629389645,0.0153637364290879,9.869795899245592,0.0107907918388877,1.371959946109557,0.021508407,0.5586951966893388
625137162857354880,,,,1.522892,0.0141865301894625,9.234629,0.0100038477865204,0.7157456866460015,0.019996086,-1.4800437260855794
6253186686054822784,360.0,,9.5817,1.1857367,0.01418716214652,10.422918,0.0100063987881357,14.806887033827673,0.018753191,6.275422758992963
6253844468883543680,4000.0,,,0.6952721437254705,0.0176667177567499,10.62753853656028,0.0122987325556587,3.748326297432681,0.020816188,3.498378203925649
6255655673768103168,,,,2.5354350035183426,0.025197444752993,16.43962005684255,0.0121915895114319,5.651272677487743,0.07250891,10.19098363296245
6255978483510095488,1000.0,59.14,,2.9227209999999992,0.0188458090303161,15.648836,0.0100285269984423,17.694062420424075,0.04918871,11.888051809807902
6257625719430982016,,10.98,11.2398,1.9314389804743677,0.0158019501261563,12.603087568024884,0.0101493961752132,13.703701795954586,0.023920728,8.287690828479997
6257641627989839744,,,,0.9360929318255872,0.0157302750345714,11.639598062737017,0.011012988787825,6.245707268576184,0.021237299,5.616817783289438
6258364939144564992,,,,2.0250755505430136,0.015805085120318,14.266520256606386,0.0109887461883882,6.750234388476661,0.02679706,8.416491743689193
6258810550587404672,8300.0,,,0.8251041870232774,0.0151707997129941,9.648199097969409,0.0106644712355041,6.455639271822694,0.018947072,3.6975660783944737
6259263137059042048,9000.0,,,0.9127901809460948,0.0163526188998304,11.283477856577406,0.0114260625895615,3.133680066620159,0.01666531,3.7625746675864793
6264513270727342080,,28.91,,1.7203757439957432,0.0142716363343186,12.15003464530906,0.0100477259927933,13.08746597856361,0.014481087,7.734174413279958
6265374394490973184,,,,1.2459273,0.0172273540691351,3.625443,0.0101542511795964,20.295556396301087,0.15443392,0.1702006085200196
6283723285046532864,,,,0.8486398446497526,0.0147227798115858,11.023345085299406,0.0103661643638217,5.227384248053756,0.026210573,4.61644591199323
6284007337003799552,6600.0,,,0.7444332945966001,0.0149113860133986,10.799455061347984,0.010480869281895,3.598085116015235,0.016027668,3.577601924897708
6287125101007614080,7500.0,,,0.8366419776055002,0.0145947208608054,12.855116488694286,0.0102649586818455,2.1224983508770063,0.015606498,4.492584707342411
6288858347945925504,7800.0,,,1.1612493764162373,0.0151148123303308,12.966354576252812,0.0106052674338324,4.179050982749176,0.01565314,6.072138328348974
6294955311720593024,,,,1.081703817211857,0.0152344830334458,14.051620757821198,0.0106233658931705,2.408232615480564,0.023963088,5.956371716962032
6296703260330865536,,,,0.79315615,0.0141784437461926,8.164986,0.0100053211566359,17.324619997399104,0.027880002,4.358775017855139
6307338080392893696,,,,0.8711160561059038,0.0148727557995397,12.481661278856071,0.0104600012034985,2.3985285507584493,0.014751578,4.381383737505146
63206117414110848,,23.79,11.3955,2.111717185510145,0.0143568307007508,13.304967388299042,0.0100116208619746,11.644100865474368,0.016424485,8.63567787912109
6322070093095493504,,,,2.5615683,0.0142594386553817,9.421787,0.0100223528601935,158.76732696463245,0.030101538,10.425573364760837
6324325225803432320,4400.0,,,2.9232502,0.0143152799337618,9.894982,0.0100577349582822,159.9792137824956,0.054619387,10.915328619716346
632634358985725184,,,,0.8322103707636799,0.0142082926755033,11.109857753662332,0.0100416690111574,5.653105372942667,0.025875606,4.866408970953039
6339097679918871168,730.0,,,0.2578452846816171,0.0171870619325148,6.546956317152048,0.0119641388694298,10.13988592681369,0.02930123,1.5785693865638368
6340377202215639936,,,,0.8051191281270895,0.0165281399817627,12.605561526010348,0.0115459028410265,2.494529499383232,0.016226234,4.591460613972902
63416845689590400,,,,0.8456732337493849,0.0240991330314371,11.921514579971586,0.016528727457987,2.0418757636411713,0.013995221,3.473206832465958
6347643496607835520,,79.317,,2.7263815000000005,0.014196936185371,11.412538,0.0100122067922661,80.12359572909567,0.020635756,10.931334736636174
6348288635054855680,,,,0.7967868,0.0141610137601893,6.833774,0.0100015872761067,41.072313045371374,0.020233668,4.901473730621931
6348514275456913792,,,0.5419,2.2238207,0.0179650182307973,10.808022,0.0102640837795451,29.050195163265055,0.040061235,8.123284659503707
6349054822860923008,,,,0.7935691355482247,0.0141490866581957,8.503534080744672,0.0100018278192382,13.1633053936092,0.013758841,4.100352635315041
6349145498210403840,7800.0,,,0.7605591105976247,0.0186347454409846,11.34456580869619,0.0129343307320498,3.246596786627154,0.011933547,3.9030342276588215
6353376831270492800,3650.0,,,0.83135366,0.0142269743762078,5.655614,0.0100113321442377,32.11035421735716,0.032510415,3.1890438800581222
6355915466181029376,,,15.1327,1.873826,0.0142300481218554,11.9740305,0.0100052779236558,16.25106356967397,0.018384472,8.02864685753133
6356417496318028800,520.0,,11.6729,1.1864805,0.014185464723151,7.9835877,0.0100049296694732,42.304206343704344,0.01784614,6.115362307804788
6356860393345181824,,,,0.6919179,0.0141627563531117,7.648026,0.0100019606163994,18.49591911130179,0.017732732,3.983107819902014
6357524189130820992,2300.0,,,0.7114274375169214,0.0141521350232626,9.405965130268404,0.0100036705722442,7.7536011307843475,0.0133410385,3.8529862625356497
636363799347569408,,,,0.7160555746179347,0.0142075786822547,10.050900246061865,0.0100404406314949,5.56363957531428,0.017048588,3.7765793694899337
6364463103935391232,6300.0,,,0.914525929201373,0.0167406807213555,12.322081862082042,0.0116864964277402,3.0221642490850704,0.009870969,4.724296907927576
6369544118965772416,4200.0,,,0.7631531,0.014179191076825,6.342613,0.0100017656034557,25.04553192133634,0.020531353,3.336098383410135
637329067477530368,1790.0,,,0.81392527,0.0141620536196964,7.5681353,0.0100020338684137,29.100029700504784,0.04139838,4.887376770899136
6373308503181838592,5500.0,,,0.728598343055996,0.0155643340102019,11.710516758138452,0.0109074787518566,2.9626585775264673,0.009433422,4.068875358356953
6375983988633147392,4500.0,,,0.8471445079322183,0.0149683634698669,11.777196383918936,0.01053209343088,3.8187256291307774,0.013215259,4.687007092671211
6380214844952702848,,,,1.2340403,0.014173106674398,6.753961,0.0100011467801379,87.38067142781944,0.018673154,6.4610342415422615
6384510877400590336,4900.0,,,0.8149948,0.0143035755053549,5.8999476,0.0100064122253356,37.47573817995383,0.025311647,3.768706904490302
6385548541499112448,,,,3.389298,0.0146348311752021,13.36496,0.0100219152116917,67.26422916183033,0.018697714,12.503837085324712
6386468454774591744,,,,1.1715182401108504,0.014169094957525,7.200450954594336,0.0100024332164054,10.917849413209508,0.015344121,2.390814830400517
6386751579018596864,,,,1.1092808544169424,0.0141696034405852,11.616277043910332,0.0100046699798738,6.635096252955383,0.011453273,5.725126062079465
6387058411482257536,45.0,,2.9121,0.8864422,0.0150956163616104,8.341437,0.0100721507056812,22.64892563857418,0.015010941,5.116609843029719
6401028668786744960,,,,0.7352390665832927,0.0141464760362205,9.088014455772925,0.0100013536343215,9.101060414392403,0.015044748,3.883778176535088
6402076022332085760,,,,1.1537618584784537,0.0142238492128826,5.35935969985351,0.0100118834644486,9.606100891728635,0.03784311,0.2730062422116823
6407428994690988928,3800.0,,,0.78586006,0.0141621712705521,7.8168154,0.0100025310935152,20.94938865831372,0.021828067,4.423074330680431
6411096106487783296,2000.0,,,2.6423836,0.0142516725714051,14.309705,0.0100086552552115,16.113748843982076,0.017756619,10.34614642031184
6412595290592307840,3500.0,,,1.2974195,0.0143145040745987,4.322904,0.0100322071758043,274.8603575216296,0.09561499,6.518668361732962
6421118739093252224,,,,0.900001079754846,0.0141473390569437,7.836280219434802,0.0100010636713253,14.059217606622433,0.022929778,3.575769619602476
6426188308031756288,6000.0,,19.7655,1.8372974,0.0141535779775101,12.044743,0.0100019626301163,16.284459783263706,0.013166827,8.103309859305583
6427244702486210816,11000.0,,,0.8211117,0.0141882746253192,5.915461,0.0100029063328474,55.78268255731051,0.024518905,4.647970499534979
6429295051154269440,,,,0.737469506034143,0.0141471690754773,8.621113988767407,0.0100017831535447,6.7253107098718665,0.015336757,2.7583228687051804
6434153380720177664,,,,1.1750865,0.0141470411404452,8.102739,0.0100008297528833,37.06979803189394,0.021140764,5.948063748270715
6434759761383343744,10320.0,,,0.89250326,0.0141444386017263,8.420653,0.0100005606125575,24.760380879089027,0.018178014,5.389511221106739
6436995652638923392,4420.0,,,0.8569675029984741,0.0142227548628067,10.853933825922024,0.0100464865767864,6.016818672021782,0.015424986,4.749606632884307
643819484617141504,3350.0,,,1.3946259,0.0165320077311232,3.5301552,0.0100299437702654,26.13055983729997,0.19741534,0.6125939114842502
6441034841743467776,2130.0,,,0.706354378731522,0.0148413946951799,12.30266389738298,0.0104357902906278,1.9020206167835716,0.01192054,3.6977616348870193
644224345413418880,3100.0,,,0.6324307269507435,0.0141501227225652,7.762056825433746,0.0100015686939126,12.51552299459239,0.026763909,3.249993343319698
6443054270942726144,10800.0,,,0.8045334307519183,0.0143531400104038,12.23902120993526,0.010132349750762,2.8273099275141336,0.0139122335,4.494376142907248
6445881974332225536,8000.0,,,1.0582888565646784,0.0149373956473538,13.681439131306371,0.0105020575616695,2.394791223219806,0.014412507,5.577318663993932
6453566701615683456,,,,0.7297174937448598,0.0144247876823723,10.23064733381282,0.010180962105664,3.1709360756777474,0.013933233,2.73589796085985
6454954010413575296,4300.0,,,0.79564524,0.0141504219317086,7.3553033,0.0100010339469141,19.807755438247344,0.020504005,3.839443560420606
6458219559946927872,,,,0.7441661417146853,0.0141539040082075,7.738755177391978,0.0100066501032837,11.410046304779204,0.03776862,3.0246613874487593
6458529931463278848,6990.0,,19.0307,1.2469953975700467,0.0141595701522344,11.3631571411205,0.0100104616220167,10.996258358757968,0.028230544,6.5708792368676185
646125297938578944,2730.0,,,0.7530216475913689,0.0142058400442615,9.584163717311355,0.0100396316264901,4.507556978539132,0.01816353,2.8541924099205502
6462994429708755072,9600.0,,19.5698,0.8130098998519117,0.0152231215043733,12.791745605286096,0.0106897141984097,2.7112771500602815,0.013080718,4.96113242243336
6468968316900356736,,,,2.318532,0.0142431900160949,11.235408,0.0100164058969119,49.07234956092097,0.024669724,9.689678842261172
6473033932942902528,,,,0.7138130603266617,0.0141484045512668,8.825791530987255,0.0100025022364227,11.254289061371326,0.015647521,4.082583282801902
6475212134196589952,,,,0.790333200747269,0.0141560201526763,8.836270508304105,0.0100021714223424,12.48505624347755,0.016045183,4.317729297855294
647864446160474624,2600.0,,,0.8906519955971921,0.0142158135011622,12.11170177304161,0.0100366084615477,3.232522465846511,0.014385293,4.659481334124768
6482103014085857024,,,,0.6591012269596722,0.0145164818756672,11.434016155475016,0.0102415177722637,1.824141494127772,0.018465655,2.7355625681403968
6488009143872441216,,,,0.7152568806905443,0.0141553022930184,7.933968972723582,0.0100027897029624,12.65695934785317,0.019713016,3.4450313164061246
6489603813690967808,1300.0,,,0.6631818,0.0141526038955644,7.693697,0.0100018529169935,17.888928135224255,0.020577135,3.956713920700553
6489771832811810432,,,,0.9656005,0.0142089616703476,5.922179,0.0100040094355169,34.2632383160927,0.022287067,3.596152506116227
6491038642006989056,4080.0,,16.6923,0.8674189927652719,0.0144491897366688,12.44042567247409,0.0101703829007525,3.08600063650593,0.012212141,4.887361127546562
6491962300492857472,,,21.5924,2.024475,0.0141987071656427,10.237262,0.0100146381769228,39.73200107108762,0.024424436,8.233261613093791
6492940453524576128,,,,0.8920433392661976,0.014147818526399,9.65476157658845,0.0100017926467875,10.640736178752364,0.012125734,4.789555384953097
649852779797683968,800.0,,,2.4424534,0.0143789205337865,13.568408,0.0100075250121492,16.438226462341923,0.019687213,9.648348499535167
6504232472302122624,5800.0,,,1.1142778,0.0141534573802004,8.695032,0.0100011472154037,24.67606959665088,0.0151950335,5.656468923341722
650463970824290816,,,,0.8861648812607376,0.0141977910078707,13.50455886361918,0.0100251448283303,2.0501952876801752,0.019977951,5.061089604195104
650623262571412480,,,,0.7356123269760569,0.0142421567218393,10.419061754925204,0.0100625150666952,4.417021893468582,0.016599521,3.643951141570751
650778499868023296,2200.0,,,0.8477634092332089,0.0142891113834446,13.177568336428577,0.0100805116984536,2.4967306562448615,0.016332634,5.16699471008091
6508401923473282432,,,,1.6635175,0.0141809810372287,8.409995,0.0100029055090083,76.18095505307657,0.019678587,7.819270136798679
651370037123678080,,,,0.9078057697569568,0.0142513445386098,13.128340614136173,0.0100520290261208,2.8214900703317767,0.016355077,5.380749612085225
651522834880015872,,,,1.0018898160895475,0.0141544829453422,10.13441593170618,0.0100012772330924,13.251280993641355,0.0171782,5.7451264429562965
6515731817739456256,3000.0,,,0.77152014,0.0142204452616054,5.8873706,0.0100062309743728,30.214049984196556,0.029759329,3.2888031421393267
6517058790835773440,,,,0.76803064,0.0141641558393908,6.6741953,0.0100023290720444,24.44740079086222,0.020756882,3.6158342866871065
6518399301667782016,,,18.8307,0.8284058323469111,0.0141667517934601,9.939422571481144,0.0100070933497983,7.261306245279401,0.015653515,4.243634053816999
651907079835937280,,,,0.9490823209702856,0.0142334207089825,11.699887270328222,0.0100462141957659,5.051774032738169,0.015371769,5.217817429396035
651935220461650560,650.0,,,0.3600233206327821,0.0142386519439695,9.209227975615654,0.0100505979673072,4.422664748199278,0.02077791,2.43503530924678
652007410271734912,,,,0.9314267123970836,0.0142267056827833,12.650998102497091,0.0100481103721925,3.143935901715885,0.013976848,5.138925230353745
6520880040423258240,6340.0,,,0.9760469181188656,0.014158204542522,11.320343287641126,0.0100060627730083,6.111166444795776,0.021302553,5.249741501193528
6521531466699512064,10400.0,,18.9721,1.9958073270813463,0.0142760368286085,14.63657124277768,0.0100234465035564,4.794018197073544,0.017508725,8.039741242969143
6522218077351129216,10300.0,,,1.2510057774473642,0.0142322253108306,10.89269342761736,0.0100558446585785,2.282490308157948,0.013335557,2.6839351676869523
6529471108882243840,5000.0,,,1.014016680487795,0.0141884561657785,12.049200054006947,0.0100280658213496,4.564142354527486,0.026488964,5.346058425523125
65315118156520320,3500.0,,,0.7233391829547695,0.0206346118535846,11.771581724095189,0.0142272553840375,1.909439569670336,0.012741197,3.17870383287476
65331198513957376,,25.21,,1.6346262305725991,0.0230427854709977,13.079716172934097,0.0158617142372081,7.48920361781846,0.013730838,7.451192419416425
6533307957785865856,5400.0,,,0.8379704898810781,0.0142467013544122,11.97711128551131,0.0100306515644434,3.218093679268717,0.014966512,4.515059225636772
6534414719318886144,,,,1.2606246089599804,0.0141631914586996,10.89491162365478,0.0100023164832354,11.460466976666943,0.0150517505,6.190214020066131
6535499658122055552,,,19.0433,0.9139206188994558,0.0143434634146322,12.294308746275233,0.010103040984147,3.683049957085451,0.014694359,5.124352951616753
6535747220036134272,1000.0,,,0.7122507903921286,0.014346445554607,11.878411206342347,0.0101203502826049,2.8624734021248543,0.01742259,4.165622565193937
6539037542941988736,180.0,,3.8085,0.8062017149403705,0.0143552283121375,9.760384765104002,0.0100212853107384,9.925709975830316,0.013799841,4.743351444157069
6541360574788758016,470.0,,9.5911,1.2138662,0.0143019341964728,9.617803,0.0100120456613973,21.643515730987048,0.014759851,6.294259798587671
654687847820642560,,,,2.295456,0.0142481181520984,11.360213,0.0100111962260679,34.04038974122476,0.025542034,9.019826810589976
6552346035980010624,5400.0,,17.571,1.2112590936532202,0.0143394088867835,11.08565130433993,0.0100200700638311,10.41044515011503,0.01817497,6.172863943295944
6553614253923452800,2900.0,,,2.0982852,0.0144878284495906,6.5220323,0.0100193612495539,304.1626512001036,0.01999573,8.937590169377861
655794055300531456,,,,0.916657404352845,0.0143138665008212,12.126819011051802,0.01010066200571,2.1482971540123987,0.014067072,3.7856109609238953
655863775507590400,,,,0.84692396867657,0.0143839938498437,13.625113278827635,0.0101301039669982,1.8848783688356583,0.018952088,5.004084553592612
6561908626047094144,,,,0.8627699968600581,0.0141504598026019,7.4629266828634035,0.01000119350513,13.294451064443454,0.017982371,3.0813745349558266
656201703533465088,,,,1.3675767729816064,0.0141955692236118,13.029013288093193,0.0100174898924823,6.333592175633107,0.01567463,7.037464103460307
6562924609150908416,8100.0,,,2.2399096,0.0141652844152993,7.739947,0.0100050926958312,201.3539893325545,0.023687575,9.259723238188736
6565868036138018304,,,,1.0022237305482569,0.0141505155019069,10.864208302669672,0.0100013947161273,9.246326282470468,0.013355391,5.693599758837971
6570039342736534784,,,,0.8088503,0.0141499400615085,7.68243,0.0100012540348442,23.693412617531184,0.019153008,4.555473982829927
6572326052043362304,,,,1.7457476,0.0141530984920085,9.936039,0.0100019801024519,42.31982413759502,0.01414575,8.068698383162465
657756997089784960,7000.0,,,0.9501970231785484,0.0141939210370767,11.400674507476694,0.010029659165331,6.171737285253978,0.019282129,5.351479129107762
65797082206292224,,,13.8823,1.1649681747639191,0.0148143988671714,12.557842667285067,0.0103932596915821,5.331993475744486,0.015327792,6.191363355489175
658060049982487040,,,,0.6859709772823379,0.014503985694786,12.442670520619286,0.0102281894673981,1.9074698357737836,0.014564273,3.8464210925810582
6582435924022652672,8710.0,,18.3548,1.1526792645914694,0.0143674385784532,12.887061045188062,0.0101218867058043,3.0158222905639476,0.08367921,5.329381565145518
658274970145911424,,,,1.360256929677942,0.0142827569852566,14.487530178488852,0.0100510773511729,2.800735218747187,0.02214526,6.727803622025046
6583094222249556224,,,,1.3259406741726816,0.0145245573609864,5.297927317971539,0.010009484301633,12.708822448996992,0.057731852,0.8217051320647952
6585082036193768832,5900.0,,,1.0160046693685474,0.0142362880266208,13.081049841239183,0.0100468615087296,3.162021105138249,0.016556807,5.583353149891652
658607950370340608,,15.317825,,1.9460077329318728,0.0144407410770309,14.50286763991101,0.010053465466594,5.4086047836749795,0.02446855,8.168370492424003
6586580842340695040,1950.0,,,0.7155652,0.0141527830853005,7.345241,0.0100020319906981,22.298243132809397,0.030428672,4.086458941207759
658978451430055936,,,,0.7847484674813935,0.0142476213963113,12.207898940442664,0.0100572084548668,2.3616314411907284,0.016159078,4.0723951107737
6592695123423391616,2840.0,,,0.6847604545624867,0.014146230673234,8.431079025883298,0.0100021092353858,10.792228290267976,0.02034595,3.5968797677901723
659493675706526848,,,10.9351,1.2384024842797012,0.0143994678242959,14.3242686317111,0.0100773186064228,2.783763546597209,0.0271498,6.54983514542436
659701895721176192,,,,1.072141355245244,0.0142507580326951,13.12653394912469,0.0100495213553596,3.3001508510070083,0.017600846,5.719657203061246
659744295638254336,,23.66215,,2.5514112031156486,0.0178405399744938,16.056395949777833,0.0100615996860582,5.598277901537111,0.0629614,9.79904431539861
659826037455527040,,,,0.9263754872379946,0.0142858192573859,13.644583173585415,0.0100797175725332,2.416542026729327,0.016984327,5.557820153265872
6598814657249555328,,,7.1207,1.435152,0.0141738013382965,10.07847,0.0100035307702599,23.6024646497582,0.014479683,6.943416262940019
660400738439361280,,,,0.9068553342211146,0.0142639104806095,13.54740829879046,0.0100557123333812,2.1429964146311034,0.016966712,5.202404261254925
661004400386393984,,10.729267,9.7417,1.2191069793420182,0.0143321208118616,12.6440615900747,0.0100546066765256,5.417071452308119,0.01861086,6.312868817981171
6610107504955838336,,,,0.9479203,0.014152548679634,7.9283977,0.0100021437819318,27.32336983901683,0.02452881,5.111029479093903
661167785238757376,,21.197000000000003,,2.397533857682611,0.0153778039488362,15.63430741576654,0.0100624207085286,5.603909110311187,0.038085144,9.37507596558855
661192902209491456,5000.0,,,2.6436818320821875,0.0145549283879132,14.957154802694545,0.010016130023598,12.468053137371696,0.040781327,10.438416113003075
661222279785743616,578.0,7.94005,7.9219,1.0315706798432769,0.0143526650181196,11.920912674083162,0.0100657428378638,5.473243276555396,0.018364618,5.612590309781954
661310756111835392,790.0,11.5947,12.0494,1.297012673515284,0.0145569887007124,12.83198749976649,0.0100469539540179,5.418028186240962,0.019156244,6.501859037208327
661398407803108736,,,,0.7881933215257318,0.014249591518389,12.533129530227123,0.0100647645876863,2.414954925828673,0.016231565,4.448819748125379
661424074528836480,,,5.4068,0.7161011172658748,0.0142379837560882,10.349675332016403,0.0100405553738872,5.576789086910993,0.024264084,4.081759436029438
661453074146753152,,,,0.8012749156099209,0.0142642851704107,12.909504986576822,0.0100708511981506,1.47252291512735,0.021348266,3.749434800858744
6614751532833886464,2100.0,,,0.7178742443955171,0.0143641678585491,12.55307648723502,0.010133788026807,2.1326065659813116,0.0145264845,4.196775712692007
661598415839633024,,,9.1575,1.1960193279585367,0.0144090773691774,11.806862512492216,0.0100327345599932,8.100313387230484,0.019849336,6.349066386808055
662078902422542336,,,10.491,1.3432407103120874,0.0142613588104519,12.909913198634955,0.010022367128442,5.930942119900294,0.017961668,6.776022675410765
662705555330268928,,,,0.9245026657173292,0.0148724537237025,14.07964216404594,0.0104564853384307,1.42559947171628,0.022144966,4.851499452904585
6632318361397624960,118.0,,2.2489,0.75702524,0.0142443626665025,8.173207,0.0100058516057193,17.102972478876836,0.02084719,4.33843920254095
6633448311454447232,4000.0,,8.8592,0.899890032806954,0.0154356302335728,11.834662149188103,0.0107463331487632,4.247637260005368,0.0145942075,4.975842743334235
6638230431120193280,5500.0,,0.6316,0.8518883970847597,0.0164790379693324,12.315119350847157,0.0115172939117496,2.857575580308517,0.013906058,4.596839338212941
6638412919991750912,11970.0,,,1.4253808737381737,0.0149590950742867,13.828416489296414,0.0105153506412792,3.723938990911164,0.018612556,6.679056789800189
663843343706623232,,28.67,,1.96064995075039,0.0141793116813851,12.359115399859704,0.010003693493741,13.83780027065934,0.015077018,8.065169987096027
6640676436470581888,6000.0,,,1.2119417,0.0141551947284261,8.720525,0.0100017172788873,31.928790382227348,0.021683723,6.241672547113372
6640975950310072960,3000.0,,15.4834,0.8602686575335007,0.0146026867290102,11.697788982067632,0.0101604577329553,3.982276237705758,0.014752845,4.696929887405769
6641996571978861440,3100.0,,,0.80672455,0.0141502037895187,8.526487,0.0100013641405596,17.633778236024853,0.016245944,4.758200044074917
664292459846946560,,18.0021165,17.4321,2.263082816668774,0.0162651184688092,15.366216247824854,0.0100514055842975,5.391473108684689,0.049806084,9.023641630630356
664337230586013312,750.0,4.2581,4.4381,0.7370371249731666,0.0142780819917533,10.405659100735663,0.0100364733144275,5.504463865707612,0.024388064,4.1092798261312025
664406705976755712,,,,1.0812658901724,0.0142208194913934,12.868341354348726,0.010034889012897,4.403404480444093,0.018977523,6.087052543906601
6655168686921108864,200.0,,0.9419,0.9693513,0.0156341873878238,8.10166,0.010120988330845,21.18939965063061,0.022285203,4.732073176973881
665757593450097920,,,,0.7148019189029521,0.0143108325376619,11.42309732415116,0.0101137285785339,2.922216053256189,0.026540833,3.751714260043988
6657994706683397504,4200.0,,,0.8240764553155991,0.0149616774877015,13.631857767176774,0.0104963500816478,1.540239781454462,0.014547591,4.571168986253776
6658373007402886400,8100.0,,6.3922,1.4372607127968926,0.0155644789082206,14.335983565125298,0.0108322096751924,3.3147103408187912,0.024712384,6.937757490744261
6661242835829891584,6200.0,,,0.8961050433890422,0.0153779553601872,13.6816910920919,0.0107650644632735,1.923679087188979,0.016394164,5.100781213879053
666195851913506816,,,,0.7625120389521934,0.0142323101846692,12.460325531799713,0.0100541367996466,2.3076492375151396,0.014583575,4.278530155121276
666427539629086976,1150.0,,,0.70770836,0.0141729399628448,6.7626004,0.0100016891564361,28.413772203843873,0.021329414,4.030068247719749
6675883485986480256,3300.0,,,0.7154669105493269,0.0144176152245431,11.323322293034911,0.0101705426646951,2.701589260115537,0.020050218,3.4801243479560995
6677909439240233472,5952.0,,,0.8643816427738525,0.0142199113451917,11.890536323991697,0.0100463709558818,3.0803496733864035,0.015478848,4.333625079322596
6678937478314860160,11000.0,,,0.9392983058166444,0.0145979095626245,12.51614619137853,0.0102895527245025,3.630327332832547,0.014962761,5.314565179726472
6681720724498802176,2400.0,,,0.6059780519194355,0.0141667570512885,9.380888207177808,0.0100128932965161,6.219067234524485,0.01755818,3.348839244152108
6683371847364921088,9400.0,,20.2033,1.2677336,0.0143685147861019,10.644562,0.0100207638171984,14.59190547500853,0.014715874,6.464381781526518
6685431748042347776,,,,1.8457587938159157,0.0155422065438619,14.223314530558737,0.0101030118162582,5.01218463554096,0.024770344,7.723193986742888
6691193566928966528,,,,0.8037205,0.0141685437908301,7.1917214,0.0100029439025018,15.576030836867696,0.018989908,3.1543570798074887
6692069568458919040,2747.0,,,0.7187314,0.0141810130875968,7.0901484,0.0100033701488599,21.87623185231585,0.025073979,3.78935272698172
6697758334244808192,7957.0,,,0.8819313,0.0141647828337667,7.6075473,0.0100022476241884,18.41981533040534,0.024669651,3.9348911970922984
6710517793025165696,4500.0,,,0.7981872944232995,0.0142274847502955,10.693232641767514,0.0100449206653161,5.310998771190629,0.017377498,4.320079129473385
6715688452614516736,5400.0,,,1.5480852,0.0142037553556524,10.898942,0.0100076715668798,17.152800448134368,0.021264555,7.069717943698576
6718894388002453120,,,,0.86726856,0.0146147854798544,5.9807982,0.0100138078026284,59.01951912979234,0.037590206,4.835648552671819
6724520279784564864,4000.0,,,1.0518627,0.0141587666959697,9.077164,0.0100013655300399,22.065054903450644,0.01767929,5.795853789937231
6745589980571162752,,,,0.78622437,0.0141842682280459,7.6874804,0.0100059237970075,16.710461671011103,0.027277168,3.802422526420589
6748283784056800384,,,,1.2625527,0.0141621332163968,8.074735,0.0100030443705943,51.19085381284287,0.025003806,6.620356513031784
675443053940533760,11100.0,,20.663,1.4902271258725728,0.0144485982507252,13.525626324003534,0.0100378933080508,4.979830389314931,0.014411289,7.011915828055924
6756148659453907200,,,,0.853625645556905,0.0152103639522954,10.83813804465956,0.0106577845156421,5.041670628778512,0.020317754,4.350521458783453
6764974194470777600,,36.29,,2.0945892167276554,0.0142607696264405,13.17354975544339,0.0100473464240196,11.026712214057376,0.013467448,8.386301296314574
6766134630213144704,1780.0,,,0.645438080811291,0.0152716341706024,12.16591962280898,0.0106906902553792,2.046667844030722,0.014178132,3.722033503548742
6767008363999712512,5100.0,,,0.8698690202535692,0.0152582692763895,14.120092836271349,0.0106729388803243,1.2840633639663988,0.020751288,4.662551189182128
6769308026926349056,,46.42,,2.601084999999999,0.0148284598398001,12.448667,0.0100271132055677,36.17655197315739,0.028300386,10.240506384853331
6770313530317154560,,,,0.6959901,0.0142247142010985,6.119344,0.0100124692467713,36.349884468338914,0.037487436,3.9218332139313703
6770721346051487872,,,,1.0967837730440215,0.0144234643002031,7.523450891117998,0.0101703476562757,9.551316218944567,0.021209944,2.4238309954184114
6770761168986617600,,,,1.1295932808847158,0.0149116754097509,7.272195158881455,0.0104904627454138,8.332789124760621,0.018927393,1.8776345907641288
6771149120491232768,,,,0.7811988691621417,0.0152365792734547,13.64854785149862,0.010644988514008,1.150742574632589,0.022380205,3.955878836527539
6771370981322320128,,,17.778,0.9528410147260648,0.0177947732828838,11.8263339041619,0.0121222202995212,5.127071452757822,0.015489672,5.3750977542870135
6771542097119292928,,,,0.7782127761866999,0.0153007696300378,14.085235028114544,0.010687473161476,1.1941972511956025,0.020358022,4.469822478967863
6771939433131924096,3300.0,,,0.7595503549036522,0.0156792391970348,12.756050030554436,0.0109813389155605,1.836249535153817,0.018797528,4.072375605378797
6772454416893148928,8960.0,,,0.8678937898189243,0.0147972334726844,12.234791428976104,0.010406036230117,2.6543993024787382,0.014107396,4.35345401518113
6778662809294560896,6800.0,,,0.8680538049519526,0.0165106403044623,12.598962770065596,0.011541469520987,1.832407516076089,0.01578821,3.913378264921681
677884313351354880,,,,1.1945232261972711,0.015006897355173,14.34125843939382,0.0105382291344372,2.1217000259848944,0.021122439,5.9771861563075905
677884760027950080,,,,1.261169922496884,0.0141574848634047,11.675397932566687,0.0100056459084529,9.50117103121643,0.017668016,6.5639153309681575
6779308394419726848,10020.0,,,1.27843429356089,0.0162703052458689,15.123719305858454,0.0112615115776872,1.751231341652321,0.031999867,6.33685756731199
6780546169633474944,4000.0,,,0.737909453015547,0.0142680271264427,10.397071757359,0.0100769438363679,4.750548617828115,0.01647106,3.779816042442684
6780546169634170496,,,,0.7174092787236075,0.0142604522913261,10.023479896641469,0.0100755586049446,4.78372659541825,0.024207314,3.423701795863659
6781117812601143168,,,,1.5326872,0.0141589209651299,8.84405,0.0100016039382868,48.82335056150675,0.02248897,7.286989584870524
678119333962115072,,,,1.45994781218245,0.0143152278003506,14.79161518307979,0.010053837691062,3.1715619717891133,0.024100196,7.300760968517663
6790773586275235200,1700.0,,,0.6422256691315874,0.02068156015318,8.237303435338553,0.0101015034345707,6.170041092002067,0.044886153,2.1942913286695234
6794047652729201024,18.5,4.85,4.8512,2.1113242999999997,0.0144165655455966,7.8434396,0.0100378255057875,102.97962131754848,0.023112189,7.907100751105216
6796762076358897408,,,,0.9940943737656416,0.014145792194099,9.779797526879156,0.0100008057155692,14.227140966207577,0.015395861,5.545550404048392
6801474136516893184,7400.0,,,0.8427809731587187,0.0145949705404238,11.16314155041702,0.0102716317769391,2.8234656782077736,0.02162883,3.4227412032785107
6803000980210856704,2500.0,,,0.9520906117640712,0.0159324382387683,13.611431873975429,0.0111297788473044,2.321498150332804,0.020562066,5.435521721234984
6805149288493408640,4900.0,,,0.96177150022789,0.015414288335467,13.66324228953948,0.0107767397331595,1.983152913111751,0.020530691,5.149070947308228
6805886373600546176,3200.0,,,0.6557947029773081,0.0149718940970334,11.813562025639458,0.0105319566018017,2.4053654634891397,0.017120315,3.71787252614509
6806639397331208320,9550.0,,,0.9403725250965458,0.0146736037545984,13.725798703150543,0.0103151930687815,1.9606541150957684,0.020683061,5.188989131520197
6812056381881853056,1360.0,,,0.83833313,0.0141495445603843,8.623468,0.0100010760327657,16.922272023580543,0.0151343215,4.765781413304802
6825822095663585536,,116.4,,3.0962745,0.0142857732580573,12.067119,0.0100195668943417,97.68813438764236,0.037482727,12.016283907831742
6825931948041984256,,,,1.5309871844960767,0.0142382415927448,13.043673005005823,0.0100461810554905,6.337049938966585,0.014976292,7.052102198422963
6826271727199243264,,,,0.8814988439319686,0.0142875382470062,12.070634095138796,0.0100819029464708,4.1033107151871935,0.018406007,5.136539628702902
6828450688663428224,,,,0.8271532,0.0141518664227337,7.845261,0.0100020669859007,20.80518582702212,0.034289155,4.4363090129729175
6828814283414902912,4100.0,,,1.1993949763148155,0.0142105108825344,11.813932404146222,0.0100242078283872,7.39378746936003,0.018006464,6.157605252438135
6830027182179257472,,,,1.06566,0.0141455480434347,8.203756,0.0100009114661041,34.91751498908034,0.027438005,5.919026054075902
6832155218215202944,2900.0,,,0.8483243,0.0141617899499157,7.9224863,0.0100022816613289,21.97420362365219,0.027478134,4.632456443585363
6835905927256722688,,,,1.0722091,0.0144023433009064,4.0490885,0.0100385619730198,16.24175489935105,0.16879044,0.112528012097858
6839540362940861568,,,,0.8374242396500605,0.0146680076175195,12.92836944427094,0.0103236613801869,2.762841514632534,0.024622532,5.137131638844426
6840435777723109888,12480.0,,,1.0199128329270069,0.0170320184327486,13.415064113509464,0.0118473110108116,2.363696293182222,0.018882437,5.281988313105286
6847167606385195648,7810.0,,,1.0801368,0.0147167664494406,5.48135,0.010017699961646,113.5222028847664,0.051574934,5.75654980563215
684992690384102528,,,,2.5343885,0.0142943783804882,12.715983,0.0100158748458112,35.94707856975783,0.025269575,10.49468591429933
6850309426503755520,1200.0,,,0.8207998469559786,0.0168055896561295,13.684543698664084,0.011679360302624,1.3275047885048596,0.018028818,4.2997466514308496
685065155072248192,,18.86,,1.903199380534672,0.0143176200719224,14.072539771772048,0.0100207995773056,6.215198480946788,0.019754883,8.040571379404591
685235991691684352,,,,1.959624314323398,0.0141849867059055,12.728816782085136,0.0100049245851578,13.262380934969435,0.017555151,8.342133596027578
685749360542215296,,,,0.7791645044817304,0.0142184864345638,11.06572830250868,0.0100478730207851,4.75347930516445,0.019678423,4.44926759183984
6857756246957592320,1300.0,,20.7378,1.101708581667893,0.0147392087317855,12.93922986885222,0.0103055311439385,3.5127309728672187,0.024219224,5.668133811742786
6858088299469303168,11000.0,,,1.0531435586352735,0.0149178216170038,14.553265036230584,0.0104276345824996,0.9290465203151416,0.0633,4.411779978066461
685818492336147072,,24.4,,2.1747539474510043,0.0143269672755907,15.106728868132786,0.0100280677805066,6.023989273913602,0.031410757,9.00322063356192
685979983106267136,,18.89,18.3607,2.1164162698846085,0.01436311675994,14.671873112442992,0.0100231433346326,6.234474605874625,0.024278287,8.646617843163622
6860535606196306304,,,,0.7891056354669804,0.0173253046793832,10.274250500202053,0.0120814071967845,4.380341882007346,0.01437024,3.4817091580508563
686230534318440960,,38.88,,2.4347642708416544,0.0146932031807966,15.435150334610324,0.0100277762292495,7.325826708005873,0.04201165,9.759369946823636
6868476691490044672,,,,0.9910239823275911,0.0150094438215562,11.762504336214212,0.0105306314130709,5.3067995540196256,0.012285599,5.386305649821361
686996756484129664,2710.0,,,0.8258066,0.0141833066143724,7.898468,0.0100028607957217,20.601959815516857,0.030126292,4.467591647995648
6888469489370835840,9500.0,,,0.8127823684477492,0.0142799089000927,11.017370057639887,0.0100803574567818,4.374163743353721,0.026258769,4.221416564279645
689268759823937280,,,19.1964,0.9611187768285304,0.0142893054515628,12.84397004616879,0.0100768036584234,3.1010147179585443,0.019201897,5.298665160755844
690025807939789184,,,,0.7596563155807434,0.0141988749203045,10.299337440661516,0.0100339378054635,6.2382500796904665,0.019256204,4.275445046083409
690310993768911104,,,,1.120901295932581,0.0141999943490527,12.31086535808912,0.0100318258923397,4.9905581068850715,0.016065747,5.801622875429302
6910753016653587840,1800.0,,20.8735,1.2215567,0.0142325236375798,9.491504,0.0100078177627294,19.92131674286539,0.017034205,5.988268390274293
6911950900211768704,,,,0.7770968722539753,0.1137927469769607,16.413827537550574,0.0297455786491768,5.26731135247209,0.04574113,10.021632225328458
702295464353437952,,,,0.7479390170304087,0.0141779914737415,10.37765523316463,0.0100190534546653,4.361842817370753,0.019515997,3.5749210668239133
704967037090946688,10000.0,,,1.0086718,0.0141876740069963,5.732681,0.0100069671927967,79.48602575718161,0.042877857,5.23425393945863
709709093301608448,3100.0,,11.7,0.7799991287895661,0.014218324120654,10.046113359963602,0.0100446184130409,4.093281193155611,0.01494442,3.108240747938936
713135102814770432,3200.0,,,0.7503489788755668,0.0141505828785471,7.906678999837342,0.0100035040092288,12.849159076989354,0.03292566,3.452462883329951
726500525642401536,11200.0,,,0.8040368093347522,0.0160532061029481,11.761475577397384,0.0112457503465222,3.1257942824225635,0.026623458,4.233510977279481
727624020367528576,4440.0,,,0.6457332257960223,0.01643604881536,9.955042940806443,0.0100296384477552,4.617162811957186,0.015844272,3.277610345552908
729899906357408768,1300.0,,,0.764770501650355,0.0141604856743063,9.039897616373196,0.0100050118947689,12.184032874643645,0.01712876,4.469008160498104
732857558276385664,12400.0,,,1.6766849,0.0141892295635096,7.7352266,0.0100050899268903,84.21188825244894,0.025834568,7.362007417799362
733540939112687104,,,,2.8123083,0.0144289949824843,13.899928,0.0100178278336599,18.10059096391305,0.017781457,10.188419669641496
734156218947945216,2600.0,,,0.7029272243156749,0.0142604048331903,11.22000008633188,0.0100711026229725,2.1376701728623373,0.02085441,2.8700363739491994
741184091114529792,7900.0,,,0.80541325,0.0142107900899218,6.3150477,0.0100024550698112,30.024644229036667,0.020527922,3.702462433807749
746545172372256384,,,,0.84054756,0.0143739763276877,5.2049575,0.0100152666642746,67.03405720003026,0.09214865,4.335819556824616
747266452000257280,7600.0,,,1.1324434,0.0141534869232696,7.286231,0.01000066115001,54.70308222938187,0.029483998,5.976149678094351
749676822006222464,,,,0.848510768113098,0.0141642497787686,9.80407117118943,0.010002009983311,10.303213534903144,0.013837612,4.868871839306751
750888548244441344,650.0,,7.0309,0.7573390791285242,0.0142387283157839,9.985880667632944,0.0100104343936791,7.648512547415566,0.014295876,4.403399778958308
753585104807022080,,,,2.3897448,0.014222715428875,11.720614,0.0100092880367589,53.92282101053706,0.026753344,10.379632118671571
761300339243646848,,,,0.83894825,0.0141621161470304,8.818791,0.0100014540969647,16.100517315058774,0.018703124,4.852918116183293
76868614540049408,,1.0775,1.9575,3.188181,0.0144132034406577,10.681062,0.010033616090842,223.7926022099055,0.069856286,12.4302410739197
770622651659107712,,,15.968,0.8491505414547574,0.0144293677094232,11.552349075079428,0.01004355867315,3.564370552089549,0.022835603,4.312938255192293
772430527947893632,,,,2.778369,0.0143292476625033,10.582106,0.0100109750000995,90.7408427041666,0.025770951,10.37118289416346
777254360337133312,,,,0.7958617,0.0144611569864712,4.866588,0.0100254585315986,72.04285009116398,0.097399384,4.154232774410765
778052193462283648,5100.0,,,0.8139262,0.0141520961653783,8.101935,0.0100026113783721,22.378240786705348,0.032888904,4.851297046049341
781641961487762816,,,,1.4716778901261092,0.0142647267634258,7.717902768303874,0.0100735430944592,1.8232105195661672,0.024829134,-0.9759286773971017
781999921242524160,,,,1.6559273842692317,0.0142677271237189,6.878193952998604,0.0100731976633561,1.899669735080008,0.021640433,-1.7283817745302184
784227772318969472,,,,1.1388433747030202,0.0141678783729131,7.3895440511880945,0.0100068394633198,7.04043531078435,0.027545933,1.626206345502741
784983789642216320,,,11.1415,1.301202987314939,0.0142173913035163,11.285887659543553,0.0100173656365983,11.197908600213344,0.02482521,6.531578717255938
786834302080370304,,117.55,,3.1420429999999993,0.0142080956572823,11.684706,0.0100117790770231,124.38122891111097,0.05490648,12.158619984785268
788340461203094912,,,,1.5887728,0.0141590960108767,9.270674,0.0100025326907477,39.349788747766674,0.0146663785,7.245364317353586
790236569006916096,5417.0,,,1.0602484,0.0141462760906487,9.951004,0.0100012322783782,17.1544556785636,0.015783304,6.122568759950617
796063843195758208,7400.0,,,0.82047796,0.0141477690185616,8.094008,0.0100016132772968,18.60670771636576,0.0238952,4.441903610509778
796185407950360192,4100.0,,,2.4365358,0.014262481976403,11.943314,0.0100129471916054,35.01698512604358,0.028177034,9.66456058260266
796443724462555904,150.0,2.219,2.2222,3.088884999999999,0.0149569155420862,13.804367,0.0100282694113948,29.47430232005352,0.024312697,11.152019034809314
797597524475897600,,,,1.0567790990968058,0.0141570383266519,7.392214146700677,0.0100022197344814,7.932242938427313,0.03149736,1.8873613132996605
803285607362611840,800.0,,16.671,1.0111753360565114,0.0144298868033415,11.449275177115222,0.0100332237563211,6.726367226409046,0.019744582,5.588574853616269
804739952015901056,,,,0.6865792,0.0143132928390347,5.6076026,0.0100101559866209,25.970410535432674,0.04362463,2.680774500581544
806492023789218688,,,,0.6183346821297793,0.0141672797832095,9.766457830025171,0.0100136124107986,4.819496353308211,0.027193952,3.183830857458208
810069697186043264,,,,0.782446368402171,0.0141489169526124,9.161075744235625,0.010001201714845,12.507160037330884,0.013468777,4.646985351224501
818464227945910016,,,,1.166383883698633,0.0142146392665731,5.1202000044509,0.0100149182895524,11.850592677759003,0.06225326,0.4912509211113649
823228721067307392,,,,2.025219,0.0141546149301308,9.273227,0.0100036672837068,66.87891338239906,0.023013858,8.399510677199281
824017070904063104,,,1.3137,2.3496141,0.0143244321168175,10.614534,0.0100099413548293,45.897369026463515,0.018792477,8.923223234237046
844058831415683712,,,,1.154370698796521,0.0142516566824844,5.465131188257761,0.0100116212220923,9.212014069584296,0.033349983,0.286205899148225
845335158256083584,,,,1.096180933901305,0.0142067189047559,7.61733972069765,0.0100120952030839,8.195211992326973,0.01805351,2.185638606176635
846946629987527168,,,,0.9790447242274544,0.0141496747730453,9.525177076066493,0.0100018594179406,12.30147137594609,0.015540047,4.975182609177441
852608874351434752,4660.0,,,0.7023450968383047,0.0143965236200596,12.857473472652352,0.010149353668964,1.1062002508722726,0.01374066,3.0785502770689845
852857845015534080,,,,0.754499469350022,0.0141519070182915,10.313793502705003,0.0100024397640543,6.320694677555376,0.014809847,4.315772759360028
861975270310252416,4200.0,,,0.8718977908088547,0.014162328031768,10.883770922392705,0.0100075433068663,4.0661874518389265,0.015572179,3.929299046994986
869913435026514688,6700.0,,14.6341,1.4177631760833544,0.0143866674590768,10.99076910176699,0.0100290325109986,14.039960548036948,0.017639995,6.727577318799195
875071278432954240,414.0,,6.6042,0.8535037,0.0143874732330062,6.7371826,0.0100144242974766,44.722496211198234,0.022750994,4.9897742704999235
876608292608416512,4500.0,,,0.7804352910698498,0.0149078152742596,12.354128772358624,0.0104822766306195,1.8310560000296543,0.015878059,3.663560564324257
877846136542812160,1450.0,,,0.6460769311151742,0.0141754915298645,7.935511285205502,0.0100047160484684,13.110213385146196,0.028857127,3.522876784702408
886479673643853952,1220.0,,,1.391686714085507,0.0148582745195363,4.019434180904274,0.0100643495380855,8.364136649272213,0.15906294,-1.3687984750229765
893550942158776832,,,,0.5788361036622371,0.0144126714631161,11.00939473556781,0.0101530703459679,2.557759699181991,0.019531319,3.0476005039224514
898130030131443584,,,,0.6598674146713348,0.0147181011261923,12.116618223427803,0.0103626414144029,2.193230706281586,0.014048763,3.819694792240377
898844639674672640,500.0,,,1.2775459,0.014303803549393,9.197407,0.0100077040003461,30.73806405102268,0.018102955,6.635591595665137
902448598271728256,3400.0,,,0.740027725824405,0.014163550385528,10.181236237301349,0.0100115825872017,5.397950164216904,0.017876023,3.842849056169402
920308932010648448,,,,0.9238465489488524,0.0142614118606901,11.93150302668437,0.0100472095499539,3.688480747410661,0.017323451,4.764777427384331
934346740559239296,7100.0,,,0.9690993562689614,0.0141689029600457,10.926067010886708,0.0100034375181247,6.70464951863457,0.015084642,5.059230339008117
934346809278715776,,,,0.9974143132662155,0.0141877648743406,10.969796893140542,0.0100037538195163,6.692395486337614,0.015762223,5.097874118936572
939072613334579328,6800.0,,,2.5611715,0.0142144543228182,8.863551,0.0100191395985429,179.11073891259636,0.027963677,10.129157153063144
94468978202180352,5600.0,,,0.8587761,0.0141639365795751,9.0334635,0.0100023468682555,14.89473923188685,0.015458979,4.8986733063837615
951427000863064192,,,,0.87969923,0.0141829024517192,7.929907,0.0100025927146306,23.356900461390097,0.021762641,4.771758628865696
955758320761687680,,,,0.88486004,0.0141767413993007,7.711583,0.0100026885571826,21.3269058194264,0.028470334,4.355514728536323
95652018353917056,,,,0.8690858,0.0142571649640215,6.1095624,0.0100056363729877,30.192031786700955,0.0401986,3.509515791235928
959971546241608576,2390.0,,,0.7147002277676289,0.0141609418396972,7.908807052248569,0.0100045847892222,11.710318533292291,0.034560822,3.2523201628892124
961428192989499904,,,,0.70519876,0.0141959148746117,6.615367,0.0100040106608797,29.467366317529713,0.021254102,3.961948480506571
96530596864007552,,,,1.4150334713136914,0.016044475775196,8.766248797739715,0.0112244100690885,0.8698133811176302,0.01762641,-1.5333003865325452
970354749937140736,,104.6,,3.404712,0.0142913035802395,12.681532,0.0100272823042862,104.97991202103265,0.034662623,12.787082155508571
978086481343568128,7080.0,,,2.0954456,0.0142091927838237,11.393926,0.0100328729638564,28.078450138567455,0.02421634,8.635501603896275
990291507088739072,,,,0.6323961395601495,0.0147466413687124,10.475022224728711,0.0103890122504308,3.805573832799732,0.015638331,3.3768844224876453
995754258812449024,3200.0,,,0.7221486094780472,0.015288200843455,11.384389807090022,0.0107277865464265,3.00376863028689,0.015322387,3.772517322552675
996878131494639488,7100.0,,,1.845713095893723,0.014774698113503,14.103325696513672,0.0103475523526731,5.637689711039204,0.021402879,7.85800192051004
